algorithm,snr_db,trial,detected,n_candidates,threshold
sq_det,-12,0,0,0,3.4031667709350586
tfmf_1block,-12,0,0,13,12.746935844421387
tfmf_2block,-12,0,0,12,12.793116569519043
tfmf_2block_k2,-12,0,0,5,12.832636833190918
tfmf_2block_k4,-12,0,0,4,12.898365020751953
tfmf_2block_k7,-12,0,0,4,12.898113250732422
sq_det,-12,1,0,1,3.4031667709350586
tfmf_1block,-12,1,0,16,12.746935844421387
tfmf_2block,-12,1,0,11,12.793116569519043
tfmf_2block_k2,-12,1,0,10,12.832636833190918
tfmf_2block_k4,-12,1,0,8,12.898365020751953
tfmf_2block_k7,-12,1,0,11,12.898113250732422
sq_det,-12,2,0,0,3.4031667709350586
tfmf_1block,-12,2,0,20,12.746935844421387
tfmf_2block,-12,2,0,14,12.793116569519043
tfmf_2block_k2,-12,2,0,11,12.832636833190918
tfmf_2block_k4,-12,2,0,10,12.898365020751953
tfmf_2block_k7,-12,2,0,8,12.898113250732422
sq_det,-12,3,0,0,3.4031667709350586
tfmf_1block,-12,3,0,15,12.746935844421387
tfmf_2block,-12,3,0,11,12.793116569519043
tfmf_2block_k2,-12,3,0,13,12.832636833190918
tfmf_2block_k4,-12,3,0,2,12.898365020751953
tfmf_2block_k7,-12,3,0,4,12.898113250732422
sq_det,-12,4,0,0,3.4031667709350586
tfmf_1block,-12,4,0,7,12.746935844421387
tfmf_2block,-12,4,0,8,12.793116569519043
tfmf_2block_k2,-12,4,0,6,12.832636833190918
tfmf_2block_k4,-12,4,0,5,12.898365020751953
tfmf_2block_k7,-12,4,0,6,12.898113250732422
sq_det,-12,5,0,0,3.4031667709350586
tfmf_1block,-12,5,0,15,12.746935844421387
tfmf_2block,-12,5,0,10,12.793116569519043
tfmf_2block_k2,-12,5,0,14,12.832636833190918
tfmf_2block_k4,-12,5,0,6,12.898365020751953
tfmf_2block_k7,-12,5,0,6,12.898113250732422
sq_det,-12,6,0,0,3.4031667709350586
tfmf_1block,-12,6,0,12,12.746935844421387
tfmf_2block,-12,6,0,15,12.793116569519043
tfmf_2block_k2,-12,6,0,10,12.832636833190918
tfmf_2block_k4,-12,6,0,9,12.898365020751953
tfmf_2block_k7,-12,6,0,5,12.898113250732422
sq_det,-12,7,0,0,3.4031667709350586
tfmf_1block,-12,7,0,11,12.746935844421387
tfmf_2block,-12,7,0,5,12.793116569519043
tfmf_2block_k2,-12,7,0,8,12.832636833190918
tfmf_2block_k4,-12,7,0,8,12.898365020751953
tfmf_2block_k7,-12,7,0,5,12.898113250732422
sq_det,-12,8,0,0,3.4031667709350586
tfmf_1block,-12,8,0,16,12.746935844421387
tfmf_2block,-12,8,0,13,12.793116569519043
tfmf_2block_k2,-12,8,0,8,12.832636833190918
tfmf_2block_k4,-12,8,0,11,12.898365020751953
tfmf_2block_k7,-12,8,0,7,12.898113250732422
sq_det,-12,9,0,0,3.4031667709350586
tfmf_1block,-12,9,0,7,12.746935844421387
tfmf_2block,-12,9,0,7,12.793116569519043
tfmf_2block_k2,-12,9,0,7,12.832636833190918
tfmf_2block_k4,-12,9,0,12,12.898365020751953
tfmf_2block_k7,-12,9,0,9,12.898113250732422
sq_det,-12,10,0,0,3.4031667709350586
tfmf_1block,-12,10,0,7,12.746935844421387
tfmf_2block,-12,10,0,11,12.793116569519043
tfmf_2block_k2,-12,10,0,10,12.832636833190918
tfmf_2block_k4,-12,10,0,8,12.898365020751953
tfmf_2block_k7,-12,10,0,14,12.898113250732422
sq_det,-12,11,0,0,3.4031667709350586
tfmf_1block,-12,11,0,15,12.746935844421387
tfmf_2block,-12,11,0,12,12.793116569519043
tfmf_2block_k2,-12,11,0,8,12.832636833190918
tfmf_2block_k4,-12,11,0,12,12.898365020751953
tfmf_2block_k7,-12,11,0,6,12.898113250732422
sq_det,-12,12,0,0,3.4031667709350586
tfmf_1block,-12,12,0,10,12.746935844421387
tfmf_2block,-12,12,0,10,12.793116569519043
tfmf_2block_k2,-12,12,0,9,12.832636833190918
tfmf_2block_k4,-12,12,0,8,12.898365020751953
tfmf_2block_k7,-12,12,0,8,12.898113250732422
sq_det,-12,13,0,0,3.4031667709350586
tfmf_1block,-12,13,0,13,12.746935844421387
tfmf_2block,-12,13,0,6,12.793116569519043
tfmf_2block_k2,-12,13,0,10,12.832636833190918
tfmf_2block_k4,-12,13,0,8,12.898365020751953
tfmf_2block_k7,-12,13,0,10,12.898113250732422
sq_det,-12,14,0,0,3.4031667709350586
tfmf_1block,-12,14,0,8,12.746935844421387
tfmf_2block,-12,14,0,13,12.793116569519043
tfmf_2block_k2,-12,14,0,12,12.832636833190918
tfmf_2block_k4,-12,14,0,5,12.898365020751953
tfmf_2block_k7,-12,14,0,11,12.898113250732422
sq_det,-12,15,0,0,3.4031667709350586
tfmf_1block,-12,15,0,15,12.746935844421387
tfmf_2block,-12,15,0,11,12.793116569519043
tfmf_2block_k2,-12,15,0,9,12.832636833190918
tfmf_2block_k4,-12,15,0,7,12.898365020751953
tfmf_2block_k7,-12,15,0,14,12.898113250732422
sq_det,-12,16,0,0,3.4031667709350586
tfmf_1block,-12,16,0,11,12.746935844421387
tfmf_2block,-12,16,0,9,12.793116569519043
tfmf_2block_k2,-12,16,0,10,12.832636833190918
tfmf_2block_k4,-12,16,0,4,12.898365020751953
tfmf_2block_k7,-12,16,0,8,12.898113250732422
sq_det,-12,17,0,0,3.4031667709350586
tfmf_1block,-12,17,0,11,12.746935844421387
tfmf_2block,-12,17,0,6,12.793116569519043
tfmf_2block_k2,-12,17,0,10,12.832636833190918
tfmf_2block_k4,-12,17,0,10,12.898365020751953
tfmf_2block_k7,-12,17,0,7,12.898113250732422
sq_det,-12,18,0,0,3.4031667709350586
tfmf_1block,-12,18,0,15,12.746935844421387
tfmf_2block,-12,18,0,13,12.793116569519043
tfmf_2block_k2,-12,18,0,12,12.832636833190918
tfmf_2block_k4,-12,18,0,11,12.898365020751953
tfmf_2block_k7,-12,18,0,4,12.898113250732422
sq_det,-12,19,0,0,3.4031667709350586
tfmf_1block,-12,19,0,7,12.746935844421387
tfmf_2block,-12,19,0,9,12.793116569519043
tfmf_2block_k2,-12,19,0,8,12.832636833190918
tfmf_2block_k4,-12,19,0,7,12.898365020751953
tfmf_2block_k7,-12,19,0,9,12.898113250732422
sq_det,-12,20,0,0,3.4031667709350586
tfmf_1block,-12,20,0,15,12.746935844421387
tfmf_2block,-12,20,0,8,12.793116569519043
tfmf_2block_k2,-12,20,0,12,12.832636833190918
tfmf_2block_k4,-12,20,0,5,12.898365020751953
tfmf_2block_k7,-12,20,0,3,12.898113250732422
sq_det,-12,21,0,0,3.4031667709350586
tfmf_1block,-12,21,0,13,12.746935844421387
tfmf_2block,-12,21,0,10,12.793116569519043
tfmf_2block_k2,-12,21,0,9,12.832636833190918
tfmf_2block_k4,-12,21,0,4,12.898365020751953
tfmf_2block_k7,-12,21,0,5,12.898113250732422
sq_det,-12,22,0,1,3.4031667709350586
tfmf_1block,-12,22,0,9,12.746935844421387
tfmf_2block,-12,22,0,8,12.793116569519043
tfmf_2block_k2,-12,22,0,7,12.832636833190918
tfmf_2block_k4,-12,22,0,8,12.898365020751953
tfmf_2block_k7,-12,22,0,8,12.898113250732422
sq_det,-12,23,0,0,3.4031667709350586
tfmf_1block,-12,23,0,16,12.746935844421387
tfmf_2block,-12,23,0,10,12.793116569519043
tfmf_2block_k2,-12,23,0,7,12.832636833190918
tfmf_2block_k4,-12,23,0,8,12.898365020751953
tfmf_2block_k7,-12,23,0,6,12.898113250732422
sq_det,-12,24,0,0,3.4031667709350586
tfmf_1block,-12,24,0,14,12.746935844421387
tfmf_2block,-12,24,0,7,12.793116569519043
tfmf_2block_k2,-12,24,0,10,12.832636833190918
tfmf_2block_k4,-12,24,0,4,12.898365020751953
tfmf_2block_k7,-12,24,0,4,12.898113250732422
sq_det,-12,25,0,0,3.4031667709350586
tfmf_1block,-12,25,0,12,12.746935844421387
tfmf_2block,-12,25,0,12,12.793116569519043
tfmf_2block_k2,-12,25,0,7,12.832636833190918
tfmf_2block_k4,-12,25,0,6,12.898365020751953
tfmf_2block_k7,-12,25,0,9,12.898113250732422
sq_det,-12,26,0,0,3.4031667709350586
tfmf_1block,-12,26,0,7,12.746935844421387
tfmf_2block,-12,26,0,8,12.793116569519043
tfmf_2block_k2,-12,26,0,8,12.832636833190918
tfmf_2block_k4,-12,26,0,10,12.898365020751953
tfmf_2block_k7,-12,26,0,6,12.898113250732422
sq_det,-12,27,0,0,3.4031667709350586
tfmf_1block,-12,27,0,13,12.746935844421387
tfmf_2block,-12,27,0,13,12.793116569519043
tfmf_2block_k2,-12,27,0,9,12.832636833190918
tfmf_2block_k4,-12,27,0,9,12.898365020751953
tfmf_2block_k7,-12,27,0,8,12.898113250732422
sq_det,-12,28,0,0,3.4031667709350586
tfmf_1block,-12,28,0,11,12.746935844421387
tfmf_2block,-12,28,0,11,12.793116569519043
tfmf_2block_k2,-12,28,0,9,12.832636833190918
tfmf_2block_k4,-12,28,0,9,12.898365020751953
tfmf_2block_k7,-12,28,0,12,12.898113250732422
sq_det,-12,29,0,0,3.4031667709350586
tfmf_1block,-12,29,0,15,12.746935844421387
tfmf_2block,-12,29,0,9,12.793116569519043
tfmf_2block_k2,-12,29,0,13,12.832636833190918
tfmf_2block_k4,-12,29,0,9,12.898365020751953
tfmf_2block_k7,-12,29,0,10,12.898113250732422
sq_det,-12,30,0,0,3.4031667709350586
tfmf_1block,-12,30,0,12,12.746935844421387
tfmf_2block,-12,30,0,7,12.793116569519043
tfmf_2block_k2,-12,30,0,9,12.832636833190918
tfmf_2block_k4,-12,30,0,4,12.898365020751953
tfmf_2block_k7,-12,30,0,2,12.898113250732422
sq_det,-12,31,0,0,3.4031667709350586
tfmf_1block,-12,31,0,15,12.746935844421387
tfmf_2block,-12,31,0,14,12.793116569519043
tfmf_2block_k2,-12,31,0,10,12.832636833190918
tfmf_2block_k4,-12,31,0,10,12.898365020751953
tfmf_2block_k7,-12,31,0,3,12.898113250732422
sq_det,-12,32,0,2,3.4031667709350586
tfmf_1block,-12,32,0,12,12.746935844421387
tfmf_2block,-12,32,0,7,12.793116569519043
tfmf_2block_k2,-12,32,0,12,12.832636833190918
tfmf_2block_k4,-12,32,0,5,12.898365020751953
tfmf_2block_k7,-12,32,0,6,12.898113250732422
sq_det,-12,33,0,0,3.4031667709350586
tfmf_1block,-12,33,0,7,12.746935844421387
tfmf_2block,-12,33,0,10,12.793116569519043
tfmf_2block_k2,-12,33,0,10,12.832636833190918
tfmf_2block_k4,-12,33,0,10,12.898365020751953
tfmf_2block_k7,-12,33,0,10,12.898113250732422
sq_det,-12,34,0,0,3.4031667709350586
tfmf_1block,-12,34,0,12,12.746935844421387
tfmf_2block,-12,34,0,12,12.793116569519043
tfmf_2block_k2,-12,34,0,5,12.832636833190918
tfmf_2block_k4,-12,34,0,9,12.898365020751953
tfmf_2block_k7,-12,34,0,7,12.898113250732422
sq_det,-12,35,0,0,3.4031667709350586
tfmf_1block,-12,35,0,10,12.746935844421387
tfmf_2block,-12,35,0,11,12.793116569519043
tfmf_2block_k2,-12,35,0,5,12.832636833190918
tfmf_2block_k4,-12,35,0,5,12.898365020751953
tfmf_2block_k7,-12,35,0,9,12.898113250732422
sq_det,-12,36,0,0,3.4031667709350586
tfmf_1block,-12,36,0,15,12.746935844421387
tfmf_2block,-12,36,0,5,12.793116569519043
tfmf_2block_k2,-12,36,0,13,12.832636833190918
tfmf_2block_k4,-12,36,0,2,12.898365020751953
tfmf_2block_k7,-12,36,0,6,12.898113250732422
sq_det,-12,37,0,1,3.4031667709350586
tfmf_1block,-12,37,0,7,12.746935844421387
tfmf_2block,-12,37,0,18,12.793116569519043
tfmf_2block_k2,-12,37,0,10,12.832636833190918
tfmf_2block_k4,-12,37,0,7,12.898365020751953
tfmf_2block_k7,-12,37,0,9,12.898113250732422
sq_det,-12,38,0,0,3.4031667709350586
tfmf_1block,-12,38,0,12,12.746935844421387
tfmf_2block,-12,38,0,11,12.793116569519043
tfmf_2block_k2,-12,38,0,6,12.832636833190918
tfmf_2block_k4,-12,38,0,9,12.898365020751953
tfmf_2block_k7,-12,38,0,8,12.898113250732422
sq_det,-12,39,0,0,3.4031667709350586
tfmf_1block,-12,39,0,9,12.746935844421387
tfmf_2block,-12,39,0,9,12.793116569519043
tfmf_2block_k2,-12,39,0,9,12.832636833190918
tfmf_2block_k4,-12,39,0,7,12.898365020751953
tfmf_2block_k7,-12,39,0,10,12.898113250732422
sq_det,-12,40,0,0,3.4031667709350586
tfmf_1block,-12,40,0,9,12.746935844421387
tfmf_2block,-12,40,0,10,12.793116569519043
tfmf_2block_k2,-12,40,0,6,12.832636833190918
tfmf_2block_k4,-12,40,0,8,12.898365020751953
tfmf_2block_k7,-12,40,0,9,12.898113250732422
sq_det,-12,41,0,0,3.4031667709350586
tfmf_1block,-12,41,0,9,12.746935844421387
tfmf_2block,-12,41,0,7,12.793116569519043
tfmf_2block_k2,-12,41,0,8,12.832636833190918
tfmf_2block_k4,-12,41,0,8,12.898365020751953
tfmf_2block_k7,-12,41,0,7,12.898113250732422
sq_det,-12,42,0,0,3.4031667709350586
tfmf_1block,-12,42,0,16,12.746935844421387
tfmf_2block,-12,42,0,3,12.793116569519043
tfmf_2block_k2,-12,42,0,12,12.832636833190918
tfmf_2block_k4,-12,42,0,10,12.898365020751953
tfmf_2block_k7,-12,42,0,4,12.898113250732422
sq_det,-12,43,0,0,3.4031667709350586
tfmf_1block,-12,43,0,12,12.746935844421387
tfmf_2block,-12,43,0,6,12.793116569519043
tfmf_2block_k2,-12,43,0,2,12.832636833190918
tfmf_2block_k4,-12,43,0,1,12.898365020751953
tfmf_2block_k7,-12,43,0,3,12.898113250732422
sq_det,-12,44,0,0,3.4031667709350586
tfmf_1block,-12,44,0,15,12.746935844421387
tfmf_2block,-12,44,0,10,12.793116569519043
tfmf_2block_k2,-12,44,0,8,12.832636833190918
tfmf_2block_k4,-12,44,0,12,12.898365020751953
tfmf_2block_k7,-12,44,0,8,12.898113250732422
sq_det,-12,45,0,0,3.4031667709350586
tfmf_1block,-12,45,0,15,12.746935844421387
tfmf_2block,-12,45,0,11,12.793116569519043
tfmf_2block_k2,-12,45,0,7,12.832636833190918
tfmf_2block_k4,-12,45,0,9,12.898365020751953
tfmf_2block_k7,-12,45,0,8,12.898113250732422
sq_det,-12,46,0,0,3.4031667709350586
tfmf_1block,-12,46,0,5,12.746935844421387
tfmf_2block,-12,46,0,13,12.793116569519043
tfmf_2block_k2,-12,46,0,10,12.832636833190918
tfmf_2block_k4,-12,46,0,10,12.898365020751953
tfmf_2block_k7,-12,46,0,9,12.898113250732422
sq_det,-12,47,0,0,3.4031667709350586
tfmf_1block,-12,47,0,18,12.746935844421387
tfmf_2block,-12,47,0,14,12.793116569519043
tfmf_2block_k2,-12,47,0,10,12.832636833190918
tfmf_2block_k4,-12,47,0,4,12.898365020751953
tfmf_2block_k7,-12,47,0,12,12.898113250732422
sq_det,-12,48,0,0,3.4031667709350586
tfmf_1block,-12,48,0,7,12.746935844421387
tfmf_2block,-12,48,0,8,12.793116569519043
tfmf_2block_k2,-12,48,0,7,12.832636833190918
tfmf_2block_k4,-12,48,0,5,12.898365020751953
tfmf_2block_k7,-12,48,0,8,12.898113250732422
sq_det,-12,49,0,0,3.4031667709350586
tfmf_1block,-12,49,0,15,12.746935844421387
tfmf_2block,-12,49,0,8,12.793116569519043
tfmf_2block_k2,-12,49,0,5,12.832636833190918
tfmf_2block_k4,-12,49,0,15,12.898365020751953
tfmf_2block_k7,-12,49,0,11,12.898113250732422
sq_det,-11,0,0,0,3.4031667709350586
tfmf_1block,-11,0,0,10,12.746935844421387
tfmf_2block,-11,0,0,9,12.793116569519043
tfmf_2block_k2,-11,0,0,7,12.832636833190918
tfmf_2block_k4,-11,0,0,8,12.898365020751953
tfmf_2block_k7,-11,0,0,10,12.898113250732422
sq_det,-11,1,0,0,3.4031667709350586
tfmf_1block,-11,1,0,10,12.746935844421387
tfmf_2block,-11,1,0,11,12.793116569519043
tfmf_2block_k2,-11,1,0,14,12.832636833190918
tfmf_2block_k4,-11,1,0,7,12.898365020751953
tfmf_2block_k7,-11,1,0,4,12.898113250732422
sq_det,-11,2,0,1,3.4031667709350586
tfmf_1block,-11,2,0,17,12.746935844421387
tfmf_2block,-11,2,0,13,12.793116569519043
tfmf_2block_k2,-11,2,0,14,12.832636833190918
tfmf_2block_k4,-11,2,0,2,12.898365020751953
tfmf_2block_k7,-11,2,0,10,12.898113250732422
sq_det,-11,3,0,0,3.4031667709350586
tfmf_1block,-11,3,0,17,12.746935844421387
tfmf_2block,-11,3,0,17,12.793116569519043
tfmf_2block_k2,-11,3,0,3,12.832636833190918
tfmf_2block_k4,-11,3,0,6,12.898365020751953
tfmf_2block_k7,-11,3,0,2,12.898113250732422
sq_det,-11,4,0,0,3.4031667709350586
tfmf_1block,-11,4,0,21,12.746935844421387
tfmf_2block,-11,4,0,6,12.793116569519043
tfmf_2block_k2,-11,4,0,10,12.832636833190918
tfmf_2block_k4,-11,4,0,7,12.898365020751953
tfmf_2block_k7,-11,4,0,4,12.898113250732422
sq_det,-11,5,0,0,3.4031667709350586
tfmf_1block,-11,5,0,18,12.746935844421387
tfmf_2block,-11,5,0,17,12.793116569519043
tfmf_2block_k2,-11,5,0,3,12.832636833190918
tfmf_2block_k4,-11,5,0,5,12.898365020751953
tfmf_2block_k7,-11,5,0,10,12.898113250732422
sq_det,-11,6,0,0,3.4031667709350586
tfmf_1block,-11,6,0,14,12.746935844421387
tfmf_2block,-11,6,0,7,12.793116569519043
tfmf_2block_k2,-11,6,0,8,12.832636833190918
tfmf_2block_k4,-11,6,0,5,12.898365020751953
tfmf_2block_k7,-11,6,0,7,12.898113250732422
sq_det,-11,7,0,1,3.4031667709350586
tfmf_1block,-11,7,0,11,12.746935844421387
tfmf_2block,-11,7,0,12,12.793116569519043
tfmf_2block_k2,-11,7,0,13,12.832636833190918
tfmf_2block_k4,-11,7,0,5,12.898365020751953
tfmf_2block_k7,-11,7,0,8,12.898113250732422
sq_det,-11,8,0,0,3.4031667709350586
tfmf_1block,-11,8,0,12,12.746935844421387
tfmf_2block,-11,8,0,10,12.793116569519043
tfmf_2block_k2,-11,8,0,7,12.832636833190918
tfmf_2block_k4,-11,8,0,4,12.898365020751953
tfmf_2block_k7,-11,8,0,8,12.898113250732422
sq_det,-11,9,0,0,3.4031667709350586
tfmf_1block,-11,9,0,11,12.746935844421387
tfmf_2block,-11,9,0,12,12.793116569519043
tfmf_2block_k2,-11,9,0,15,12.832636833190918
tfmf_2block_k4,-11,9,0,4,12.898365020751953
tfmf_2block_k7,-11,9,0,9,12.898113250732422
sq_det,-11,10,0,0,3.4031667709350586
tfmf_1block,-11,10,0,14,12.746935844421387
tfmf_2block,-11,10,0,13,12.793116569519043
tfmf_2block_k2,-11,10,0,11,12.832636833190918
tfmf_2block_k4,-11,10,0,2,12.898365020751953
tfmf_2block_k7,-11,10,0,6,12.898113250732422
sq_det,-11,11,0,0,3.4031667709350586
tfmf_1block,-11,11,0,17,12.746935844421387
tfmf_2block,-11,11,0,10,12.793116569519043
tfmf_2block_k2,-11,11,0,12,12.832636833190918
tfmf_2block_k4,-11,11,0,8,12.898365020751953
tfmf_2block_k7,-11,11,0,16,12.898113250732422
sq_det,-11,12,0,0,3.4031667709350586
tfmf_1block,-11,12,0,6,12.746935844421387
tfmf_2block,-11,12,0,16,12.793116569519043
tfmf_2block_k2,-11,12,0,14,12.832636833190918
tfmf_2block_k4,-11,12,0,8,12.898365020751953
tfmf_2block_k7,-11,12,0,9,12.898113250732422
sq_det,-11,13,0,0,3.4031667709350586
tfmf_1block,-11,13,0,14,12.746935844421387
tfmf_2block,-11,13,0,11,12.793116569519043
tfmf_2block_k2,-11,13,0,12,12.832636833190918
tfmf_2block_k4,-11,13,0,8,12.898365020751953
tfmf_2block_k7,-11,13,0,8,12.898113250732422
sq_det,-11,14,0,1,3.4031667709350586
tfmf_1block,-11,14,0,16,12.746935844421387
tfmf_2block,-11,14,0,16,12.793116569519043
tfmf_2block_k2,-11,14,0,7,12.832636833190918
tfmf_2block_k4,-11,14,0,6,12.898365020751953
tfmf_2block_k7,-11,14,0,6,12.898113250732422
sq_det,-11,15,0,0,3.4031667709350586
tfmf_1block,-11,15,0,8,12.746935844421387
tfmf_2block,-11,15,0,12,12.793116569519043
tfmf_2block_k2,-11,15,0,12,12.832636833190918
tfmf_2block_k4,-11,15,0,15,12.898365020751953
tfmf_2block_k7,-11,15,0,8,12.898113250732422
sq_det,-11,16,0,0,3.4031667709350586
tfmf_1block,-11,16,0,13,12.746935844421387
tfmf_2block,-11,16,0,14,12.793116569519043
tfmf_2block_k2,-11,16,0,12,12.832636833190918
tfmf_2block_k4,-11,16,0,11,12.898365020751953
tfmf_2block_k7,-11,16,0,6,12.898113250732422
sq_det,-11,17,0,0,3.4031667709350586
tfmf_1block,-11,17,0,9,12.746935844421387
tfmf_2block,-11,17,0,11,12.793116569519043
tfmf_2block_k2,-11,17,0,9,12.832636833190918
tfmf_2block_k4,-11,17,0,11,12.898365020751953
tfmf_2block_k7,-11,17,0,10,12.898113250732422
sq_det,-11,18,0,0,3.4031667709350586
tfmf_1block,-11,18,0,14,12.746935844421387
tfmf_2block,-11,18,0,7,12.793116569519043
tfmf_2block_k2,-11,18,0,15,12.832636833190918
tfmf_2block_k4,-11,18,0,8,12.898365020751953
tfmf_2block_k7,-11,18,0,9,12.898113250732422
sq_det,-11,19,0,0,3.4031667709350586
tfmf_1block,-11,19,0,16,12.746935844421387
tfmf_2block,-11,19,0,4,12.793116569519043
tfmf_2block_k2,-11,19,0,9,12.832636833190918
tfmf_2block_k4,-11,19,0,6,12.898365020751953
tfmf_2block_k7,-11,19,0,6,12.898113250732422
sq_det,-11,20,0,0,3.4031667709350586
tfmf_1block,-11,20,0,13,12.746935844421387
tfmf_2block,-11,20,0,7,12.793116569519043
tfmf_2block_k2,-11,20,0,10,12.832636833190918
tfmf_2block_k4,-11,20,0,4,12.898365020751953
tfmf_2block_k7,-11,20,0,13,12.898113250732422
sq_det,-11,21,0,0,3.4031667709350586
tfmf_1block,-11,21,0,15,12.746935844421387
tfmf_2block,-11,21,0,13,12.793116569519043
tfmf_2block_k2,-11,21,0,6,12.832636833190918
tfmf_2block_k4,-11,21,0,4,12.898365020751953
tfmf_2block_k7,-11,21,0,12,12.898113250732422
sq_det,-11,22,0,0,3.4031667709350586
tfmf_1block,-11,22,0,11,12.746935844421387
tfmf_2block,-11,22,0,8,12.793116569519043
tfmf_2block_k2,-11,22,0,10,12.832636833190918
tfmf_2block_k4,-11,22,0,12,12.898365020751953
tfmf_2block_k7,-11,22,0,5,12.898113250732422
sq_det,-11,23,0,0,3.4031667709350586
tfmf_1block,-11,23,0,11,12.746935844421387
tfmf_2block,-11,23,0,7,12.793116569519043
tfmf_2block_k2,-11,23,0,9,12.832636833190918
tfmf_2block_k4,-11,23,0,9,12.898365020751953
tfmf_2block_k7,-11,23,0,9,12.898113250732422
sq_det,-11,24,0,0,3.4031667709350586
tfmf_1block,-11,24,0,14,12.746935844421387
tfmf_2block,-11,24,0,15,12.793116569519043
tfmf_2block_k2,-11,24,0,10,12.832636833190918
tfmf_2block_k4,-11,24,0,4,12.898365020751953
tfmf_2block_k7,-11,24,0,7,12.898113250732422
sq_det,-11,25,0,0,3.4031667709350586
tfmf_1block,-11,25,0,11,12.746935844421387
tfmf_2block,-11,25,0,14,12.793116569519043
tfmf_2block_k2,-11,25,0,7,12.832636833190918
tfmf_2block_k4,-11,25,0,7,12.898365020751953
tfmf_2block_k7,-11,25,0,9,12.898113250732422
sq_det,-11,26,0,0,3.4031667709350586
tfmf_1block,-11,26,0,12,12.746935844421387
tfmf_2block,-11,26,0,10,12.793116569519043
tfmf_2block_k2,-11,26,0,8,12.832636833190918
tfmf_2block_k4,-11,26,0,6,12.898365020751953
tfmf_2block_k7,-11,26,0,7,12.898113250732422
sq_det,-11,27,0,0,3.4031667709350586
tfmf_1block,-11,27,0,6,12.746935844421387
tfmf_2block,-11,27,0,7,12.793116569519043
tfmf_2block_k2,-11,27,0,13,12.832636833190918
tfmf_2block_k4,-11,27,0,11,12.898365020751953
tfmf_2block_k7,-11,27,0,1,12.898113250732422
sq_det,-11,28,0,0,3.4031667709350586
tfmf_1block,-11,28,0,7,12.746935844421387
tfmf_2block,-11,28,0,10,12.793116569519043
tfmf_2block_k2,-11,28,0,10,12.832636833190918
tfmf_2block_k4,-11,28,0,10,12.898365020751953
tfmf_2block_k7,-11,28,0,9,12.898113250732422
sq_det,-11,29,0,0,3.4031667709350586
tfmf_1block,-11,29,0,10,12.746935844421387
tfmf_2block,-11,29,0,12,12.793116569519043
tfmf_2block_k2,-11,29,0,8,12.832636833190918
tfmf_2block_k4,-11,29,0,9,12.898365020751953
tfmf_2block_k7,-11,29,0,4,12.898113250732422
sq_det,-11,30,0,0,3.4031667709350586
tfmf_1block,-11,30,0,12,12.746935844421387
tfmf_2block,-11,30,0,6,12.793116569519043
tfmf_2block_k2,-11,30,0,9,12.832636833190918
tfmf_2block_k4,-11,30,0,7,12.898365020751953
tfmf_2block_k7,-11,30,0,6,12.898113250732422
sq_det,-11,31,0,0,3.4031667709350586
tfmf_1block,-11,31,0,15,12.746935844421387
tfmf_2block,-11,31,0,10,12.793116569519043
tfmf_2block_k2,-11,31,0,8,12.832636833190918
tfmf_2block_k4,-11,31,0,10,12.898365020751953
tfmf_2block_k7,-11,31,0,3,12.898113250732422
sq_det,-11,32,0,0,3.4031667709350586
tfmf_1block,-11,32,0,13,12.746935844421387
tfmf_2block,-11,32,0,14,12.793116569519043
tfmf_2block_k2,-11,32,0,8,12.832636833190918
tfmf_2block_k4,-11,32,0,5,12.898365020751953
tfmf_2block_k7,-11,32,0,9,12.898113250732422
sq_det,-11,33,0,0,3.4031667709350586
tfmf_1block,-11,33,0,16,12.746935844421387
tfmf_2block,-11,33,0,11,12.793116569519043
tfmf_2block_k2,-11,33,0,6,12.832636833190918
tfmf_2block_k4,-11,33,0,8,12.898365020751953
tfmf_2block_k7,-11,33,0,7,12.898113250732422
sq_det,-11,34,0,0,3.4031667709350586
tfmf_1block,-11,34,0,10,12.746935844421387
tfmf_2block,-11,34,0,16,12.793116569519043
tfmf_2block_k2,-11,34,0,14,12.832636833190918
tfmf_2block_k4,-11,34,0,6,12.898365020751953
tfmf_2block_k7,-11,34,0,8,12.898113250732422
sq_det,-11,35,0,0,3.4031667709350586
tfmf_1block,-11,35,0,13,12.746935844421387
tfmf_2block,-11,35,0,14,12.793116569519043
tfmf_2block_k2,-11,35,0,5,12.832636833190918
tfmf_2block_k4,-11,35,0,13,12.898365020751953
tfmf_2block_k7,-11,35,0,4,12.898113250732422
sq_det,-11,36,0,0,3.4031667709350586
tfmf_1block,-11,36,0,15,12.746935844421387
tfmf_2block,-11,36,0,5,12.793116569519043
tfmf_2block_k2,-11,36,0,7,12.832636833190918
tfmf_2block_k4,-11,36,0,9,12.898365020751953
tfmf_2block_k7,-11,36,0,9,12.898113250732422
sq_det,-11,37,0,0,3.4031667709350586
tfmf_1block,-11,37,0,10,12.746935844421387
tfmf_2block,-11,37,0,6,12.793116569519043
tfmf_2block_k2,-11,37,0,5,12.832636833190918
tfmf_2block_k4,-11,37,0,2,12.898365020751953
tfmf_2block_k7,-11,37,0,8,12.898113250732422
sq_det,-11,38,0,0,3.4031667709350586
tfmf_1block,-11,38,0,10,12.746935844421387
tfmf_2block,-11,38,0,4,12.793116569519043
tfmf_2block_k2,-11,38,0,12,12.832636833190918
tfmf_2block_k4,-11,38,0,7,12.898365020751953
tfmf_2block_k7,-11,38,0,9,12.898113250732422
sq_det,-11,39,0,0,3.4031667709350586
tfmf_1block,-11,39,0,12,12.746935844421387
tfmf_2block,-11,39,0,12,12.793116569519043
tfmf_2block_k2,-11,39,0,7,12.832636833190918
tfmf_2block_k4,-11,39,0,10,12.898365020751953
tfmf_2block_k7,-11,39,0,8,12.898113250732422
sq_det,-11,40,0,1,3.4031667709350586
tfmf_1block,-11,40,0,11,12.746935844421387
tfmf_2block,-11,40,0,10,12.793116569519043
tfmf_2block_k2,-11,40,0,4,12.832636833190918
tfmf_2block_k4,-11,40,0,10,12.898365020751953
tfmf_2block_k7,-11,40,0,14,12.898113250732422
sq_det,-11,41,0,0,3.4031667709350586
tfmf_1block,-11,41,0,18,12.746935844421387
tfmf_2block,-11,41,0,7,12.793116569519043
tfmf_2block_k2,-11,41,0,15,12.832636833190918
tfmf_2block_k4,-11,41,0,6,12.898365020751953
tfmf_2block_k7,-11,41,0,5,12.898113250732422
sq_det,-11,42,0,0,3.4031667709350586
tfmf_1block,-11,42,0,16,12.746935844421387
tfmf_2block,-11,42,0,12,12.793116569519043
tfmf_2block_k2,-11,42,0,6,12.832636833190918
tfmf_2block_k4,-11,42,0,9,12.898365020751953
tfmf_2block_k7,-11,42,0,7,12.898113250732422
sq_det,-11,43,0,0,3.4031667709350586
tfmf_1block,-11,43,0,9,12.746935844421387
tfmf_2block,-11,43,0,6,12.793116569519043
tfmf_2block_k2,-11,43,0,8,12.832636833190918
tfmf_2block_k4,-11,43,0,8,12.898365020751953
tfmf_2block_k7,-11,43,0,11,12.898113250732422
sq_det,-11,44,0,0,3.4031667709350586
tfmf_1block,-11,44,0,10,12.746935844421387
tfmf_2block,-11,44,0,8,12.793116569519043
tfmf_2block_k2,-11,44,0,4,12.832636833190918
tfmf_2block_k4,-11,44,0,6,12.898365020751953
tfmf_2block_k7,-11,44,0,20,12.898113250732422
sq_det,-11,45,0,0,3.4031667709350586
tfmf_1block,-11,45,0,14,12.746935844421387
tfmf_2block,-11,45,0,10,12.793116569519043
tfmf_2block_k2,-11,45,0,11,12.832636833190918
tfmf_2block_k4,-11,45,0,9,12.898365020751953
tfmf_2block_k7,-11,45,0,10,12.898113250732422
sq_det,-11,46,0,0,3.4031667709350586
tfmf_1block,-11,46,0,9,12.746935844421387
tfmf_2block,-11,46,0,12,12.793116569519043
tfmf_2block_k2,-11,46,0,6,12.832636833190918
tfmf_2block_k4,-11,46,0,13,12.898365020751953
tfmf_2block_k7,-11,46,0,10,12.898113250732422
sq_det,-11,47,0,0,3.4031667709350586
tfmf_1block,-11,47,0,12,12.746935844421387
tfmf_2block,-11,47,0,9,12.793116569519043
tfmf_2block_k2,-11,47,0,8,12.832636833190918
tfmf_2block_k4,-11,47,0,11,12.898365020751953
tfmf_2block_k7,-11,47,0,5,12.898113250732422
sq_det,-11,48,0,0,3.4031667709350586
tfmf_1block,-11,48,0,12,12.746935844421387
tfmf_2block,-11,48,0,9,12.793116569519043
tfmf_2block_k2,-11,48,0,8,12.832636833190918
tfmf_2block_k4,-11,48,0,11,12.898365020751953
tfmf_2block_k7,-11,48,0,9,12.898113250732422
sq_det,-11,49,0,1,3.4031667709350586
tfmf_1block,-11,49,0,8,12.746935844421387
tfmf_2block,-11,49,0,12,12.793116569519043
tfmf_2block_k2,-11,49,0,3,12.832636833190918
tfmf_2block_k4,-11,49,0,9,12.898365020751953
tfmf_2block_k7,-11,49,0,8,12.898113250732422
sq_det,-10,0,0,0,3.4031667709350586
tfmf_1block,-10,0,0,15,12.746935844421387
tfmf_2block,-10,0,0,14,12.793116569519043
tfmf_2block_k2,-10,0,0,10,12.832636833190918
tfmf_2block_k4,-10,0,0,9,12.898365020751953
tfmf_2block_k7,-10,0,0,6,12.898113250732422
sq_det,-10,1,0,0,3.4031667709350586
tfmf_1block,-10,1,0,14,12.746935844421387
tfmf_2block,-10,1,0,8,12.793116569519043
tfmf_2block_k2,-10,1,0,5,12.832636833190918
tfmf_2block_k4,-10,1,0,5,12.898365020751953
tfmf_2block_k7,-10,1,0,3,12.898113250732422
sq_det,-10,2,1,1,3.4031667709350586
tfmf_1block,-10,2,0,12,12.746935844421387
tfmf_2block,-10,2,0,4,12.793116569519043
tfmf_2block_k2,-10,2,0,11,12.832636833190918
tfmf_2block_k4,-10,2,0,11,12.898365020751953
tfmf_2block_k7,-10,2,0,7,12.898113250732422
sq_det,-10,3,0,0,3.4031667709350586
tfmf_1block,-10,3,0,12,12.746935844421387
tfmf_2block,-10,3,0,9,12.793116569519043
tfmf_2block_k2,-10,3,0,3,12.832636833190918
tfmf_2block_k4,-10,3,0,4,12.898365020751953
tfmf_2block_k7,-10,3,0,12,12.898113250732422
sq_det,-10,4,0,0,3.4031667709350586
tfmf_1block,-10,4,0,11,12.746935844421387
tfmf_2block,-10,4,0,16,12.793116569519043
tfmf_2block_k2,-10,4,0,12,12.832636833190918
tfmf_2block_k4,-10,4,0,10,12.898365020751953
tfmf_2block_k7,-10,4,0,8,12.898113250732422
sq_det,-10,5,0,0,3.4031667709350586
tfmf_1block,-10,5,0,19,12.746935844421387
tfmf_2block,-10,5,0,16,12.793116569519043
tfmf_2block_k2,-10,5,0,11,12.832636833190918
tfmf_2block_k4,-10,5,0,7,12.898365020751953
tfmf_2block_k7,-10,5,0,5,12.898113250732422
sq_det,-10,6,0,1,3.4031667709350586
tfmf_1block,-10,6,0,10,12.746935844421387
tfmf_2block,-10,6,0,9,12.793116569519043
tfmf_2block_k2,-10,6,0,7,12.832636833190918
tfmf_2block_k4,-10,6,0,7,12.898365020751953
tfmf_2block_k7,-10,6,0,7,12.898113250732422
sq_det,-10,7,0,0,3.4031667709350586
tfmf_1block,-10,7,0,18,12.746935844421387
tfmf_2block,-10,7,0,13,12.793116569519043
tfmf_2block_k2,-10,7,0,10,12.832636833190918
tfmf_2block_k4,-10,7,0,9,12.898365020751953
tfmf_2block_k7,-10,7,0,1,12.898113250732422
sq_det,-10,8,0,1,3.4031667709350586
tfmf_1block,-10,8,0,4,12.746935844421387
tfmf_2block,-10,8,0,13,12.793116569519043
tfmf_2block_k2,-10,8,0,13,12.832636833190918
tfmf_2block_k4,-10,8,0,5,12.898365020751953
tfmf_2block_k7,-10,8,0,8,12.898113250732422
sq_det,-10,9,0,0,3.4031667709350586
tfmf_1block,-10,9,0,12,12.746935844421387
tfmf_2block,-10,9,0,10,12.793116569519043
tfmf_2block_k2,-10,9,0,10,12.832636833190918
tfmf_2block_k4,-10,9,0,7,12.898365020751953
tfmf_2block_k7,-10,9,0,6,12.898113250732422
sq_det,-10,10,0,1,3.4031667709350586
tfmf_1block,-10,10,0,11,12.746935844421387
tfmf_2block,-10,10,0,8,12.793116569519043
tfmf_2block_k2,-10,10,0,8,12.832636833190918
tfmf_2block_k4,-10,10,0,3,12.898365020751953
tfmf_2block_k7,-10,10,0,5,12.898113250732422
sq_det,-10,11,0,1,3.4031667709350586
tfmf_1block,-10,11,0,14,12.746935844421387
tfmf_2block,-10,11,0,13,12.793116569519043
tfmf_2block_k2,-10,11,0,13,12.832636833190918
tfmf_2block_k4,-10,11,0,7,12.898365020751953
tfmf_2block_k7,-10,11,0,7,12.898113250732422
sq_det,-10,12,0,0,3.4031667709350586
tfmf_1block,-10,12,0,9,12.746935844421387
tfmf_2block,-10,12,0,11,12.793116569519043
tfmf_2block_k2,-10,12,0,15,12.832636833190918
tfmf_2block_k4,-10,12,0,4,12.898365020751953
tfmf_2block_k7,-10,12,0,4,12.898113250732422
sq_det,-10,13,0,0,3.4031667709350586
tfmf_1block,-10,13,0,15,12.746935844421387
tfmf_2block,-10,13,0,14,12.793116569519043
tfmf_2block_k2,-10,13,0,8,12.832636833190918
tfmf_2block_k4,-10,13,0,4,12.898365020751953
tfmf_2block_k7,-10,13,0,6,12.898113250732422
sq_det,-10,14,0,1,3.4031667709350586
tfmf_1block,-10,14,0,11,12.746935844421387
tfmf_2block,-10,14,0,9,12.793116569519043
tfmf_2block_k2,-10,14,0,4,12.832636833190918
tfmf_2block_k4,-10,14,0,7,12.898365020751953
tfmf_2block_k7,-10,14,0,6,12.898113250732422
sq_det,-10,15,0,0,3.4031667709350586
tfmf_1block,-10,15,0,9,12.746935844421387
tfmf_2block,-10,15,0,20,12.793116569519043
tfmf_2block_k2,-10,15,0,13,12.832636833190918
tfmf_2block_k4,-10,15,0,16,12.898365020751953
tfmf_2block_k7,-10,15,0,13,12.898113250732422
sq_det,-10,16,0,0,3.4031667709350586
tfmf_1block,-10,16,0,16,12.746935844421387
tfmf_2block,-10,16,0,14,12.793116569519043
tfmf_2block_k2,-10,16,0,9,12.832636833190918
tfmf_2block_k4,-10,16,0,6,12.898365020751953
tfmf_2block_k7,-10,16,0,7,12.898113250732422
sq_det,-10,17,0,0,3.4031667709350586
tfmf_1block,-10,17,0,9,12.746935844421387
tfmf_2block,-10,17,0,14,12.793116569519043
tfmf_2block_k2,-10,17,0,9,12.832636833190918
tfmf_2block_k4,-10,17,0,9,12.898365020751953
tfmf_2block_k7,-10,17,0,7,12.898113250732422
sq_det,-10,18,0,0,3.4031667709350586
tfmf_1block,-10,18,0,13,12.746935844421387
tfmf_2block,-10,18,0,12,12.793116569519043
tfmf_2block_k2,-10,18,0,8,12.832636833190918
tfmf_2block_k4,-10,18,0,6,12.898365020751953
tfmf_2block_k7,-10,18,0,9,12.898113250732422
sq_det,-10,19,0,0,3.4031667709350586
tfmf_1block,-10,19,0,10,12.746935844421387
tfmf_2block,-10,19,0,13,12.793116569519043
tfmf_2block_k2,-10,19,0,5,12.832636833190918
tfmf_2block_k4,-10,19,0,8,12.898365020751953
tfmf_2block_k7,-10,19,0,6,12.898113250732422
sq_det,-10,20,0,0,3.4031667709350586
tfmf_1block,-10,20,0,10,12.746935844421387
tfmf_2block,-10,20,0,11,12.793116569519043
tfmf_2block_k2,-10,20,0,9,12.832636833190918
tfmf_2block_k4,-10,20,0,8,12.898365020751953
tfmf_2block_k7,-10,20,0,4,12.898113250732422
sq_det,-10,21,0,0,3.4031667709350586
tfmf_1block,-10,21,0,14,12.746935844421387
tfmf_2block,-10,21,0,10,12.793116569519043
tfmf_2block_k2,-10,21,0,7,12.832636833190918
tfmf_2block_k4,-10,21,0,6,12.898365020751953
tfmf_2block_k7,-10,21,0,11,12.898113250732422
sq_det,-10,22,0,0,3.4031667709350586
tfmf_1block,-10,22,0,10,12.746935844421387
tfmf_2block,-10,22,0,13,12.793116569519043
tfmf_2block_k2,-10,22,0,7,12.832636833190918
tfmf_2block_k4,-10,22,0,8,12.898365020751953
tfmf_2block_k7,-10,22,0,3,12.898113250732422
sq_det,-10,23,0,0,3.4031667709350586
tfmf_1block,-10,23,0,11,12.746935844421387
tfmf_2block,-10,23,0,8,12.793116569519043
tfmf_2block_k2,-10,23,0,13,12.832636833190918
tfmf_2block_k4,-10,23,0,11,12.898365020751953
tfmf_2block_k7,-10,23,0,12,12.898113250732422
sq_det,-10,24,0,1,3.4031667709350586
tfmf_1block,-10,24,0,23,12.746935844421387
tfmf_2block,-10,24,0,6,12.793116569519043
tfmf_2block_k2,-10,24,0,18,12.832636833190918
tfmf_2block_k4,-10,24,0,5,12.898365020751953
tfmf_2block_k7,-10,24,0,14,12.898113250732422
sq_det,-10,25,0,0,3.4031667709350586
tfmf_1block,-10,25,0,14,12.746935844421387
tfmf_2block,-10,25,0,3,12.793116569519043
tfmf_2block_k2,-10,25,0,15,12.832636833190918
tfmf_2block_k4,-10,25,0,10,12.898365020751953
tfmf_2block_k7,-10,25,0,11,12.898113250732422
sq_det,-10,26,0,0,3.4031667709350586
tfmf_1block,-10,26,0,13,12.746935844421387
tfmf_2block,-10,26,0,11,12.793116569519043
tfmf_2block_k2,-10,26,0,18,12.832636833190918
tfmf_2block_k4,-10,26,0,10,12.898365020751953
tfmf_2block_k7,-10,26,0,4,12.898113250732422
sq_det,-10,27,0,0,3.4031667709350586
tfmf_1block,-10,27,0,9,12.746935844421387
tfmf_2block,-10,27,0,10,12.793116569519043
tfmf_2block_k2,-10,27,0,6,12.832636833190918
tfmf_2block_k4,-10,27,0,10,12.898365020751953
tfmf_2block_k7,-10,27,0,6,12.898113250732422
sq_det,-10,28,0,0,3.4031667709350586
tfmf_1block,-10,28,0,14,12.746935844421387
tfmf_2block,-10,28,0,5,12.793116569519043
tfmf_2block_k2,-10,28,0,15,12.832636833190918
tfmf_2block_k4,-10,28,0,10,12.898365020751953
tfmf_2block_k7,-10,28,0,8,12.898113250732422
sq_det,-10,29,0,0,3.4031667709350586
tfmf_1block,-10,29,0,13,12.746935844421387
tfmf_2block,-10,29,0,13,12.793116569519043
tfmf_2block_k2,-10,29,0,8,12.832636833190918
tfmf_2block_k4,-10,29,0,8,12.898365020751953
tfmf_2block_k7,-10,29,0,4,12.898113250732422
sq_det,-10,30,0,0,3.4031667709350586
tfmf_1block,-10,30,0,14,12.746935844421387
tfmf_2block,-10,30,0,9,12.793116569519043
tfmf_2block_k2,-10,30,0,10,12.832636833190918
tfmf_2block_k4,-10,30,0,9,12.898365020751953
tfmf_2block_k7,-10,30,0,5,12.898113250732422
sq_det,-10,31,0,0,3.4031667709350586
tfmf_1block,-10,31,0,12,12.746935844421387
tfmf_2block,-10,31,0,9,12.793116569519043
tfmf_2block_k2,-10,31,0,8,12.832636833190918
tfmf_2block_k4,-10,31,0,3,12.898365020751953
tfmf_2block_k7,-10,31,0,9,12.898113250732422
sq_det,-10,32,0,0,3.4031667709350586
tfmf_1block,-10,32,0,13,12.746935844421387
tfmf_2block,-10,32,0,16,12.793116569519043
tfmf_2block_k2,-10,32,0,5,12.832636833190918
tfmf_2block_k4,-10,32,0,10,12.898365020751953
tfmf_2block_k7,-10,32,0,8,12.898113250732422
sq_det,-10,33,0,0,3.4031667709350586
tfmf_1block,-10,33,0,7,12.746935844421387
tfmf_2block,-10,33,0,9,12.793116569519043
tfmf_2block_k2,-10,33,0,9,12.832636833190918
tfmf_2block_k4,-10,33,0,6,12.898365020751953
tfmf_2block_k7,-10,33,0,10,12.898113250732422
sq_det,-10,34,0,0,3.4031667709350586
tfmf_1block,-10,34,0,6,12.746935844421387
tfmf_2block,-10,34,0,7,12.793116569519043
tfmf_2block_k2,-10,34,0,11,12.832636833190918
tfmf_2block_k4,-10,34,0,6,12.898365020751953
tfmf_2block_k7,-10,34,0,11,12.898113250732422
sq_det,-10,35,0,0,3.4031667709350586
tfmf_1block,-10,35,0,11,12.746935844421387
tfmf_2block,-10,35,0,9,12.793116569519043
tfmf_2block_k2,-10,35,0,6,12.832636833190918
tfmf_2block_k4,-10,35,0,9,12.898365020751953
tfmf_2block_k7,-10,35,0,8,12.898113250732422
sq_det,-10,36,1,1,3.4031667709350586
tfmf_1block,-10,36,0,18,12.746935844421387
tfmf_2block,-10,36,0,12,12.793116569519043
tfmf_2block_k2,-10,36,0,5,12.832636833190918
tfmf_2block_k4,-10,36,0,1,12.898365020751953
tfmf_2block_k7,-10,36,0,1,12.898113250732422
sq_det,-10,37,0,0,3.4031667709350586
tfmf_1block,-10,37,0,17,12.746935844421387
tfmf_2block,-10,37,0,14,12.793116569519043
tfmf_2block_k2,-10,37,0,8,12.832636833190918
tfmf_2block_k4,-10,37,0,4,12.898365020751953
tfmf_2block_k7,-10,37,0,5,12.898113250732422
sq_det,-10,38,0,0,3.4031667709350586
tfmf_1block,-10,38,0,15,12.746935844421387
tfmf_2block,-10,38,0,10,12.793116569519043
tfmf_2block_k2,-10,38,0,8,12.832636833190918
tfmf_2block_k4,-10,38,0,6,12.898365020751953
tfmf_2block_k7,-10,38,0,7,12.898113250732422
sq_det,-10,39,0,1,3.4031667709350586
tfmf_1block,-10,39,0,7,12.746935844421387
tfmf_2block,-10,39,0,12,12.793116569519043
tfmf_2block_k2,-10,39,0,10,12.832636833190918
tfmf_2block_k4,-10,39,0,8,12.898365020751953
tfmf_2block_k7,-10,39,0,12,12.898113250732422
sq_det,-10,40,0,0,3.4031667709350586
tfmf_1block,-10,40,0,14,12.746935844421387
tfmf_2block,-10,40,0,9,12.793116569519043
tfmf_2block_k2,-10,40,0,11,12.832636833190918
tfmf_2block_k4,-10,40,0,7,12.898365020751953
tfmf_2block_k7,-10,40,0,13,12.898113250732422
sq_det,-10,41,0,0,3.4031667709350586
tfmf_1block,-10,41,0,10,12.746935844421387
tfmf_2block,-10,41,0,15,12.793116569519043
tfmf_2block_k2,-10,41,0,10,12.832636833190918
tfmf_2block_k4,-10,41,0,3,12.898365020751953
tfmf_2block_k7,-10,41,0,3,12.898113250732422
sq_det,-10,42,0,0,3.4031667709350586
tfmf_1block,-10,42,0,12,12.746935844421387
tfmf_2block,-10,42,0,18,12.793116569519043
tfmf_2block_k2,-10,42,0,8,12.832636833190918
tfmf_2block_k4,-10,42,0,7,12.898365020751953
tfmf_2block_k7,-10,42,0,10,12.898113250732422
sq_det,-10,43,0,0,3.4031667709350586
tfmf_1block,-10,43,0,14,12.746935844421387
tfmf_2block,-10,43,0,17,12.793116569519043
tfmf_2block_k2,-10,43,0,11,12.832636833190918
tfmf_2block_k4,-10,43,0,11,12.898365020751953
tfmf_2block_k7,-10,43,0,6,12.898113250732422
sq_det,-10,44,0,0,3.4031667709350586
tfmf_1block,-10,44,0,13,12.746935844421387
tfmf_2block,-10,44,0,11,12.793116569519043
tfmf_2block_k2,-10,44,0,6,12.832636833190918
tfmf_2block_k4,-10,44,0,7,12.898365020751953
tfmf_2block_k7,-10,44,0,6,12.898113250732422
sq_det,-10,45,0,0,3.4031667709350586
tfmf_1block,-10,45,0,14,12.746935844421387
tfmf_2block,-10,45,0,13,12.793116569519043
tfmf_2block_k2,-10,45,0,9,12.832636833190918
tfmf_2block_k4,-10,45,0,2,12.898365020751953
tfmf_2block_k7,-10,45,0,7,12.898113250732422
sq_det,-10,46,0,0,3.4031667709350586
tfmf_1block,-10,46,0,14,12.746935844421387
tfmf_2block,-10,46,0,7,12.793116569519043
tfmf_2block_k2,-10,46,0,11,12.832636833190918
tfmf_2block_k4,-10,46,0,13,12.898365020751953
tfmf_2block_k7,-10,46,0,6,12.898113250732422
sq_det,-10,47,0,0,3.4031667709350586
tfmf_1block,-10,47,0,8,12.746935844421387
tfmf_2block,-10,47,0,7,12.793116569519043
tfmf_2block_k2,-10,47,0,11,12.832636833190918
tfmf_2block_k4,-10,47,0,6,12.898365020751953
tfmf_2block_k7,-10,47,0,12,12.898113250732422
sq_det,-10,48,0,0,3.4031667709350586
tfmf_1block,-10,48,0,14,12.746935844421387
tfmf_2block,-10,48,0,3,12.793116569519043
tfmf_2block_k2,-10,48,0,8,12.832636833190918
tfmf_2block_k4,-10,48,0,14,12.898365020751953
tfmf_2block_k7,-10,48,0,8,12.898113250732422
sq_det,-10,49,0,0,3.4031667709350586
tfmf_1block,-10,49,0,18,12.746935844421387
tfmf_2block,-10,49,0,9,12.793116569519043
tfmf_2block_k2,-10,49,0,14,12.832636833190918
tfmf_2block_k4,-10,49,0,6,12.898365020751953
tfmf_2block_k7,-10,49,0,12,12.898113250732422
sq_det,-9,0,0,0,3.4031667709350586
tfmf_1block,-9,0,0,13,12.746935844421387
tfmf_2block,-9,0,0,11,12.793116569519043
tfmf_2block_k2,-9,0,0,6,12.832636833190918
tfmf_2block_k4,-9,0,0,12,12.898365020751953
tfmf_2block_k7,-9,0,0,9,12.898113250732422
sq_det,-9,1,0,1,3.4031667709350586
tfmf_1block,-9,1,0,15,12.746935844421387
tfmf_2block,-9,1,0,11,12.793116569519043
tfmf_2block_k2,-9,1,0,6,12.832636833190918
tfmf_2block_k4,-9,1,0,5,12.898365020751953
tfmf_2block_k7,-9,1,0,5,12.898113250732422
sq_det,-9,2,0,0,3.4031667709350586
tfmf_1block,-9,2,0,18,12.746935844421387
tfmf_2block,-9,2,0,13,12.793116569519043
tfmf_2block_k2,-9,2,0,3,12.832636833190918
tfmf_2block_k4,-9,2,0,5,12.898365020751953
tfmf_2block_k7,-9,2,0,8,12.898113250732422
sq_det,-9,3,0,0,3.4031667709350586
tfmf_1block,-9,3,0,11,12.746935844421387
tfmf_2block,-9,3,0,11,12.793116569519043
tfmf_2block_k2,-9,3,0,11,12.832636833190918
tfmf_2block_k4,-9,3,0,9,12.898365020751953
tfmf_2block_k7,-9,3,0,5,12.898113250732422
sq_det,-9,4,0,2,3.4031667709350586
tfmf_1block,-9,4,0,18,12.746935844421387
tfmf_2block,-9,4,0,11,12.793116569519043
tfmf_2block_k2,-9,4,0,10,12.832636833190918
tfmf_2block_k4,-9,4,0,9,12.898365020751953
tfmf_2block_k7,-9,4,0,6,12.898113250732422
sq_det,-9,5,0,0,3.4031667709350586
tfmf_1block,-9,5,0,13,12.746935844421387
tfmf_2block,-9,5,0,10,12.793116569519043
tfmf_2block_k2,-9,5,0,7,12.832636833190918
tfmf_2block_k4,-9,5,0,8,12.898365020751953
tfmf_2block_k7,-9,5,0,16,12.898113250732422
sq_det,-9,6,0,0,3.4031667709350586
tfmf_1block,-9,6,0,12,12.746935844421387
tfmf_2block,-9,6,0,14,12.793116569519043
tfmf_2block_k2,-9,6,0,14,12.832636833190918
tfmf_2block_k4,-9,6,0,5,12.898365020751953
tfmf_2block_k7,-9,6,0,4,12.898113250732422
sq_det,-9,7,0,0,3.4031667709350586
tfmf_1block,-9,7,0,15,12.746935844421387
tfmf_2block,-9,7,0,10,12.793116569519043
tfmf_2block_k2,-9,7,0,8,12.832636833190918
tfmf_2block_k4,-9,7,0,7,12.898365020751953
tfmf_2block_k7,-9,7,0,5,12.898113250732422
sq_det,-9,8,0,0,3.4031667709350586
tfmf_1block,-9,8,0,10,12.746935844421387
tfmf_2block,-9,8,0,15,12.793116569519043
tfmf_2block_k2,-9,8,0,16,12.832636833190918
tfmf_2block_k4,-9,8,0,6,12.898365020751953
tfmf_2block_k7,-9,8,0,2,12.898113250732422
sq_det,-9,9,0,0,3.4031667709350586
tfmf_1block,-9,9,0,12,12.746935844421387
tfmf_2block,-9,9,0,12,12.793116569519043
tfmf_2block_k2,-9,9,0,10,12.832636833190918
tfmf_2block_k4,-9,9,0,6,12.898365020751953
tfmf_2block_k7,-9,9,0,7,12.898113250732422
sq_det,-9,10,0,0,3.4031667709350586
tfmf_1block,-9,10,0,12,12.746935844421387
tfmf_2block,-9,10,0,12,12.793116569519043
tfmf_2block_k2,-9,10,0,10,12.832636833190918
tfmf_2block_k4,-9,10,0,8,12.898365020751953
tfmf_2block_k7,-9,10,0,7,12.898113250732422
sq_det,-9,11,0,0,3.4031667709350586
tfmf_1block,-9,11,0,9,12.746935844421387
tfmf_2block,-9,11,0,6,12.793116569519043
tfmf_2block_k2,-9,11,0,8,12.832636833190918
tfmf_2block_k4,-9,11,0,11,12.898365020751953
tfmf_2block_k7,-9,11,0,5,12.898113250732422
sq_det,-9,12,0,0,3.4031667709350586
tfmf_1block,-9,12,0,15,12.746935844421387
tfmf_2block,-9,12,0,13,12.793116569519043
tfmf_2block_k2,-9,12,0,9,12.832636833190918
tfmf_2block_k4,-9,12,0,8,12.898365020751953
tfmf_2block_k7,-9,12,0,5,12.898113250732422
sq_det,-9,13,0,0,3.4031667709350586
tfmf_1block,-9,13,0,10,12.746935844421387
tfmf_2block,-9,13,0,9,12.793116569519043
tfmf_2block_k2,-9,13,0,9,12.832636833190918
tfmf_2block_k4,-9,13,0,10,12.898365020751953
tfmf_2block_k7,-9,13,0,6,12.898113250732422
sq_det,-9,14,0,0,3.4031667709350586
tfmf_1block,-9,14,0,13,12.746935844421387
tfmf_2block,-9,14,0,12,12.793116569519043
tfmf_2block_k2,-9,14,0,12,12.832636833190918
tfmf_2block_k4,-9,14,0,7,12.898365020751953
tfmf_2block_k7,-9,14,0,10,12.898113250732422
sq_det,-9,15,0,0,3.4031667709350586
tfmf_1block,-9,15,0,15,12.746935844421387
tfmf_2block,-9,15,0,6,12.793116569519043
tfmf_2block_k2,-9,15,0,13,12.832636833190918
tfmf_2block_k4,-9,15,0,5,12.898365020751953
tfmf_2block_k7,-9,15,0,5,12.898113250732422
sq_det,-9,16,0,0,3.4031667709350586
tfmf_1block,-9,16,0,11,12.746935844421387
tfmf_2block,-9,16,0,13,12.793116569519043
tfmf_2block_k2,-9,16,0,5,12.832636833190918
tfmf_2block_k4,-9,16,0,7,12.898365020751953
tfmf_2block_k7,-9,16,0,8,12.898113250732422
sq_det,-9,17,0,1,3.4031667709350586
tfmf_1block,-9,17,0,15,12.746935844421387
tfmf_2block,-9,17,0,12,12.793116569519043
tfmf_2block_k2,-9,17,0,5,12.832636833190918
tfmf_2block_k4,-9,17,0,5,12.898365020751953
tfmf_2block_k7,-9,17,0,5,12.898113250732422
sq_det,-9,18,0,0,3.4031667709350586
tfmf_1block,-9,18,0,7,12.746935844421387
tfmf_2block,-9,18,0,10,12.793116569519043
tfmf_2block_k2,-9,18,0,4,12.832636833190918
tfmf_2block_k4,-9,18,0,8,12.898365020751953
tfmf_2block_k7,-9,18,0,5,12.898113250732422
sq_det,-9,19,0,0,3.4031667709350586
tfmf_1block,-9,19,0,7,12.746935844421387
tfmf_2block,-9,19,0,13,12.793116569519043
tfmf_2block_k2,-9,19,0,6,12.832636833190918
tfmf_2block_k4,-9,19,0,7,12.898365020751953
tfmf_2block_k7,-9,19,0,4,12.898113250732422
sq_det,-9,20,0,0,3.4031667709350586
tfmf_1block,-9,20,0,13,12.746935844421387
tfmf_2block,-9,20,0,12,12.793116569519043
tfmf_2block_k2,-9,20,0,8,12.832636833190918
tfmf_2block_k4,-9,20,0,8,12.898365020751953
tfmf_2block_k7,-9,20,0,5,12.898113250732422
sq_det,-9,21,0,0,3.4031667709350586
tfmf_1block,-9,21,0,13,12.746935844421387
tfmf_2block,-9,21,0,10,12.793116569519043
tfmf_2block_k2,-9,21,0,13,12.832636833190918
tfmf_2block_k4,-9,21,0,14,12.898365020751953
tfmf_2block_k7,-9,21,0,8,12.898113250732422
sq_det,-9,22,0,0,3.4031667709350586
tfmf_1block,-9,22,0,10,12.746935844421387
tfmf_2block,-9,22,0,11,12.793116569519043
tfmf_2block_k2,-9,22,0,8,12.832636833190918
tfmf_2block_k4,-9,22,0,9,12.898365020751953
tfmf_2block_k7,-9,22,0,6,12.898113250732422
sq_det,-9,23,0,0,3.4031667709350586
tfmf_1block,-9,23,0,16,12.746935844421387
tfmf_2block,-9,23,0,13,12.793116569519043
tfmf_2block_k2,-9,23,0,7,12.832636833190918
tfmf_2block_k4,-9,23,0,4,12.898365020751953
tfmf_2block_k7,-9,23,0,4,12.898113250732422
sq_det,-9,24,0,0,3.4031667709350586
tfmf_1block,-9,24,0,13,12.746935844421387
tfmf_2block,-9,24,0,10,12.793116569519043
tfmf_2block_k2,-9,24,0,11,12.832636833190918
tfmf_2block_k4,-9,24,0,3,12.898365020751953
tfmf_2block_k7,-9,24,0,10,12.898113250732422
sq_det,-9,25,0,0,3.4031667709350586
tfmf_1block,-9,25,0,12,12.746935844421387
tfmf_2block,-9,25,0,8,12.793116569519043
tfmf_2block_k2,-9,25,0,12,12.832636833190918
tfmf_2block_k4,-9,25,0,7,12.898365020751953
tfmf_2block_k7,-9,25,0,6,12.898113250732422
sq_det,-9,26,0,0,3.4031667709350586
tfmf_1block,-9,26,0,8,12.746935844421387
tfmf_2block,-9,26,0,7,12.793116569519043
tfmf_2block_k2,-9,26,0,9,12.832636833190918
tfmf_2block_k4,-9,26,0,9,12.898365020751953
tfmf_2block_k7,-9,26,0,3,12.898113250732422
sq_det,-9,27,0,0,3.4031667709350586
tfmf_1block,-9,27,0,9,12.746935844421387
tfmf_2block,-9,27,0,6,12.793116569519043
tfmf_2block_k2,-9,27,0,14,12.832636833190918
tfmf_2block_k4,-9,27,0,10,12.898365020751953
tfmf_2block_k7,-9,27,0,6,12.898113250732422
sq_det,-9,28,0,1,3.4031667709350586
tfmf_1block,-9,28,0,12,12.746935844421387
tfmf_2block,-9,28,0,7,12.793116569519043
tfmf_2block_k2,-9,28,0,10,12.832636833190918
tfmf_2block_k4,-9,28,0,9,12.898365020751953
tfmf_2block_k7,-9,28,0,14,12.898113250732422
sq_det,-9,29,0,0,3.4031667709350586
tfmf_1block,-9,29,0,17,12.746935844421387
tfmf_2block,-9,29,0,13,12.793116569519043
tfmf_2block_k2,-9,29,0,9,12.832636833190918
tfmf_2block_k4,-9,29,0,15,12.898365020751953
tfmf_2block_k7,-9,29,0,9,12.898113250732422
sq_det,-9,30,0,0,3.4031667709350586
tfmf_1block,-9,30,0,15,12.746935844421387
tfmf_2block,-9,30,0,11,12.793116569519043
tfmf_2block_k2,-9,30,0,12,12.832636833190918
tfmf_2block_k4,-9,30,0,9,12.898365020751953
tfmf_2block_k7,-9,30,0,14,12.898113250732422
sq_det,-9,31,0,0,3.4031667709350586
tfmf_1block,-9,31,0,17,12.746935844421387
tfmf_2block,-9,31,0,16,12.793116569519043
tfmf_2block_k2,-9,31,0,10,12.832636833190918
tfmf_2block_k4,-9,31,0,11,12.898365020751953
tfmf_2block_k7,-9,31,0,12,12.898113250732422
sq_det,-9,32,0,2,3.4031667709350586
tfmf_1block,-9,32,0,10,12.746935844421387
tfmf_2block,-9,32,0,15,12.793116569519043
tfmf_2block_k2,-9,32,0,10,12.832636833190918
tfmf_2block_k4,-9,32,0,7,12.898365020751953
tfmf_2block_k7,-9,32,0,10,12.898113250732422
sq_det,-9,33,0,0,3.4031667709350586
tfmf_1block,-9,33,0,11,12.746935844421387
tfmf_2block,-9,33,0,11,12.793116569519043
tfmf_2block_k2,-9,33,0,9,12.832636833190918
tfmf_2block_k4,-9,33,0,7,12.898365020751953
tfmf_2block_k7,-9,33,0,4,12.898113250732422
sq_det,-9,34,0,1,3.4031667709350586
tfmf_1block,-9,34,0,17,12.746935844421387
tfmf_2block,-9,34,0,11,12.793116569519043
tfmf_2block_k2,-9,34,0,16,12.832636833190918
tfmf_2block_k4,-9,34,0,9,12.898365020751953
tfmf_2block_k7,-9,34,0,7,12.898113250732422
sq_det,-9,35,0,0,3.4031667709350586
tfmf_1block,-9,35,0,9,12.746935844421387
tfmf_2block,-9,35,0,16,12.793116569519043
tfmf_2block_k2,-9,35,0,8,12.832636833190918
tfmf_2block_k4,-9,35,0,7,12.898365020751953
tfmf_2block_k7,-9,35,0,9,12.898113250732422
sq_det,-9,36,0,0,3.4031667709350586
tfmf_1block,-9,36,0,17,12.746935844421387
tfmf_2block,-9,36,0,8,12.793116569519043
tfmf_2block_k2,-9,36,0,9,12.832636833190918
tfmf_2block_k4,-9,36,0,7,12.898365020751953
tfmf_2block_k7,-9,36,0,11,12.898113250732422
sq_det,-9,37,0,1,3.4031667709350586
tfmf_1block,-9,37,0,9,12.746935844421387
tfmf_2block,-9,37,0,7,12.793116569519043
tfmf_2block_k2,-9,37,0,11,12.832636833190918
tfmf_2block_k4,-9,37,0,6,12.898365020751953
tfmf_2block_k7,-9,37,0,4,12.898113250732422
sq_det,-9,38,0,0,3.4031667709350586
tfmf_1block,-9,38,0,18,12.746935844421387
tfmf_2block,-9,38,0,4,12.793116569519043
tfmf_2block_k2,-9,38,0,6,12.832636833190918
tfmf_2block_k4,-9,38,0,9,12.898365020751953
tfmf_2block_k7,-9,38,0,2,12.898113250732422
sq_det,-9,39,0,0,3.4031667709350586
tfmf_1block,-9,39,0,11,12.746935844421387
tfmf_2block,-9,39,0,11,12.793116569519043
tfmf_2block_k2,-9,39,0,11,12.832636833190918
tfmf_2block_k4,-9,39,0,4,12.898365020751953
tfmf_2block_k7,-9,39,0,10,12.898113250732422
sq_det,-9,40,0,0,3.4031667709350586
tfmf_1block,-9,40,0,11,12.746935844421387
tfmf_2block,-9,40,0,19,12.793116569519043
tfmf_2block_k2,-9,40,0,9,12.832636833190918
tfmf_2block_k4,-9,40,0,2,12.898365020751953
tfmf_2block_k7,-9,40,0,7,12.898113250732422
sq_det,-9,41,0,0,3.4031667709350586
tfmf_1block,-9,41,0,15,12.746935844421387
tfmf_2block,-9,41,0,8,12.793116569519043
tfmf_2block_k2,-9,41,0,5,12.832636833190918
tfmf_2block_k4,-9,41,0,9,12.898365020751953
tfmf_2block_k7,-9,41,0,4,12.898113250732422
sq_det,-9,42,0,2,3.4031667709350586
tfmf_1block,-9,42,0,11,12.746935844421387
tfmf_2block,-9,42,0,10,12.793116569519043
tfmf_2block_k2,-9,42,0,7,12.832636833190918
tfmf_2block_k4,-9,42,0,8,12.898365020751953
tfmf_2block_k7,-9,42,0,7,12.898113250732422
sq_det,-9,43,0,0,3.4031667709350586
tfmf_1block,-9,43,0,10,12.746935844421387
tfmf_2block,-9,43,0,5,12.793116569519043
tfmf_2block_k2,-9,43,0,6,12.832636833190918
tfmf_2block_k4,-9,43,0,7,12.898365020751953
tfmf_2block_k7,-9,43,0,8,12.898113250732422
sq_det,-9,44,0,0,3.4031667709350586
tfmf_1block,-9,44,0,13,12.746935844421387
tfmf_2block,-9,44,0,14,12.793116569519043
tfmf_2block_k2,-9,44,0,8,12.832636833190918
tfmf_2block_k4,-9,44,0,6,12.898365020751953
tfmf_2block_k7,-9,44,0,8,12.898113250732422
sq_det,-9,45,0,0,3.4031667709350586
tfmf_1block,-9,45,0,9,12.746935844421387
tfmf_2block,-9,45,0,11,12.793116569519043
tfmf_2block_k2,-9,45,0,5,12.832636833190918
tfmf_2block_k4,-9,45,0,4,12.898365020751953
tfmf_2block_k7,-9,45,0,6,12.898113250732422
sq_det,-9,46,0,0,3.4031667709350586
tfmf_1block,-9,46,0,12,12.746935844421387
tfmf_2block,-9,46,0,11,12.793116569519043
tfmf_2block_k2,-9,46,0,8,12.832636833190918
tfmf_2block_k4,-9,46,0,9,12.898365020751953
tfmf_2block_k7,-9,46,0,10,12.898113250732422
sq_det,-9,47,0,0,3.4031667709350586
tfmf_1block,-9,47,0,17,12.746935844421387
tfmf_2block,-9,47,0,18,12.793116569519043
tfmf_2block_k2,-9,47,0,9,12.832636833190918
tfmf_2block_k4,-9,47,0,5,12.898365020751953
tfmf_2block_k7,-9,47,0,6,12.898113250732422
sq_det,-9,48,0,0,3.4031667709350586
tfmf_1block,-9,48,0,12,12.746935844421387
tfmf_2block,-9,48,0,11,12.793116569519043
tfmf_2block_k2,-9,48,0,10,12.832636833190918
tfmf_2block_k4,-9,48,0,9,12.898365020751953
tfmf_2block_k7,-9,48,0,4,12.898113250732422
sq_det,-9,49,0,1,3.4031667709350586
tfmf_1block,-9,49,0,14,12.746935844421387
tfmf_2block,-9,49,0,6,12.793116569519043
tfmf_2block_k2,-9,49,0,10,12.832636833190918
tfmf_2block_k4,-9,49,0,10,12.898365020751953
tfmf_2block_k7,-9,49,0,10,12.898113250732422
sq_det,-8,0,0,1,3.4031667709350586
tfmf_1block,-8,0,0,12,12.746935844421387
tfmf_2block,-8,0,0,13,12.793116569519043
tfmf_2block_k2,-8,0,0,15,12.832636833190918
tfmf_2block_k4,-8,0,0,5,12.898365020751953
tfmf_2block_k7,-8,0,0,3,12.898113250732422
sq_det,-8,1,0,0,3.4031667709350586
tfmf_1block,-8,1,0,12,12.746935844421387
tfmf_2block,-8,1,0,10,12.793116569519043
tfmf_2block_k2,-8,1,0,7,12.832636833190918
tfmf_2block_k4,-8,1,0,7,12.898365020751953
tfmf_2block_k7,-8,1,0,4,12.898113250732422
sq_det,-8,2,0,0,3.4031667709350586
tfmf_1block,-8,2,0,19,12.746935844421387
tfmf_2block,-8,2,0,8,12.793116569519043
tfmf_2block_k2,-8,2,0,11,12.832636833190918
tfmf_2block_k4,-8,2,0,9,12.898365020751953
tfmf_2block_k7,-8,2,0,6,12.898113250732422
sq_det,-8,3,0,0,3.4031667709350586
tfmf_1block,-8,3,0,15,12.746935844421387
tfmf_2block,-8,3,0,10,12.793116569519043
tfmf_2block_k2,-8,3,0,11,12.832636833190918
tfmf_2block_k4,-8,3,0,4,12.898365020751953
tfmf_2block_k7,-8,3,0,5,12.898113250732422
sq_det,-8,4,0,1,3.4031667709350586
tfmf_1block,-8,4,0,13,12.746935844421387
tfmf_2block,-8,4,0,7,12.793116569519043
tfmf_2block_k2,-8,4,0,8,12.832636833190918
tfmf_2block_k4,-8,4,0,3,12.898365020751953
tfmf_2block_k7,-8,4,0,6,12.898113250732422
sq_det,-8,5,0,0,3.4031667709350586
tfmf_1block,-8,5,0,8,12.746935844421387
tfmf_2block,-8,5,1,20,12.793116569519043
tfmf_2block_k2,-8,5,0,7,12.832636833190918
tfmf_2block_k4,-8,5,0,5,12.898365020751953
tfmf_2block_k7,-8,5,0,6,12.898113250732422
sq_det,-8,6,0,1,3.4031667709350586
tfmf_1block,-8,6,0,9,12.746935844421387
tfmf_2block,-8,6,0,10,12.793116569519043
tfmf_2block_k2,-8,6,0,8,12.832636833190918
tfmf_2block_k4,-8,6,0,11,12.898365020751953
tfmf_2block_k7,-8,6,0,5,12.898113250732422
sq_det,-8,7,0,0,3.4031667709350586
tfmf_1block,-8,7,0,8,12.746935844421387
tfmf_2block,-8,7,0,8,12.793116569519043
tfmf_2block_k2,-8,7,0,7,12.832636833190918
tfmf_2block_k4,-8,7,0,7,12.898365020751953
tfmf_2block_k7,-8,7,0,10,12.898113250732422
sq_det,-8,8,0,0,3.4031667709350586
tfmf_1block,-8,8,0,9,12.746935844421387
tfmf_2block,-8,8,0,14,12.793116569519043
tfmf_2block_k2,-8,8,0,12,12.832636833190918
tfmf_2block_k4,-8,8,0,9,12.898365020751953
tfmf_2block_k7,-8,8,0,5,12.898113250732422
sq_det,-8,9,0,0,3.4031667709350586
tfmf_1block,-8,9,0,12,12.746935844421387
tfmf_2block,-8,9,0,13,12.793116569519043
tfmf_2block_k2,-8,9,0,13,12.832636833190918
tfmf_2block_k4,-8,9,0,4,12.898365020751953
tfmf_2block_k7,-8,9,0,3,12.898113250732422
sq_det,-8,10,0,0,3.4031667709350586
tfmf_1block,-8,10,0,11,12.746935844421387
tfmf_2block,-8,10,0,13,12.793116569519043
tfmf_2block_k2,-8,10,0,12,12.832636833190918
tfmf_2block_k4,-8,10,0,7,12.898365020751953
tfmf_2block_k7,-8,10,0,8,12.898113250732422
sq_det,-8,11,0,0,3.4031667709350586
tfmf_1block,-8,11,0,12,12.746935844421387
tfmf_2block,-8,11,0,9,12.793116569519043
tfmf_2block_k2,-8,11,0,15,12.832636833190918
tfmf_2block_k4,-8,11,0,19,12.898365020751953
tfmf_2block_k7,-8,11,0,9,12.898113250732422
sq_det,-8,12,0,0,3.4031667709350586
tfmf_1block,-8,12,0,15,12.746935844421387
tfmf_2block,-8,12,0,12,12.793116569519043
tfmf_2block_k2,-8,12,0,9,12.832636833190918
tfmf_2block_k4,-8,12,0,11,12.898365020751953
tfmf_2block_k7,-8,12,0,11,12.898113250732422
sq_det,-8,13,0,0,3.4031667709350586
tfmf_1block,-8,13,0,10,12.746935844421387
tfmf_2block,-8,13,0,7,12.793116569519043
tfmf_2block_k2,-8,13,0,8,12.832636833190918
tfmf_2block_k4,-8,13,0,8,12.898365020751953
tfmf_2block_k7,-8,13,0,5,12.898113250732422
sq_det,-8,14,0,0,3.4031667709350586
tfmf_1block,-8,14,0,12,12.746935844421387
tfmf_2block,-8,14,0,6,12.793116569519043
tfmf_2block_k2,-8,14,0,10,12.832636833190918
tfmf_2block_k4,-8,14,0,10,12.898365020751953
tfmf_2block_k7,-8,14,0,10,12.898113250732422
sq_det,-8,15,0,0,3.4031667709350586
tfmf_1block,-8,15,0,7,12.746935844421387
tfmf_2block,-8,15,0,6,12.793116569519043
tfmf_2block_k2,-8,15,0,12,12.832636833190918
tfmf_2block_k4,-8,15,0,10,12.898365020751953
tfmf_2block_k7,-8,15,0,5,12.898113250732422
sq_det,-8,16,0,0,3.4031667709350586
tfmf_1block,-8,16,0,12,12.746935844421387
tfmf_2block,-8,16,0,10,12.793116569519043
tfmf_2block_k2,-8,16,0,18,12.832636833190918
tfmf_2block_k4,-8,16,0,8,12.898365020751953
tfmf_2block_k7,-8,16,0,14,12.898113250732422
sq_det,-8,17,0,0,3.4031667709350586
tfmf_1block,-8,17,0,3,12.746935844421387
tfmf_2block,-8,17,0,13,12.793116569519043
tfmf_2block_k2,-8,17,0,13,12.832636833190918
tfmf_2block_k4,-8,17,0,4,12.898365020751953
tfmf_2block_k7,-8,17,0,1,12.898113250732422
sq_det,-8,18,0,0,3.4031667709350586
tfmf_1block,-8,18,0,19,12.746935844421387
tfmf_2block,-8,18,0,13,12.793116569519043
tfmf_2block_k2,-8,18,0,10,12.832636833190918
tfmf_2block_k4,-8,18,0,8,12.898365020751953
tfmf_2block_k7,-8,18,0,8,12.898113250732422
sq_det,-8,19,0,0,3.4031667709350586
tfmf_1block,-8,19,0,8,12.746935844421387
tfmf_2block,-8,19,0,15,12.793116569519043
tfmf_2block_k2,-8,19,0,6,12.832636833190918
tfmf_2block_k4,-8,19,0,7,12.898365020751953
tfmf_2block_k7,-8,19,0,5,12.898113250732422
sq_det,-8,20,0,0,3.4031667709350586
tfmf_1block,-8,20,0,9,12.746935844421387
tfmf_2block,-8,20,0,12,12.793116569519043
tfmf_2block_k2,-8,20,0,5,12.832636833190918
tfmf_2block_k4,-8,20,0,4,12.898365020751953
tfmf_2block_k7,-8,20,0,11,12.898113250732422
sq_det,-8,21,0,0,3.4031667709350586
tfmf_1block,-8,21,0,11,12.746935844421387
tfmf_2block,-8,21,0,12,12.793116569519043
tfmf_2block_k2,-8,21,0,6,12.832636833190918
tfmf_2block_k4,-8,21,0,5,12.898365020751953
tfmf_2block_k7,-8,21,0,6,12.898113250732422
sq_det,-8,22,0,0,3.4031667709350586
tfmf_1block,-8,22,0,9,12.746935844421387
tfmf_2block,-8,22,0,20,12.793116569519043
tfmf_2block_k2,-8,22,0,13,12.832636833190918
tfmf_2block_k4,-8,22,0,3,12.898365020751953
tfmf_2block_k7,-8,22,0,15,12.898113250732422
sq_det,-8,23,0,0,3.4031667709350586
tfmf_1block,-8,23,0,14,12.746935844421387
tfmf_2block,-8,23,0,8,12.793116569519043
tfmf_2block_k2,-8,23,0,6,12.832636833190918
tfmf_2block_k4,-8,23,0,6,12.898365020751953
tfmf_2block_k7,-8,23,0,7,12.898113250732422
sq_det,-8,24,0,0,3.4031667709350586
tfmf_1block,-8,24,0,7,12.746935844421387
tfmf_2block,-8,24,0,12,12.793116569519043
tfmf_2block_k2,-8,24,0,9,12.832636833190918
tfmf_2block_k4,-8,24,0,6,12.898365020751953
tfmf_2block_k7,-8,24,0,9,12.898113250732422
sq_det,-8,25,0,0,3.4031667709350586
tfmf_1block,-8,25,0,8,12.746935844421387
tfmf_2block,-8,25,0,10,12.793116569519043
tfmf_2block_k2,-8,25,0,10,12.832636833190918
tfmf_2block_k4,-8,25,0,5,12.898365020751953
tfmf_2block_k7,-8,25,0,10,12.898113250732422
sq_det,-8,26,0,0,3.4031667709350586
tfmf_1block,-8,26,0,9,12.746935844421387
tfmf_2block,-8,26,0,12,12.793116569519043
tfmf_2block_k2,-8,26,0,2,12.832636833190918
tfmf_2block_k4,-8,26,0,5,12.898365020751953
tfmf_2block_k7,-8,26,0,2,12.898113250732422
sq_det,-8,27,0,0,3.4031667709350586
tfmf_1block,-8,27,0,15,12.746935844421387
tfmf_2block,-8,27,0,8,12.793116569519043
tfmf_2block_k2,-8,27,0,18,12.832636833190918
tfmf_2block_k4,-8,27,0,5,12.898365020751953
tfmf_2block_k7,-8,27,0,3,12.898113250732422
sq_det,-8,28,0,0,3.4031667709350586
tfmf_1block,-8,28,0,12,12.746935844421387
tfmf_2block,-8,28,0,4,12.793116569519043
tfmf_2block_k2,-8,28,0,10,12.832636833190918
tfmf_2block_k4,-8,28,0,10,12.898365020751953
tfmf_2block_k7,-8,28,0,8,12.898113250732422
sq_det,-8,29,0,0,3.4031667709350586
tfmf_1block,-8,29,0,18,12.746935844421387
tfmf_2block,-8,29,0,15,12.793116569519043
tfmf_2block_k2,-8,29,0,11,12.832636833190918
tfmf_2block_k4,-8,29,0,5,12.898365020751953
tfmf_2block_k7,-8,29,0,8,12.898113250732422
sq_det,-8,30,0,0,3.4031667709350586
tfmf_1block,-8,30,0,13,12.746935844421387
tfmf_2block,-8,30,0,9,12.793116569519043
tfmf_2block_k2,-8,30,0,7,12.832636833190918
tfmf_2block_k4,-8,30,0,2,12.898365020751953
tfmf_2block_k7,-8,30,0,6,12.898113250732422
sq_det,-8,31,0,0,3.4031667709350586
tfmf_1block,-8,31,0,14,12.746935844421387
tfmf_2block,-8,31,0,5,12.793116569519043
tfmf_2block_k2,-8,31,0,10,12.832636833190918
tfmf_2block_k4,-8,31,0,10,12.898365020751953
tfmf_2block_k7,-8,31,0,17,12.898113250732422
sq_det,-8,32,0,0,3.4031667709350586
tfmf_1block,-8,32,0,8,12.746935844421387
tfmf_2block,-8,32,0,8,12.793116569519043
tfmf_2block_k2,-8,32,0,5,12.832636833190918
tfmf_2block_k4,-8,32,0,12,12.898365020751953
tfmf_2block_k7,-8,32,0,10,12.898113250732422
sq_det,-8,33,0,0,3.4031667709350586
tfmf_1block,-8,33,0,10,12.746935844421387
tfmf_2block,-8,33,0,12,12.793116569519043
tfmf_2block_k2,-8,33,0,9,12.832636833190918
tfmf_2block_k4,-8,33,0,7,12.898365020751953
tfmf_2block_k7,-8,33,0,12,12.898113250732422
sq_det,-8,34,1,1,3.4031667709350586
tfmf_1block,-8,34,1,12,12.746935844421387
tfmf_2block,-8,34,0,6,12.793116569519043
tfmf_2block_k2,-8,34,0,10,12.832636833190918
tfmf_2block_k4,-8,34,0,5,12.898365020751953
tfmf_2block_k7,-8,34,0,11,12.898113250732422
sq_det,-8,35,0,0,3.4031667709350586
tfmf_1block,-8,35,0,13,12.746935844421387
tfmf_2block,-8,35,0,8,12.793116569519043
tfmf_2block_k2,-8,35,0,9,12.832636833190918
tfmf_2block_k4,-8,35,0,11,12.898365020751953
tfmf_2block_k7,-8,35,0,7,12.898113250732422
sq_det,-8,36,0,0,3.4031667709350586
tfmf_1block,-8,36,0,15,12.746935844421387
tfmf_2block,-8,36,0,6,12.793116569519043
tfmf_2block_k2,-8,36,0,10,12.832636833190918
tfmf_2block_k4,-8,36,0,5,12.898365020751953
tfmf_2block_k7,-8,36,0,15,12.898113250732422
sq_det,-8,37,0,0,3.4031667709350586
tfmf_1block,-8,37,0,5,12.746935844421387
tfmf_2block,-8,37,0,11,12.793116569519043
tfmf_2block_k2,-8,37,0,13,12.832636833190918
tfmf_2block_k4,-8,37,0,4,12.898365020751953
tfmf_2block_k7,-8,37,0,5,12.898113250732422
sq_det,-8,38,0,0,3.4031667709350586
tfmf_1block,-8,38,0,16,12.746935844421387
tfmf_2block,-8,38,0,21,12.793116569519043
tfmf_2block_k2,-8,38,0,10,12.832636833190918
tfmf_2block_k4,-8,38,0,8,12.898365020751953
tfmf_2block_k7,-8,38,0,9,12.898113250732422
sq_det,-8,39,0,0,3.4031667709350586
tfmf_1block,-8,39,0,7,12.746935844421387
tfmf_2block,-8,39,0,8,12.793116569519043
tfmf_2block_k2,-8,39,0,11,12.832636833190918
tfmf_2block_k4,-8,39,0,8,12.898365020751953
tfmf_2block_k7,-8,39,0,9,12.898113250732422
sq_det,-8,40,0,0,3.4031667709350586
tfmf_1block,-8,40,0,9,12.746935844421387
tfmf_2block,-8,40,0,11,12.793116569519043
tfmf_2block_k2,-8,40,0,9,12.832636833190918
tfmf_2block_k4,-8,40,0,14,12.898365020751953
tfmf_2block_k7,-8,40,0,12,12.898113250732422
sq_det,-8,41,0,1,3.4031667709350586
tfmf_1block,-8,41,0,12,12.746935844421387
tfmf_2block,-8,41,0,8,12.793116569519043
tfmf_2block_k2,-8,41,0,6,12.832636833190918
tfmf_2block_k4,-8,41,0,7,12.898365020751953
tfmf_2block_k7,-8,41,0,8,12.898113250732422
sq_det,-8,42,0,0,3.4031667709350586
tfmf_1block,-8,42,0,8,12.746935844421387
tfmf_2block,-8,42,0,8,12.793116569519043
tfmf_2block_k2,-8,42,0,9,12.832636833190918
tfmf_2block_k4,-8,42,0,8,12.898365020751953
tfmf_2block_k7,-8,42,0,8,12.898113250732422
sq_det,-8,43,0,0,3.4031667709350586
tfmf_1block,-8,43,0,9,12.746935844421387
tfmf_2block,-8,43,0,8,12.793116569519043
tfmf_2block_k2,-8,43,0,4,12.832636833190918
tfmf_2block_k4,-8,43,0,3,12.898365020751953
tfmf_2block_k7,-8,43,0,1,12.898113250732422
sq_det,-8,44,0,0,3.4031667709350586
tfmf_1block,-8,44,0,9,12.746935844421387
tfmf_2block,-8,44,0,12,12.793116569519043
tfmf_2block_k2,-8,44,0,11,12.832636833190918
tfmf_2block_k4,-8,44,0,5,12.898365020751953
tfmf_2block_k7,-8,44,0,5,12.898113250732422
sq_det,-8,45,0,0,3.4031667709350586
tfmf_1block,-8,45,0,9,12.746935844421387
tfmf_2block,-8,45,0,16,12.793116569519043
tfmf_2block_k2,-8,45,0,7,12.832636833190918
tfmf_2block_k4,-8,45,0,11,12.898365020751953
tfmf_2block_k7,-8,45,0,6,12.898113250732422
sq_det,-8,46,0,0,3.4031667709350586
tfmf_1block,-8,46,0,14,12.746935844421387
tfmf_2block,-8,46,0,10,12.793116569519043
tfmf_2block_k2,-8,46,0,5,12.832636833190918
tfmf_2block_k4,-8,46,0,8,12.898365020751953
tfmf_2block_k7,-8,46,0,6,12.898113250732422
sq_det,-8,47,0,0,3.4031667709350586
tfmf_1block,-8,47,0,15,12.746935844421387
tfmf_2block,-8,47,0,7,12.793116569519043
tfmf_2block_k2,-8,47,0,9,12.832636833190918
tfmf_2block_k4,-8,47,0,9,12.898365020751953
tfmf_2block_k7,-8,47,0,10,12.898113250732422
sq_det,-8,48,0,0,3.4031667709350586
tfmf_1block,-8,48,0,15,12.746935844421387
tfmf_2block,-8,48,0,14,12.793116569519043
tfmf_2block_k2,-8,48,0,8,12.832636833190918
tfmf_2block_k4,-8,48,0,10,12.898365020751953
tfmf_2block_k7,-8,48,0,5,12.898113250732422
sq_det,-8,49,0,0,3.4031667709350586
tfmf_1block,-8,49,0,10,12.746935844421387
tfmf_2block,-8,49,0,11,12.793116569519043
tfmf_2block_k2,-8,49,0,13,12.832636833190918
tfmf_2block_k4,-8,49,0,3,12.898365020751953
tfmf_2block_k7,-8,49,0,4,12.898113250732422
sq_det,-7,0,0,0,3.4031667709350586
tfmf_1block,-7,0,0,10,12.746935844421387
tfmf_2block,-7,0,0,12,12.793116569519043
tfmf_2block_k2,-7,0,0,5,12.832636833190918
tfmf_2block_k4,-7,0,0,7,12.898365020751953
tfmf_2block_k7,-7,0,0,8,12.898113250732422
sq_det,-7,1,0,0,3.4031667709350586
tfmf_1block,-7,1,0,16,12.746935844421387
tfmf_2block,-7,1,0,6,12.793116569519043
tfmf_2block_k2,-7,1,0,11,12.832636833190918
tfmf_2block_k4,-7,1,0,7,12.898365020751953
tfmf_2block_k7,-7,1,0,7,12.898113250732422
sq_det,-7,2,0,0,3.4031667709350586
tfmf_1block,-7,2,0,11,12.746935844421387
tfmf_2block,-7,2,0,12,12.793116569519043
tfmf_2block_k2,-7,2,0,9,12.832636833190918
tfmf_2block_k4,-7,2,0,7,12.898365020751953
tfmf_2block_k7,-7,2,0,5,12.898113250732422
sq_det,-7,3,0,0,3.4031667709350586
tfmf_1block,-7,3,0,11,12.746935844421387
tfmf_2block,-7,3,0,13,12.793116569519043
tfmf_2block_k2,-7,3,0,12,12.832636833190918
tfmf_2block_k4,-7,3,0,8,12.898365020751953
tfmf_2block_k7,-7,3,0,4,12.898113250732422
sq_det,-7,4,0,0,3.4031667709350586
tfmf_1block,-7,4,0,9,12.746935844421387
tfmf_2block,-7,4,0,12,12.793116569519043
tfmf_2block_k2,-7,4,0,15,12.832636833190918
tfmf_2block_k4,-7,4,0,6,12.898365020751953
tfmf_2block_k7,-7,4,0,6,12.898113250732422
sq_det,-7,5,0,0,3.4031667709350586
tfmf_1block,-7,5,0,12,12.746935844421387
tfmf_2block,-7,5,0,11,12.793116569519043
tfmf_2block_k2,-7,5,0,12,12.832636833190918
tfmf_2block_k4,-7,5,0,7,12.898365020751953
tfmf_2block_k7,-7,5,0,10,12.898113250732422
sq_det,-7,6,0,0,3.4031667709350586
tfmf_1block,-7,6,0,13,12.746935844421387
tfmf_2block,-7,6,0,11,12.793116569519043
tfmf_2block_k2,-7,6,0,14,12.832636833190918
tfmf_2block_k4,-7,6,0,7,12.898365020751953
tfmf_2block_k7,-7,6,0,5,12.898113250732422
sq_det,-7,7,0,0,3.4031667709350586
tfmf_1block,-7,7,0,15,12.746935844421387
tfmf_2block,-7,7,0,12,12.793116569519043
tfmf_2block_k2,-7,7,0,12,12.832636833190918
tfmf_2block_k4,-7,7,0,11,12.898365020751953
tfmf_2block_k7,-7,7,0,7,12.898113250732422
sq_det,-7,8,0,1,3.4031667709350586
tfmf_1block,-7,8,0,14,12.746935844421387
tfmf_2block,-7,8,0,11,12.793116569519043
tfmf_2block_k2,-7,8,0,5,12.832636833190918
tfmf_2block_k4,-7,8,0,4,12.898365020751953
tfmf_2block_k7,-7,8,0,4,12.898113250732422
sq_det,-7,9,0,0,3.4031667709350586
tfmf_1block,-7,9,0,13,12.746935844421387
tfmf_2block,-7,9,0,14,12.793116569519043
tfmf_2block_k2,-7,9,0,9,12.832636833190918
tfmf_2block_k4,-7,9,0,8,12.898365020751953
tfmf_2block_k7,-7,9,0,5,12.898113250732422
sq_det,-7,10,0,0,3.4031667709350586
tfmf_1block,-7,10,0,9,12.746935844421387
tfmf_2block,-7,10,0,10,12.793116569519043
tfmf_2block_k2,-7,10,0,4,12.832636833190918
tfmf_2block_k4,-7,10,0,9,12.898365020751953
tfmf_2block_k7,-7,10,0,9,12.898113250732422
sq_det,-7,11,0,0,3.4031667709350586
tfmf_1block,-7,11,0,13,12.746935844421387
tfmf_2block,-7,11,0,4,12.793116569519043
tfmf_2block_k2,-7,11,0,9,12.832636833190918
tfmf_2block_k4,-7,11,0,5,12.898365020751953
tfmf_2block_k7,-7,11,0,7,12.898113250732422
sq_det,-7,12,0,0,3.4031667709350586
tfmf_1block,-7,12,0,13,12.746935844421387
tfmf_2block,-7,12,0,18,12.793116569519043
tfmf_2block_k2,-7,12,0,8,12.832636833190918
tfmf_2block_k4,-7,12,0,8,12.898365020751953
tfmf_2block_k7,-7,12,0,8,12.898113250732422
sq_det,-7,13,0,0,3.4031667709350586
tfmf_1block,-7,13,0,12,12.746935844421387
tfmf_2block,-7,13,0,8,12.793116569519043
tfmf_2block_k2,-7,13,0,12,12.832636833190918
tfmf_2block_k4,-7,13,0,2,12.898365020751953
tfmf_2block_k7,-7,13,0,2,12.898113250732422
sq_det,-7,14,0,0,3.4031667709350586
tfmf_1block,-7,14,0,13,12.746935844421387
tfmf_2block,-7,14,0,14,12.793116569519043
tfmf_2block_k2,-7,14,0,11,12.832636833190918
tfmf_2block_k4,-7,14,0,8,12.898365020751953
tfmf_2block_k7,-7,14,0,6,12.898113250732422
sq_det,-7,15,0,0,3.4031667709350586
tfmf_1block,-7,15,0,15,12.746935844421387
tfmf_2block,-7,15,0,14,12.793116569519043
tfmf_2block_k2,-7,15,1,11,12.832636833190918
tfmf_2block_k4,-7,15,0,6,12.898365020751953
tfmf_2block_k7,-7,15,0,12,12.898113250732422
sq_det,-7,16,0,0,3.4031667709350586
tfmf_1block,-7,16,0,8,12.746935844421387
tfmf_2block,-7,16,0,15,12.793116569519043
tfmf_2block_k2,-7,16,0,4,12.832636833190918
tfmf_2block_k4,-7,16,0,7,12.898365020751953
tfmf_2block_k7,-7,16,0,5,12.898113250732422
sq_det,-7,17,0,0,3.4031667709350586
tfmf_1block,-7,17,0,6,12.746935844421387
tfmf_2block,-7,17,0,13,12.793116569519043
tfmf_2block_k2,-7,17,0,12,12.832636833190918
tfmf_2block_k4,-7,17,0,2,12.898365020751953
tfmf_2block_k7,-7,17,0,4,12.898113250732422
sq_det,-7,18,0,0,3.4031667709350586
tfmf_1block,-7,18,0,12,12.746935844421387
tfmf_2block,-7,18,0,10,12.793116569519043
tfmf_2block_k2,-7,18,0,11,12.832636833190918
tfmf_2block_k4,-7,18,0,9,12.898365020751953
tfmf_2block_k7,-7,18,0,6,12.898113250732422
sq_det,-7,19,0,0,3.4031667709350586
tfmf_1block,-7,19,0,12,12.746935844421387
tfmf_2block,-7,19,0,13,12.793116569519043
tfmf_2block_k2,-7,19,0,11,12.832636833190918
tfmf_2block_k4,-7,19,0,8,12.898365020751953
tfmf_2block_k7,-7,19,0,14,12.898113250732422
sq_det,-7,20,0,0,3.4031667709350586
tfmf_1block,-7,20,0,17,12.746935844421387
tfmf_2block,-7,20,0,11,12.793116569519043
tfmf_2block_k2,-7,20,0,7,12.832636833190918
tfmf_2block_k4,-7,20,0,7,12.898365020751953
tfmf_2block_k7,-7,20,0,2,12.898113250732422
sq_det,-7,21,0,0,3.4031667709350586
tfmf_1block,-7,21,0,9,12.746935844421387
tfmf_2block,-7,21,0,7,12.793116569519043
tfmf_2block_k2,-7,21,0,8,12.832636833190918
tfmf_2block_k4,-7,21,0,7,12.898365020751953
tfmf_2block_k7,-7,21,0,6,12.898113250732422
sq_det,-7,22,0,0,3.4031667709350586
tfmf_1block,-7,22,0,14,12.746935844421387
tfmf_2block,-7,22,0,15,12.793116569519043
tfmf_2block_k2,-7,22,0,14,12.832636833190918
tfmf_2block_k4,-7,22,0,8,12.898365020751953
tfmf_2block_k7,-7,22,0,2,12.898113250732422
sq_det,-7,23,0,0,3.4031667709350586
tfmf_1block,-7,23,0,13,12.746935844421387
tfmf_2block,-7,23,0,11,12.793116569519043
tfmf_2block_k2,-7,23,0,4,12.832636833190918
tfmf_2block_k4,-7,23,0,9,12.898365020751953
tfmf_2block_k7,-7,23,0,10,12.898113250732422
sq_det,-7,24,0,0,3.4031667709350586
tfmf_1block,-7,24,0,9,12.746935844421387
tfmf_2block,-7,24,0,13,12.793116569519043
tfmf_2block_k2,-7,24,0,9,12.832636833190918
tfmf_2block_k4,-7,24,0,8,12.898365020751953
tfmf_2block_k7,-7,24,0,5,12.898113250732422
sq_det,-7,25,1,2,3.4031667709350586
tfmf_1block,-7,25,0,10,12.746935844421387
tfmf_2block,-7,25,0,17,12.793116569519043
tfmf_2block_k2,-7,25,0,12,12.832636833190918
tfmf_2block_k4,-7,25,0,11,12.898365020751953
tfmf_2block_k7,-7,25,0,3,12.898113250732422
sq_det,-7,26,0,0,3.4031667709350586
tfmf_1block,-7,26,0,5,12.746935844421387
tfmf_2block,-7,26,0,7,12.793116569519043
tfmf_2block_k2,-7,26,0,9,12.832636833190918
tfmf_2block_k4,-7,26,0,8,12.898365020751953
tfmf_2block_k7,-7,26,0,3,12.898113250732422
sq_det,-7,27,0,0,3.4031667709350586
tfmf_1block,-7,27,0,10,12.746935844421387
tfmf_2block,-7,27,0,8,12.793116569519043
tfmf_2block_k2,-7,27,0,13,12.832636833190918
tfmf_2block_k4,-7,27,0,9,12.898365020751953
tfmf_2block_k7,-7,27,0,6,12.898113250732422
sq_det,-7,28,0,0,3.4031667709350586
tfmf_1block,-7,28,0,13,12.746935844421387
tfmf_2block,-7,28,0,11,12.793116569519043
tfmf_2block_k2,-7,28,0,7,12.832636833190918
tfmf_2block_k4,-7,28,0,6,12.898365020751953
tfmf_2block_k7,-7,28,0,9,12.898113250732422
sq_det,-7,29,0,0,3.4031667709350586
tfmf_1block,-7,29,0,15,12.746935844421387
tfmf_2block,-7,29,0,9,12.793116569519043
tfmf_2block_k2,-7,29,0,10,12.832636833190918
tfmf_2block_k4,-7,29,0,10,12.898365020751953
tfmf_2block_k7,-7,29,0,11,12.898113250732422
sq_det,-7,30,0,0,3.4031667709350586
tfmf_1block,-7,30,0,8,12.746935844421387
tfmf_2block,-7,30,0,7,12.793116569519043
tfmf_2block_k2,-7,30,0,6,12.832636833190918
tfmf_2block_k4,-7,30,0,7,12.898365020751953
tfmf_2block_k7,-7,30,0,6,12.898113250732422
sq_det,-7,31,0,0,3.4031667709350586
tfmf_1block,-7,31,0,13,12.746935844421387
tfmf_2block,-7,31,0,6,12.793116569519043
tfmf_2block_k2,-7,31,0,9,12.832636833190918
tfmf_2block_k4,-7,31,0,8,12.898365020751953
tfmf_2block_k7,-7,31,0,5,12.898113250732422
sq_det,-7,32,0,0,3.4031667709350586
tfmf_1block,-7,32,0,9,12.746935844421387
tfmf_2block,-7,32,0,6,12.793116569519043
tfmf_2block_k2,-7,32,0,9,12.832636833190918
tfmf_2block_k4,-7,32,0,7,12.898365020751953
tfmf_2block_k7,-7,32,0,12,12.898113250732422
sq_det,-7,33,0,0,3.4031667709350586
tfmf_1block,-7,33,0,12,12.746935844421387
tfmf_2block,-7,33,0,18,12.793116569519043
tfmf_2block_k2,-7,33,0,15,12.832636833190918
tfmf_2block_k4,-7,33,0,6,12.898365020751953
tfmf_2block_k7,-7,33,0,10,12.898113250732422
sq_det,-7,34,0,0,3.4031667709350586
tfmf_1block,-7,34,0,8,12.746935844421387
tfmf_2block,-7,34,0,16,12.793116569519043
tfmf_2block_k2,-7,34,0,10,12.832636833190918
tfmf_2block_k4,-7,34,0,10,12.898365020751953
tfmf_2block_k7,-7,34,0,2,12.898113250732422
sq_det,-7,35,0,0,3.4031667709350586
tfmf_1block,-7,35,0,16,12.746935844421387
tfmf_2block,-7,35,0,12,12.793116569519043
tfmf_2block_k2,-7,35,0,11,12.832636833190918
tfmf_2block_k4,-7,35,0,7,12.898365020751953
tfmf_2block_k7,-7,35,0,11,12.898113250732422
sq_det,-7,36,0,0,3.4031667709350586
tfmf_1block,-7,36,0,16,12.746935844421387
tfmf_2block,-7,36,0,9,12.793116569519043
tfmf_2block_k2,-7,36,0,11,12.832636833190918
tfmf_2block_k4,-7,36,0,6,12.898365020751953
tfmf_2block_k7,-7,36,0,4,12.898113250732422
sq_det,-7,37,0,0,3.4031667709350586
tfmf_1block,-7,37,0,14,12.746935844421387
tfmf_2block,-7,37,0,8,12.793116569519043
tfmf_2block_k2,-7,37,0,11,12.832636833190918
tfmf_2block_k4,-7,37,0,7,12.898365020751953
tfmf_2block_k7,-7,37,0,8,12.898113250732422
sq_det,-7,38,0,0,3.4031667709350586
tfmf_1block,-7,38,0,13,12.746935844421387
tfmf_2block,-7,38,0,8,12.793116569519043
tfmf_2block_k2,-7,38,0,10,12.832636833190918
tfmf_2block_k4,-7,38,0,6,12.898365020751953
tfmf_2block_k7,-7,38,0,8,12.898113250732422
sq_det,-7,39,0,0,3.4031667709350586
tfmf_1block,-7,39,0,13,12.746935844421387
tfmf_2block,-7,39,0,8,12.793116569519043
tfmf_2block_k2,-7,39,0,10,12.832636833190918
tfmf_2block_k4,-7,39,0,10,12.898365020751953
tfmf_2block_k7,-7,39,0,11,12.898113250732422
sq_det,-7,40,0,0,3.4031667709350586
tfmf_1block,-7,40,0,21,12.746935844421387
tfmf_2block,-7,40,0,12,12.793116569519043
tfmf_2block_k2,-7,40,0,12,12.832636833190918
tfmf_2block_k4,-7,40,0,6,12.898365020751953
tfmf_2block_k7,-7,40,0,8,12.898113250732422
sq_det,-7,41,0,0,3.4031667709350586
tfmf_1block,-7,41,0,17,12.746935844421387
tfmf_2block,-7,41,0,9,12.793116569519043
tfmf_2block_k2,-7,41,0,10,12.832636833190918
tfmf_2block_k4,-7,41,0,8,12.898365020751953
tfmf_2block_k7,-7,41,0,9,12.898113250732422
sq_det,-7,42,0,0,3.4031667709350586
tfmf_1block,-7,42,0,8,12.746935844421387
tfmf_2block,-7,42,0,11,12.793116569519043
tfmf_2block_k2,-7,42,0,8,12.832636833190918
tfmf_2block_k4,-7,42,0,8,12.898365020751953
tfmf_2block_k7,-7,42,0,5,12.898113250732422
sq_det,-7,43,0,0,3.4031667709350586
tfmf_1block,-7,43,0,17,12.746935844421387
tfmf_2block,-7,43,0,7,12.793116569519043
tfmf_2block_k2,-7,43,0,11,12.832636833190918
tfmf_2block_k4,-7,43,0,7,12.898365020751953
tfmf_2block_k7,-7,43,0,9,12.898113250732422
sq_det,-7,44,0,0,3.4031667709350586
tfmf_1block,-7,44,0,10,12.746935844421387
tfmf_2block,-7,44,0,6,12.793116569519043
tfmf_2block_k2,-7,44,0,7,12.832636833190918
tfmf_2block_k4,-7,44,0,8,12.898365020751953
tfmf_2block_k7,-7,44,0,12,12.898113250732422
sq_det,-7,45,0,2,3.4031667709350586
tfmf_1block,-7,45,0,26,12.746935844421387
tfmf_2block,-7,45,0,9,12.793116569519043
tfmf_2block_k2,-7,45,0,11,12.832636833190918
tfmf_2block_k4,-7,45,0,13,12.898365020751953
tfmf_2block_k7,-7,45,0,10,12.898113250732422
sq_det,-7,46,0,0,3.4031667709350586
tfmf_1block,-7,46,0,12,12.746935844421387
tfmf_2block,-7,46,0,15,12.793116569519043
tfmf_2block_k2,-7,46,0,7,12.832636833190918
tfmf_2block_k4,-7,46,0,9,12.898365020751953
tfmf_2block_k7,-7,46,0,11,12.898113250732422
sq_det,-7,47,0,1,3.4031667709350586
tfmf_1block,-7,47,0,11,12.746935844421387
tfmf_2block,-7,47,0,12,12.793116569519043
tfmf_2block_k2,-7,47,0,10,12.832636833190918
tfmf_2block_k4,-7,47,0,7,12.898365020751953
tfmf_2block_k7,-7,47,0,19,12.898113250732422
sq_det,-7,48,0,0,3.4031667709350586
tfmf_1block,-7,48,0,14,12.746935844421387
tfmf_2block,-7,48,0,9,12.793116569519043
tfmf_2block_k2,-7,48,0,13,12.832636833190918
tfmf_2block_k4,-7,48,0,8,12.898365020751953
tfmf_2block_k7,-7,48,0,8,12.898113250732422
sq_det,-7,49,0,0,3.4031667709350586
tfmf_1block,-7,49,0,16,12.746935844421387
tfmf_2block,-7,49,0,11,12.793116569519043
tfmf_2block_k2,-7,49,0,10,12.832636833190918
tfmf_2block_k4,-7,49,0,13,12.898365020751953
tfmf_2block_k7,-7,49,0,11,12.898113250732422
sq_det,-6,0,0,0,3.4031667709350586
tfmf_1block,-6,0,0,14,12.746935844421387
tfmf_2block,-6,0,0,5,12.793116569519043
tfmf_2block_k2,-6,0,0,5,12.832636833190918
tfmf_2block_k4,-6,0,0,9,12.898365020751953
tfmf_2block_k7,-6,0,0,7,12.898113250732422
sq_det,-6,1,0,0,3.4031667709350586
tfmf_1block,-6,1,0,9,12.746935844421387
tfmf_2block,-6,1,0,13,12.793116569519043
tfmf_2block_k2,-6,1,0,6,12.832636833190918
tfmf_2block_k4,-6,1,0,5,12.898365020751953
tfmf_2block_k7,-6,1,0,10,12.898113250732422
sq_det,-6,2,0,0,3.4031667709350586
tfmf_1block,-6,2,0,21,12.746935844421387
tfmf_2block,-6,2,0,11,12.793116569519043
tfmf_2block_k2,-6,2,0,6,12.832636833190918
tfmf_2block_k4,-6,2,0,8,12.898365020751953
tfmf_2block_k7,-6,2,0,9,12.898113250732422
sq_det,-6,3,0,0,3.4031667709350586
tfmf_1block,-6,3,0,14,12.746935844421387
tfmf_2block,-6,3,0,6,12.793116569519043
tfmf_2block_k2,-6,3,0,18,12.832636833190918
tfmf_2block_k4,-6,3,0,11,12.898365020751953
tfmf_2block_k7,-6,3,0,5,12.898113250732422
sq_det,-6,4,0,0,3.4031667709350586
tfmf_1block,-6,4,0,9,12.746935844421387
tfmf_2block,-6,4,0,7,12.793116569519043
tfmf_2block_k2,-6,4,0,8,12.832636833190918
tfmf_2block_k4,-6,4,0,10,12.898365020751953
tfmf_2block_k7,-6,4,0,10,12.898113250732422
sq_det,-6,5,0,0,3.4031667709350586
tfmf_1block,-6,5,0,12,12.746935844421387
tfmf_2block,-6,5,0,18,12.793116569519043
tfmf_2block_k2,-6,5,0,10,12.832636833190918
tfmf_2block_k4,-6,5,0,6,12.898365020751953
tfmf_2block_k7,-6,5,0,7,12.898113250732422
sq_det,-6,6,0,0,3.4031667709350586
tfmf_1block,-6,6,0,15,12.746935844421387
tfmf_2block,-6,6,0,12,12.793116569519043
tfmf_2block_k2,-6,6,0,11,12.832636833190918
tfmf_2block_k4,-6,6,0,9,12.898365020751953
tfmf_2block_k7,-6,6,0,5,12.898113250732422
sq_det,-6,7,0,0,3.4031667709350586
tfmf_1block,-6,7,0,11,12.746935844421387
tfmf_2block,-6,7,0,3,12.793116569519043
tfmf_2block_k2,-6,7,0,17,12.832636833190918
tfmf_2block_k4,-6,7,0,5,12.898365020751953
tfmf_2block_k7,-6,7,0,9,12.898113250732422
sq_det,-6,8,0,0,3.4031667709350586
tfmf_1block,-6,8,0,11,12.746935844421387
tfmf_2block,-6,8,0,12,12.793116569519043
tfmf_2block_k2,-6,8,0,15,12.832636833190918
tfmf_2block_k4,-6,8,0,6,12.898365020751953
tfmf_2block_k7,-6,8,0,4,12.898113250732422
sq_det,-6,9,0,0,3.4031667709350586
tfmf_1block,-6,9,0,7,12.746935844421387
tfmf_2block,-6,9,0,8,12.793116569519043
tfmf_2block_k2,-6,9,0,9,12.832636833190918
tfmf_2block_k4,-6,9,0,5,12.898365020751953
tfmf_2block_k7,-6,9,0,13,12.898113250732422
sq_det,-6,10,0,0,3.4031667709350586
tfmf_1block,-6,10,0,14,12.746935844421387
tfmf_2block,-6,10,0,18,12.793116569519043
tfmf_2block_k2,-6,10,0,8,12.832636833190918
tfmf_2block_k4,-6,10,0,6,12.898365020751953
tfmf_2block_k7,-6,10,0,7,12.898113250732422
sq_det,-6,11,0,1,3.4031667709350586
tfmf_1block,-6,11,0,15,12.746935844421387
tfmf_2block,-6,11,0,9,12.793116569519043
tfmf_2block_k2,-6,11,0,8,12.832636833190918
tfmf_2block_k4,-6,11,0,6,12.898365020751953
tfmf_2block_k7,-6,11,0,8,12.898113250732422
sq_det,-6,12,0,0,3.4031667709350586
tfmf_1block,-6,12,0,12,12.746935844421387
tfmf_2block,-6,12,0,5,12.793116569519043
tfmf_2block_k2,-6,12,0,12,12.832636833190918
tfmf_2block_k4,-6,12,0,7,12.898365020751953
tfmf_2block_k7,-6,12,0,10,12.898113250732422
sq_det,-6,13,0,0,3.4031667709350586
tfmf_1block,-6,13,0,8,12.746935844421387
tfmf_2block,-6,13,0,15,12.793116569519043
tfmf_2block_k2,-6,13,0,8,12.832636833190918
tfmf_2block_k4,-6,13,0,4,12.898365020751953
tfmf_2block_k7,-6,13,0,3,12.898113250732422
sq_det,-6,14,0,0,3.4031667709350586
tfmf_1block,-6,14,0,15,12.746935844421387
tfmf_2block,-6,14,0,10,12.793116569519043
tfmf_2block_k2,-6,14,0,10,12.832636833190918
tfmf_2block_k4,-6,14,0,10,12.898365020751953
tfmf_2block_k7,-6,14,0,6,12.898113250732422
sq_det,-6,15,0,0,3.4031667709350586
tfmf_1block,-6,15,0,11,12.746935844421387
tfmf_2block,-6,15,0,12,12.793116569519043
tfmf_2block_k2,-6,15,0,14,12.832636833190918
tfmf_2block_k4,-6,15,0,9,12.898365020751953
tfmf_2block_k7,-6,15,0,5,12.898113250732422
sq_det,-6,16,0,0,3.4031667709350586
tfmf_1block,-6,16,0,13,12.746935844421387
tfmf_2block,-6,16,0,11,12.793116569519043
tfmf_2block_k2,-6,16,0,12,12.832636833190918
tfmf_2block_k4,-6,16,0,5,12.898365020751953
tfmf_2block_k7,-6,16,0,4,12.898113250732422
sq_det,-6,17,0,0,3.4031667709350586
tfmf_1block,-6,17,0,14,12.746935844421387
tfmf_2block,-6,17,0,14,12.793116569519043
tfmf_2block_k2,-6,17,0,11,12.832636833190918
tfmf_2block_k4,-6,17,0,13,12.898365020751953
tfmf_2block_k7,-6,17,0,7,12.898113250732422
sq_det,-6,18,0,0,3.4031667709350586
tfmf_1block,-6,18,0,12,12.746935844421387
tfmf_2block,-6,18,0,7,12.793116569519043
tfmf_2block_k2,-6,18,0,9,12.832636833190918
tfmf_2block_k4,-6,18,0,9,12.898365020751953
tfmf_2block_k7,-6,18,0,8,12.898113250732422
sq_det,-6,19,0,1,3.4031667709350586
tfmf_1block,-6,19,0,15,12.746935844421387
tfmf_2block,-6,19,0,9,12.793116569519043
tfmf_2block_k2,-6,19,0,12,12.832636833190918
tfmf_2block_k4,-6,19,0,13,12.898365020751953
tfmf_2block_k7,-6,19,0,6,12.898113250732422
sq_det,-6,20,0,0,3.4031667709350586
tfmf_1block,-6,20,0,10,12.746935844421387
tfmf_2block,-6,20,0,8,12.793116569519043
tfmf_2block_k2,-6,20,0,13,12.832636833190918
tfmf_2block_k4,-6,20,0,8,12.898365020751953
tfmf_2block_k7,-6,20,0,7,12.898113250732422
sq_det,-6,21,0,0,3.4031667709350586
tfmf_1block,-6,21,0,7,12.746935844421387
tfmf_2block,-6,21,0,11,12.793116569519043
tfmf_2block_k2,-6,21,0,10,12.832636833190918
tfmf_2block_k4,-6,21,0,5,12.898365020751953
tfmf_2block_k7,-6,21,0,15,12.898113250732422
sq_det,-6,22,0,1,3.4031667709350586
tfmf_1block,-6,22,0,5,12.746935844421387
tfmf_2block,-6,22,0,9,12.793116569519043
tfmf_2block_k2,-6,22,0,5,12.832636833190918
tfmf_2block_k4,-6,22,0,6,12.898365020751953
tfmf_2block_k7,-6,22,0,7,12.898113250732422
sq_det,-6,23,0,0,3.4031667709350586
tfmf_1block,-6,23,0,11,12.746935844421387
tfmf_2block,-6,23,0,6,12.793116569519043
tfmf_2block_k2,-6,23,0,12,12.832636833190918
tfmf_2block_k4,-6,23,0,10,12.898365020751953
tfmf_2block_k7,-6,23,0,12,12.898113250732422
sq_det,-6,24,0,0,3.4031667709350586
tfmf_1block,-6,24,0,18,12.746935844421387
tfmf_2block,-6,24,0,13,12.793116569519043
tfmf_2block_k2,-6,24,0,7,12.832636833190918
tfmf_2block_k4,-6,24,0,6,12.898365020751953
tfmf_2block_k7,-6,24,0,2,12.898113250732422
sq_det,-6,25,0,0,3.4031667709350586
tfmf_1block,-6,25,0,13,12.746935844421387
tfmf_2block,-6,25,0,17,12.793116569519043
tfmf_2block_k2,-6,25,0,8,12.832636833190918
tfmf_2block_k4,-6,25,0,9,12.898365020751953
tfmf_2block_k7,-6,25,0,6,12.898113250732422
sq_det,-6,26,1,1,3.4031667709350586
tfmf_1block,-6,26,0,8,12.746935844421387
tfmf_2block,-6,26,0,15,12.793116569519043
tfmf_2block_k2,-6,26,0,10,12.832636833190918
tfmf_2block_k4,-6,26,0,8,12.898365020751953
tfmf_2block_k7,-6,26,0,13,12.898113250732422
sq_det,-6,27,0,0,3.4031667709350586
tfmf_1block,-6,27,0,15,12.746935844421387
tfmf_2block,-6,27,0,10,12.793116569519043
tfmf_2block_k2,-6,27,0,15,12.832636833190918
tfmf_2block_k4,-6,27,0,9,12.898365020751953
tfmf_2block_k7,-6,27,0,12,12.898113250732422
sq_det,-6,28,0,1,3.4031667709350586
tfmf_1block,-6,28,0,11,12.746935844421387
tfmf_2block,-6,28,0,15,12.793116569519043
tfmf_2block_k2,-6,28,0,9,12.832636833190918
tfmf_2block_k4,-6,28,0,4,12.898365020751953
tfmf_2block_k7,-6,28,0,6,12.898113250732422
sq_det,-6,29,0,0,3.4031667709350586
tfmf_1block,-6,29,0,11,12.746935844421387
tfmf_2block,-6,29,0,14,12.793116569519043
tfmf_2block_k2,-6,29,0,12,12.832636833190918
tfmf_2block_k4,-6,29,0,8,12.898365020751953
tfmf_2block_k7,-6,29,0,10,12.898113250732422
sq_det,-6,30,0,0,3.4031667709350586
tfmf_1block,-6,30,0,14,12.746935844421387
tfmf_2block,-6,30,0,10,12.793116569519043
tfmf_2block_k2,-6,30,0,10,12.832636833190918
tfmf_2block_k4,-6,30,0,9,12.898365020751953
tfmf_2block_k7,-6,30,0,7,12.898113250732422
sq_det,-6,31,1,1,3.4031667709350586
tfmf_1block,-6,31,0,10,12.746935844421387
tfmf_2block,-6,31,0,14,12.793116569519043
tfmf_2block_k2,-6,31,0,4,12.832636833190918
tfmf_2block_k4,-6,31,0,7,12.898365020751953
tfmf_2block_k7,-6,31,0,6,12.898113250732422
sq_det,-6,32,0,0,3.4031667709350586
tfmf_1block,-6,32,0,13,12.746935844421387
tfmf_2block,-6,32,0,12,12.793116569519043
tfmf_2block_k2,-6,32,0,9,12.832636833190918
tfmf_2block_k4,-6,32,0,9,12.898365020751953
tfmf_2block_k7,-6,32,0,6,12.898113250732422
sq_det,-6,33,0,0,3.4031667709350586
tfmf_1block,-6,33,0,11,12.746935844421387
tfmf_2block,-6,33,0,10,12.793116569519043
tfmf_2block_k2,-6,33,0,5,12.832636833190918
tfmf_2block_k4,-6,33,0,12,12.898365020751953
tfmf_2block_k7,-6,33,0,5,12.898113250732422
sq_det,-6,34,0,0,3.4031667709350586
tfmf_1block,-6,34,0,11,12.746935844421387
tfmf_2block,-6,34,0,11,12.793116569519043
tfmf_2block_k2,-6,34,0,11,12.832636833190918
tfmf_2block_k4,-6,34,0,12,12.898365020751953
tfmf_2block_k7,-6,34,0,11,12.898113250732422
sq_det,-6,35,0,0,3.4031667709350586
tfmf_1block,-6,35,0,10,12.746935844421387
tfmf_2block,-6,35,0,14,12.793116569519043
tfmf_2block_k2,-6,35,0,9,12.832636833190918
tfmf_2block_k4,-6,35,0,6,12.898365020751953
tfmf_2block_k7,-6,35,0,6,12.898113250732422
sq_det,-6,36,0,0,3.4031667709350586
tfmf_1block,-6,36,0,13,12.746935844421387
tfmf_2block,-6,36,0,13,12.793116569519043
tfmf_2block_k2,-6,36,0,13,12.832636833190918
tfmf_2block_k4,-6,36,0,10,12.898365020751953
tfmf_2block_k7,-6,36,0,12,12.898113250732422
sq_det,-6,37,0,2,3.4031667709350586
tfmf_1block,-6,37,0,13,12.746935844421387
tfmf_2block,-6,37,0,8,12.793116569519043
tfmf_2block_k2,-6,37,0,5,12.832636833190918
tfmf_2block_k4,-6,37,0,10,12.898365020751953
tfmf_2block_k7,-6,37,0,8,12.898113250732422
sq_det,-6,38,0,0,3.4031667709350586
tfmf_1block,-6,38,0,16,12.746935844421387
tfmf_2block,-6,38,0,7,12.793116569519043
tfmf_2block_k2,-6,38,0,12,12.832636833190918
tfmf_2block_k4,-6,38,0,7,12.898365020751953
tfmf_2block_k7,-6,38,0,6,12.898113250732422
sq_det,-6,39,0,0,3.4031667709350586
tfmf_1block,-6,39,0,9,12.746935844421387
tfmf_2block,-6,39,0,12,12.793116569519043
tfmf_2block_k2,-6,39,0,11,12.832636833190918
tfmf_2block_k4,-6,39,0,7,12.898365020751953
tfmf_2block_k7,-6,39,0,7,12.898113250732422
sq_det,-6,40,0,0,3.4031667709350586
tfmf_1block,-6,40,0,14,12.746935844421387
tfmf_2block,-6,40,0,11,12.793116569519043
tfmf_2block_k2,-6,40,0,4,12.832636833190918
tfmf_2block_k4,-6,40,0,7,12.898365020751953
tfmf_2block_k7,-6,40,0,6,12.898113250732422
sq_det,-6,41,0,0,3.4031667709350586
tfmf_1block,-6,41,0,9,12.746935844421387
tfmf_2block,-6,41,0,9,12.793116569519043
tfmf_2block_k2,-6,41,0,12,12.832636833190918
tfmf_2block_k4,-6,41,0,7,12.898365020751953
tfmf_2block_k7,-6,41,0,3,12.898113250732422
sq_det,-6,42,0,0,3.4031667709350586
tfmf_1block,-6,42,0,20,12.746935844421387
tfmf_2block,-6,42,0,14,12.793116569519043
tfmf_2block_k2,-6,42,0,7,12.832636833190918
tfmf_2block_k4,-6,42,0,9,12.898365020751953
tfmf_2block_k7,-6,42,0,15,12.898113250732422
sq_det,-6,43,0,0,3.4031667709350586
tfmf_1block,-6,43,0,12,12.746935844421387
tfmf_2block,-6,43,0,10,12.793116569519043
tfmf_2block_k2,-6,43,0,8,12.832636833190918
tfmf_2block_k4,-6,43,0,8,12.898365020751953
tfmf_2block_k7,-6,43,0,4,12.898113250732422
sq_det,-6,44,0,0,3.4031667709350586
tfmf_1block,-6,44,0,10,12.746935844421387
tfmf_2block,-6,44,0,10,12.793116569519043
tfmf_2block_k2,-6,44,0,7,12.832636833190918
tfmf_2block_k4,-6,44,0,6,12.898365020751953
tfmf_2block_k7,-6,44,0,6,12.898113250732422
sq_det,-6,45,0,0,3.4031667709350586
tfmf_1block,-6,45,0,16,12.746935844421387
tfmf_2block,-6,45,0,7,12.793116569519043
tfmf_2block_k2,-6,45,0,6,12.832636833190918
tfmf_2block_k4,-6,45,0,12,12.898365020751953
tfmf_2block_k7,-6,45,0,9,12.898113250732422
sq_det,-6,46,0,0,3.4031667709350586
tfmf_1block,-6,46,0,12,12.746935844421387
tfmf_2block,-6,46,0,5,12.793116569519043
tfmf_2block_k2,-6,46,0,9,12.832636833190918
tfmf_2block_k4,-6,46,0,9,12.898365020751953
tfmf_2block_k7,-6,46,0,1,12.898113250732422
sq_det,-6,47,0,1,3.4031667709350586
tfmf_1block,-6,47,0,14,12.746935844421387
tfmf_2block,-6,47,0,16,12.793116569519043
tfmf_2block_k2,-6,47,0,10,12.832636833190918
tfmf_2block_k4,-6,47,0,6,12.898365020751953
tfmf_2block_k7,-6,47,0,7,12.898113250732422
sq_det,-6,48,0,0,3.4031667709350586
tfmf_1block,-6,48,0,18,12.746935844421387
tfmf_2block,-6,48,0,6,12.793116569519043
tfmf_2block_k2,-6,48,0,8,12.832636833190918
tfmf_2block_k4,-6,48,0,6,12.898365020751953
tfmf_2block_k7,-6,48,0,11,12.898113250732422
sq_det,-6,49,0,0,3.4031667709350586
tfmf_1block,-6,49,0,11,12.746935844421387
tfmf_2block,-6,49,0,7,12.793116569519043
tfmf_2block_k2,-6,49,0,7,12.832636833190918
tfmf_2block_k4,-6,49,0,7,12.898365020751953
tfmf_2block_k7,-6,49,0,6,12.898113250732422
sq_det,-5,0,0,0,3.4031667709350586
tfmf_1block,-5,0,0,4,12.746935844421387
tfmf_2block,-5,0,0,13,12.793116569519043
tfmf_2block_k2,-5,0,0,9,12.832636833190918
tfmf_2block_k4,-5,0,0,10,12.898365020751953
tfmf_2block_k7,-5,0,0,8,12.898113250732422
sq_det,-5,1,0,1,3.4031667709350586
tfmf_1block,-5,1,0,7,12.746935844421387
tfmf_2block,-5,1,0,12,12.793116569519043
tfmf_2block_k2,-5,1,0,11,12.832636833190918
tfmf_2block_k4,-5,1,0,12,12.898365020751953
tfmf_2block_k7,-5,1,0,8,12.898113250732422
sq_det,-5,2,0,1,3.4031667709350586
tfmf_1block,-5,2,0,13,12.746935844421387
tfmf_2block,-5,2,0,13,12.793116569519043
tfmf_2block_k2,-5,2,0,13,12.832636833190918
tfmf_2block_k4,-5,2,0,5,12.898365020751953
tfmf_2block_k7,-5,2,0,5,12.898113250732422
sq_det,-5,3,0,1,3.4031667709350586
tfmf_1block,-5,3,0,6,12.746935844421387
tfmf_2block,-5,3,0,7,12.793116569519043
tfmf_2block_k2,-5,3,0,10,12.832636833190918
tfmf_2block_k4,-5,3,0,15,12.898365020751953
tfmf_2block_k7,-5,3,0,12,12.898113250732422
sq_det,-5,4,0,0,3.4031667709350586
tfmf_1block,-5,4,0,14,12.746935844421387
tfmf_2block,-5,4,0,8,12.793116569519043
tfmf_2block_k2,-5,4,0,6,12.832636833190918
tfmf_2block_k4,-5,4,0,6,12.898365020751953
tfmf_2block_k7,-5,4,0,13,12.898113250732422
sq_det,-5,5,0,0,3.4031667709350586
tfmf_1block,-5,5,0,8,12.746935844421387
tfmf_2block,-5,5,0,14,12.793116569519043
tfmf_2block_k2,-5,5,0,7,12.832636833190918
tfmf_2block_k4,-5,5,0,11,12.898365020751953
tfmf_2block_k7,-5,5,0,8,12.898113250732422
sq_det,-5,6,0,0,3.4031667709350586
tfmf_1block,-5,6,0,18,12.746935844421387
tfmf_2block,-5,6,0,7,12.793116569519043
tfmf_2block_k2,-5,6,0,7,12.832636833190918
tfmf_2block_k4,-5,6,0,2,12.898365020751953
tfmf_2block_k7,-5,6,0,5,12.898113250732422
sq_det,-5,7,0,0,3.4031667709350586
tfmf_1block,-5,7,0,11,12.746935844421387
tfmf_2block,-5,7,0,13,12.793116569519043
tfmf_2block_k2,-5,7,0,10,12.832636833190918
tfmf_2block_k4,-5,7,0,10,12.898365020751953
tfmf_2block_k7,-5,7,0,11,12.898113250732422
sq_det,-5,8,0,0,3.4031667709350586
tfmf_1block,-5,8,0,11,12.746935844421387
tfmf_2block,-5,8,0,11,12.793116569519043
tfmf_2block_k2,-5,8,0,15,12.832636833190918
tfmf_2block_k4,-5,8,0,9,12.898365020751953
tfmf_2block_k7,-5,8,0,5,12.898113250732422
sq_det,-5,9,0,0,3.4031667709350586
tfmf_1block,-5,9,0,15,12.746935844421387
tfmf_2block,-5,9,0,12,12.793116569519043
tfmf_2block_k2,-5,9,0,10,12.832636833190918
tfmf_2block_k4,-5,9,0,3,12.898365020751953
tfmf_2block_k7,-5,9,0,4,12.898113250732422
sq_det,-5,10,0,0,3.4031667709350586
tfmf_1block,-5,10,0,13,12.746935844421387
tfmf_2block,-5,10,0,10,12.793116569519043
tfmf_2block_k2,-5,10,0,10,12.832636833190918
tfmf_2block_k4,-5,10,0,9,12.898365020751953
tfmf_2block_k7,-5,10,0,2,12.898113250732422
sq_det,-5,11,0,0,3.4031667709350586
tfmf_1block,-5,11,0,18,12.746935844421387
tfmf_2block,-5,11,0,6,12.793116569519043
tfmf_2block_k2,-5,11,0,10,12.832636833190918
tfmf_2block_k4,-5,11,0,10,12.898365020751953
tfmf_2block_k7,-5,11,0,10,12.898113250732422
sq_det,-5,12,0,0,3.4031667709350586
tfmf_1block,-5,12,0,6,12.746935844421387
tfmf_2block,-5,12,0,14,12.793116569519043
tfmf_2block_k2,-5,12,1,8,12.832636833190918
tfmf_2block_k4,-5,12,0,8,12.898365020751953
tfmf_2block_k7,-5,12,0,8,12.898113250732422
sq_det,-5,13,0,0,3.4031667709350586
tfmf_1block,-5,13,0,9,12.746935844421387
tfmf_2block,-5,13,0,11,12.793116569519043
tfmf_2block_k2,-5,13,0,13,12.832636833190918
tfmf_2block_k4,-5,13,1,9,12.898365020751953
tfmf_2block_k7,-5,13,0,13,12.898113250732422
sq_det,-5,14,0,0,3.4031667709350586
tfmf_1block,-5,14,0,20,12.746935844421387
tfmf_2block,-5,14,0,10,12.793116569519043
tfmf_2block_k2,-5,14,0,8,12.832636833190918
tfmf_2block_k4,-5,14,0,4,12.898365020751953
tfmf_2block_k7,-5,14,0,9,12.898113250732422
sq_det,-5,15,0,0,3.4031667709350586
tfmf_1block,-5,15,0,9,12.746935844421387
tfmf_2block,-5,15,0,16,12.793116569519043
tfmf_2block_k2,-5,15,0,13,12.832636833190918
tfmf_2block_k4,-5,15,0,6,12.898365020751953
tfmf_2block_k7,-5,15,0,4,12.898113250732422
sq_det,-5,16,0,0,3.4031667709350586
tfmf_1block,-5,16,0,6,12.746935844421387
tfmf_2block,-5,16,0,9,12.793116569519043
tfmf_2block_k2,-5,16,0,10,12.832636833190918
tfmf_2block_k4,-5,16,0,6,12.898365020751953
tfmf_2block_k7,-5,16,0,5,12.898113250732422
sq_det,-5,17,0,0,3.4031667709350586
tfmf_1block,-5,17,0,12,12.746935844421387
tfmf_2block,-5,17,0,15,12.793116569519043
tfmf_2block_k2,-5,17,0,6,12.832636833190918
tfmf_2block_k4,-5,17,0,4,12.898365020751953
tfmf_2block_k7,-5,17,0,4,12.898113250732422
sq_det,-5,18,0,1,3.4031667709350586
tfmf_1block,-5,18,0,14,12.746935844421387
tfmf_2block,-5,18,0,14,12.793116569519043
tfmf_2block_k2,-5,18,0,11,12.832636833190918
tfmf_2block_k4,-5,18,0,7,12.898365020751953
tfmf_2block_k7,-5,18,0,7,12.898113250732422
sq_det,-5,19,0,0,3.4031667709350586
tfmf_1block,-5,19,0,12,12.746935844421387
tfmf_2block,-5,19,0,9,12.793116569519043
tfmf_2block_k2,-5,19,0,11,12.832636833190918
tfmf_2block_k4,-5,19,0,12,12.898365020751953
tfmf_2block_k7,-5,19,0,10,12.898113250732422
sq_det,-5,20,0,0,3.4031667709350586
tfmf_1block,-5,20,0,18,12.746935844421387
tfmf_2block,-5,20,0,12,12.793116569519043
tfmf_2block_k2,-5,20,0,12,12.832636833190918
tfmf_2block_k4,-5,20,0,7,12.898365020751953
tfmf_2block_k7,-5,20,0,8,12.898113250732422
sq_det,-5,21,0,1,3.4031667709350586
tfmf_1block,-5,21,0,13,12.746935844421387
tfmf_2block,-5,21,0,9,12.793116569519043
tfmf_2block_k2,-5,21,0,12,12.832636833190918
tfmf_2block_k4,-5,21,0,10,12.898365020751953
tfmf_2block_k7,-5,21,0,2,12.898113250732422
sq_det,-5,22,0,0,3.4031667709350586
tfmf_1block,-5,22,0,9,12.746935844421387
tfmf_2block,-5,22,0,16,12.793116569519043
tfmf_2block_k2,-5,22,0,11,12.832636833190918
tfmf_2block_k4,-5,22,0,9,12.898365020751953
tfmf_2block_k7,-5,22,0,14,12.898113250732422
sq_det,-5,23,0,0,3.4031667709350586
tfmf_1block,-5,23,0,9,12.746935844421387
tfmf_2block,-5,23,0,4,12.793116569519043
tfmf_2block_k2,-5,23,0,8,12.832636833190918
tfmf_2block_k4,-5,23,0,7,12.898365020751953
tfmf_2block_k7,-5,23,0,4,12.898113250732422
sq_det,-5,24,0,0,3.4031667709350586
tfmf_1block,-5,24,0,13,12.746935844421387
tfmf_2block,-5,24,0,8,12.793116569519043
tfmf_2block_k2,-5,24,0,7,12.832636833190918
tfmf_2block_k4,-5,24,0,7,12.898365020751953
tfmf_2block_k7,-5,24,0,5,12.898113250732422
sq_det,-5,25,0,0,3.4031667709350586
tfmf_1block,-5,25,0,14,12.746935844421387
tfmf_2block,-5,25,0,14,12.793116569519043
tfmf_2block_k2,-5,25,0,12,12.832636833190918
tfmf_2block_k4,-5,25,0,9,12.898365020751953
tfmf_2block_k7,-5,25,0,8,12.898113250732422
sq_det,-5,26,0,0,3.4031667709350586
tfmf_1block,-5,26,0,11,12.746935844421387
tfmf_2block,-5,26,0,6,12.793116569519043
tfmf_2block_k2,-5,26,0,13,12.832636833190918
tfmf_2block_k4,-5,26,0,10,12.898365020751953
tfmf_2block_k7,-5,26,0,6,12.898113250732422
sq_det,-5,27,0,0,3.4031667709350586
tfmf_1block,-5,27,0,14,12.746935844421387
tfmf_2block,-5,27,0,4,12.793116569519043
tfmf_2block_k2,-5,27,0,14,12.832636833190918
tfmf_2block_k4,-5,27,0,9,12.898365020751953
tfmf_2block_k7,-5,27,0,9,12.898113250732422
sq_det,-5,28,0,0,3.4031667709350586
tfmf_1block,-5,28,0,8,12.746935844421387
tfmf_2block,-5,28,0,10,12.793116569519043
tfmf_2block_k2,-5,28,0,6,12.832636833190918
tfmf_2block_k4,-5,28,0,6,12.898365020751953
tfmf_2block_k7,-5,28,0,8,12.898113250732422
sq_det,-5,29,0,0,3.4031667709350586
tfmf_1block,-5,29,0,19,12.746935844421387
tfmf_2block,-5,29,0,10,12.793116569519043
tfmf_2block_k2,-5,29,0,15,12.832636833190918
tfmf_2block_k4,-5,29,0,5,12.898365020751953
tfmf_2block_k7,-5,29,0,2,12.898113250732422
sq_det,-5,30,0,0,3.4031667709350586
tfmf_1block,-5,30,0,14,12.746935844421387
tfmf_2block,-5,30,0,15,12.793116569519043
tfmf_2block_k2,-5,30,0,10,12.832636833190918
tfmf_2block_k4,-5,30,0,6,12.898365020751953
tfmf_2block_k7,-5,30,0,10,12.898113250732422
sq_det,-5,31,0,1,3.4031667709350586
tfmf_1block,-5,31,0,16,12.746935844421387
tfmf_2block,-5,31,0,11,12.793116569519043
tfmf_2block_k2,-5,31,0,12,12.832636833190918
tfmf_2block_k4,-5,31,0,7,12.898365020751953
tfmf_2block_k7,-5,31,0,8,12.898113250732422
sq_det,-5,32,0,1,3.4031667709350586
tfmf_1block,-5,32,0,15,12.746935844421387
tfmf_2block,-5,32,0,10,12.793116569519043
tfmf_2block_k2,-5,32,0,13,12.832636833190918
tfmf_2block_k4,-5,32,0,9,12.898365020751953
tfmf_2block_k7,-5,32,0,4,12.898113250732422
sq_det,-5,33,0,0,3.4031667709350586
tfmf_1block,-5,33,0,9,12.746935844421387
tfmf_2block,-5,33,0,14,12.793116569519043
tfmf_2block_k2,-5,33,0,7,12.832636833190918
tfmf_2block_k4,-5,33,0,10,12.898365020751953
tfmf_2block_k7,-5,33,0,15,12.898113250732422
sq_det,-5,34,0,0,3.4031667709350586
tfmf_1block,-5,34,0,9,12.746935844421387
tfmf_2block,-5,34,0,10,12.793116569519043
tfmf_2block_k2,-5,34,0,11,12.832636833190918
tfmf_2block_k4,-5,34,0,6,12.898365020751953
tfmf_2block_k7,-5,34,0,2,12.898113250732422
sq_det,-5,35,0,0,3.4031667709350586
tfmf_1block,-5,35,0,13,12.746935844421387
tfmf_2block,-5,35,0,10,12.793116569519043
tfmf_2block_k2,-5,35,0,11,12.832636833190918
tfmf_2block_k4,-5,35,0,10,12.898365020751953
tfmf_2block_k7,-5,35,0,14,12.898113250732422
sq_det,-5,36,0,0,3.4031667709350586
tfmf_1block,-5,36,0,11,12.746935844421387
tfmf_2block,-5,36,0,7,12.793116569519043
tfmf_2block_k2,-5,36,0,6,12.832636833190918
tfmf_2block_k4,-5,36,0,13,12.898365020751953
tfmf_2block_k7,-5,36,0,14,12.898113250732422
sq_det,-5,37,0,1,3.4031667709350586
tfmf_1block,-5,37,0,9,12.746935844421387
tfmf_2block,-5,37,0,9,12.793116569519043
tfmf_2block_k2,-5,37,0,6,12.832636833190918
tfmf_2block_k4,-5,37,0,11,12.898365020751953
tfmf_2block_k7,-5,37,0,13,12.898113250732422
sq_det,-5,38,0,0,3.4031667709350586
tfmf_1block,-5,38,0,16,12.746935844421387
tfmf_2block,-5,38,0,13,12.793116569519043
tfmf_2block_k2,-5,38,0,12,12.832636833190918
tfmf_2block_k4,-5,38,0,7,12.898365020751953
tfmf_2block_k7,-5,38,0,5,12.898113250732422
sq_det,-5,39,0,0,3.4031667709350586
tfmf_1block,-5,39,0,12,12.746935844421387
tfmf_2block,-5,39,0,17,12.793116569519043
tfmf_2block_k2,-5,39,0,14,12.832636833190918
tfmf_2block_k4,-5,39,0,6,12.898365020751953
tfmf_2block_k7,-5,39,0,7,12.898113250732422
sq_det,-5,40,0,0,3.4031667709350586
tfmf_1block,-5,40,0,11,12.746935844421387
tfmf_2block,-5,40,0,9,12.793116569519043
tfmf_2block_k2,-5,40,0,15,12.832636833190918
tfmf_2block_k4,-5,40,0,8,12.898365020751953
tfmf_2block_k7,-5,40,0,11,12.898113250732422
sq_det,-5,41,0,1,3.4031667709350586
tfmf_1block,-5,41,0,8,12.746935844421387
tfmf_2block,-5,41,0,9,12.793116569519043
tfmf_2block_k2,-5,41,0,14,12.832636833190918
tfmf_2block_k4,-5,41,0,9,12.898365020751953
tfmf_2block_k7,-5,41,0,7,12.898113250732422
sq_det,-5,42,0,0,3.4031667709350586
tfmf_1block,-5,42,0,9,12.746935844421387
tfmf_2block,-5,42,0,11,12.793116569519043
tfmf_2block_k2,-5,42,0,9,12.832636833190918
tfmf_2block_k4,-5,42,0,9,12.898365020751953
tfmf_2block_k7,-5,42,0,10,12.898113250732422
sq_det,-5,43,0,0,3.4031667709350586
tfmf_1block,-5,43,0,11,12.746935844421387
tfmf_2block,-5,43,0,18,12.793116569519043
tfmf_2block_k2,-5,43,0,11,12.832636833190918
tfmf_2block_k4,-5,43,0,8,12.898365020751953
tfmf_2block_k7,-5,43,0,9,12.898113250732422
sq_det,-5,44,0,0,3.4031667709350586
tfmf_1block,-5,44,0,15,12.746935844421387
tfmf_2block,-5,44,0,12,12.793116569519043
tfmf_2block_k2,-5,44,0,7,12.832636833190918
tfmf_2block_k4,-5,44,0,7,12.898365020751953
tfmf_2block_k7,-5,44,0,5,12.898113250732422
sq_det,-5,45,0,0,3.4031667709350586
tfmf_1block,-5,45,0,11,12.746935844421387
tfmf_2block,-5,45,0,7,12.793116569519043
tfmf_2block_k2,-5,45,0,11,12.832636833190918
tfmf_2block_k4,-5,45,0,11,12.898365020751953
tfmf_2block_k7,-5,45,0,8,12.898113250732422
sq_det,-5,46,0,0,3.4031667709350586
tfmf_1block,-5,46,0,10,12.746935844421387
tfmf_2block,-5,46,0,15,12.793116569519043
tfmf_2block_k2,-5,46,0,13,12.832636833190918
tfmf_2block_k4,-5,46,0,10,12.898365020751953
tfmf_2block_k7,-5,46,0,4,12.898113250732422
sq_det,-5,47,0,0,3.4031667709350586
tfmf_1block,-5,47,0,16,12.746935844421387
tfmf_2block,-5,47,0,6,12.793116569519043
tfmf_2block_k2,-5,47,0,6,12.832636833190918
tfmf_2block_k4,-5,47,0,4,12.898365020751953
tfmf_2block_k7,-5,47,0,14,12.898113250732422
sq_det,-5,48,0,0,3.4031667709350586
tfmf_1block,-5,48,0,9,12.746935844421387
tfmf_2block,-5,48,0,13,12.793116569519043
tfmf_2block_k2,-5,48,0,7,12.832636833190918
tfmf_2block_k4,-5,48,0,8,12.898365020751953
tfmf_2block_k7,-5,48,0,8,12.898113250732422
sq_det,-5,49,0,0,3.4031667709350586
tfmf_1block,-5,49,0,16,12.746935844421387
tfmf_2block,-5,49,0,7,12.793116569519043
tfmf_2block_k2,-5,49,0,10,12.832636833190918
tfmf_2block_k4,-5,49,0,11,12.898365020751953
tfmf_2block_k7,-5,49,0,3,12.898113250732422
sq_det,-4,0,1,1,3.4031667709350586
tfmf_1block,-4,0,0,12,12.746935844421387
tfmf_2block,-4,0,0,8,12.793116569519043
tfmf_2block_k2,-4,0,0,10,12.832636833190918
tfmf_2block_k4,-4,0,0,9,12.898365020751953
tfmf_2block_k7,-4,0,0,4,12.898113250732422
sq_det,-4,1,0,0,3.4031667709350586
tfmf_1block,-4,1,0,9,12.746935844421387
tfmf_2block,-4,1,0,15,12.793116569519043
tfmf_2block_k2,-4,1,1,16,12.832636833190918
tfmf_2block_k4,-4,1,1,16,12.898365020751953
tfmf_2block_k7,-4,1,0,7,12.898113250732422
sq_det,-4,2,0,0,3.4031667709350586
tfmf_1block,-4,2,0,16,12.746935844421387
tfmf_2block,-4,2,0,21,12.793116569519043
tfmf_2block_k2,-4,2,0,10,12.832636833190918
tfmf_2block_k4,-4,2,0,10,12.898365020751953
tfmf_2block_k7,-4,2,0,5,12.898113250732422
sq_det,-4,3,0,0,3.4031667709350586
tfmf_1block,-4,3,0,16,12.746935844421387
tfmf_2block,-4,3,0,12,12.793116569519043
tfmf_2block_k2,-4,3,0,7,12.832636833190918
tfmf_2block_k4,-4,3,0,4,12.898365020751953
tfmf_2block_k7,-4,3,0,7,12.898113250732422
sq_det,-4,4,0,0,3.4031667709350586
tfmf_1block,-4,4,0,13,12.746935844421387
tfmf_2block,-4,4,0,13,12.793116569519043
tfmf_2block_k2,-4,4,0,12,12.832636833190918
tfmf_2block_k4,-4,4,0,5,12.898365020751953
tfmf_2block_k7,-4,4,0,9,12.898113250732422
sq_det,-4,5,0,0,3.4031667709350586
tfmf_1block,-4,5,0,16,12.746935844421387
tfmf_2block,-4,5,0,13,12.793116569519043
tfmf_2block_k2,-4,5,0,6,12.832636833190918
tfmf_2block_k4,-4,5,0,5,12.898365020751953
tfmf_2block_k7,-4,5,0,8,12.898113250732422
sq_det,-4,6,0,0,3.4031667709350586
tfmf_1block,-4,6,0,6,12.746935844421387
tfmf_2block,-4,6,0,13,12.793116569519043
tfmf_2block_k2,-4,6,0,8,12.832636833190918
tfmf_2block_k4,-4,6,0,4,12.898365020751953
tfmf_2block_k7,-4,6,0,8,12.898113250732422
sq_det,-4,7,0,0,3.4031667709350586
tfmf_1block,-4,7,0,6,12.746935844421387
tfmf_2block,-4,7,0,11,12.793116569519043
tfmf_2block_k2,-4,7,0,2,12.832636833190918
tfmf_2block_k4,-4,7,0,10,12.898365020751953
tfmf_2block_k7,-4,7,0,14,12.898113250732422
sq_det,-4,8,1,1,3.4031667709350586
tfmf_1block,-4,8,0,13,12.746935844421387
tfmf_2block,-4,8,0,16,12.793116569519043
tfmf_2block_k2,-4,8,0,8,12.832636833190918
tfmf_2block_k4,-4,8,0,9,12.898365020751953
tfmf_2block_k7,-4,8,0,6,12.898113250732422
sq_det,-4,9,0,0,3.4031667709350586
tfmf_1block,-4,9,0,15,12.746935844421387
tfmf_2block,-4,9,0,21,12.793116569519043
tfmf_2block_k2,-4,9,0,5,12.832636833190918
tfmf_2block_k4,-4,9,0,15,12.898365020751953
tfmf_2block_k7,-4,9,0,15,12.898113250732422
sq_det,-4,10,0,0,3.4031667709350586
tfmf_1block,-4,10,0,17,12.746935844421387
tfmf_2block,-4,10,0,12,12.793116569519043
tfmf_2block_k2,-4,10,0,5,12.832636833190918
tfmf_2block_k4,-4,10,0,6,12.898365020751953
tfmf_2block_k7,-4,10,0,9,12.898113250732422
sq_det,-4,11,0,0,3.4031667709350586
tfmf_1block,-4,11,0,9,12.746935844421387
tfmf_2block,-4,11,0,11,12.793116569519043
tfmf_2block_k2,-4,11,0,9,12.832636833190918
tfmf_2block_k4,-4,11,0,7,12.898365020751953
tfmf_2block_k7,-4,11,0,12,12.898113250732422
sq_det,-4,12,0,0,3.4031667709350586
tfmf_1block,-4,12,0,10,12.746935844421387
tfmf_2block,-4,12,0,13,12.793116569519043
tfmf_2block_k2,-4,12,0,8,12.832636833190918
tfmf_2block_k4,-4,12,0,6,12.898365020751953
tfmf_2block_k7,-4,12,0,7,12.898113250732422
sq_det,-4,13,0,0,3.4031667709350586
tfmf_1block,-4,13,0,11,12.746935844421387
tfmf_2block,-4,13,0,4,12.793116569519043
tfmf_2block_k2,-4,13,0,9,12.832636833190918
tfmf_2block_k4,-4,13,0,8,12.898365020751953
tfmf_2block_k7,-4,13,0,6,12.898113250732422
sq_det,-4,14,0,0,3.4031667709350586
tfmf_1block,-4,14,0,11,12.746935844421387
tfmf_2block,-4,14,1,16,12.793116569519043
tfmf_2block_k2,-4,14,0,14,12.832636833190918
tfmf_2block_k4,-4,14,0,12,12.898365020751953
tfmf_2block_k7,-4,14,0,4,12.898113250732422
sq_det,-4,15,0,0,3.4031667709350586
tfmf_1block,-4,15,0,11,12.746935844421387
tfmf_2block,-4,15,0,8,12.793116569519043
tfmf_2block_k2,-4,15,0,5,12.832636833190918
tfmf_2block_k4,-4,15,0,9,12.898365020751953
tfmf_2block_k7,-4,15,0,9,12.898113250732422
sq_det,-4,16,0,1,3.4031667709350586
tfmf_1block,-4,16,0,9,12.746935844421387
tfmf_2block,-4,16,0,5,12.793116569519043
tfmf_2block_k2,-4,16,0,5,12.832636833190918
tfmf_2block_k4,-4,16,0,6,12.898365020751953
tfmf_2block_k7,-4,16,0,6,12.898113250732422
sq_det,-4,17,0,0,3.4031667709350586
tfmf_1block,-4,17,0,10,12.746935844421387
tfmf_2block,-4,17,0,7,12.793116569519043
tfmf_2block_k2,-4,17,1,13,12.832636833190918
tfmf_2block_k4,-4,17,0,4,12.898365020751953
tfmf_2block_k7,-4,17,0,3,12.898113250732422
sq_det,-4,18,0,0,3.4031667709350586
tfmf_1block,-4,18,0,12,12.746935844421387
tfmf_2block,-4,18,0,12,12.793116569519043
tfmf_2block_k2,-4,18,0,8,12.832636833190918
tfmf_2block_k4,-4,18,0,12,12.898365020751953
tfmf_2block_k7,-4,18,0,10,12.898113250732422
sq_det,-4,19,0,0,3.4031667709350586
tfmf_1block,-4,19,1,14,12.746935844421387
tfmf_2block,-4,19,0,12,12.793116569519043
tfmf_2block_k2,-4,19,0,9,12.832636833190918
tfmf_2block_k4,-4,19,0,9,12.898365020751953
tfmf_2block_k7,-4,19,0,15,12.898113250732422
sq_det,-4,20,0,0,3.4031667709350586
tfmf_1block,-4,20,0,11,12.746935844421387
tfmf_2block,-4,20,0,12,12.793116569519043
tfmf_2block_k2,-4,20,0,12,12.832636833190918
tfmf_2block_k4,-4,20,0,11,12.898365020751953
tfmf_2block_k7,-4,20,0,14,12.898113250732422
sq_det,-4,21,0,0,3.4031667709350586
tfmf_1block,-4,21,0,16,12.746935844421387
tfmf_2block,-4,21,0,14,12.793116569519043
tfmf_2block_k2,-4,21,0,6,12.832636833190918
tfmf_2block_k4,-4,21,0,6,12.898365020751953
tfmf_2block_k7,-4,21,0,3,12.898113250732422
sq_det,-4,22,0,0,3.4031667709350586
tfmf_1block,-4,22,0,15,12.746935844421387
tfmf_2block,-4,22,0,11,12.793116569519043
tfmf_2block_k2,-4,22,0,10,12.832636833190918
tfmf_2block_k4,-4,22,0,9,12.898365020751953
tfmf_2block_k7,-4,22,0,5,12.898113250732422
sq_det,-4,23,0,0,3.4031667709350586
tfmf_1block,-4,23,0,15,12.746935844421387
tfmf_2block,-4,23,0,15,12.793116569519043
tfmf_2block_k2,-4,23,0,13,12.832636833190918
tfmf_2block_k4,-4,23,0,8,12.898365020751953
tfmf_2block_k7,-4,23,0,5,12.898113250732422
sq_det,-4,24,0,0,3.4031667709350586
tfmf_1block,-4,24,0,15,12.746935844421387
tfmf_2block,-4,24,0,6,12.793116569519043
tfmf_2block_k2,-4,24,0,12,12.832636833190918
tfmf_2block_k4,-4,24,0,6,12.898365020751953
tfmf_2block_k7,-4,24,0,5,12.898113250732422
sq_det,-4,25,0,0,3.4031667709350586
tfmf_1block,-4,25,0,9,12.746935844421387
tfmf_2block,-4,25,0,6,12.793116569519043
tfmf_2block_k2,-4,25,0,7,12.832636833190918
tfmf_2block_k4,-4,25,0,11,12.898365020751953
tfmf_2block_k7,-4,25,0,5,12.898113250732422
sq_det,-4,26,0,0,3.4031667709350586
tfmf_1block,-4,26,0,13,12.746935844421387
tfmf_2block,-4,26,0,14,12.793116569519043
tfmf_2block_k2,-4,26,0,5,12.832636833190918
tfmf_2block_k4,-4,26,0,5,12.898365020751953
tfmf_2block_k7,-4,26,0,6,12.898113250732422
sq_det,-4,27,0,0,3.4031667709350586
tfmf_1block,-4,27,0,11,12.746935844421387
tfmf_2block,-4,27,0,10,12.793116569519043
tfmf_2block_k2,-4,27,0,11,12.832636833190918
tfmf_2block_k4,-4,27,0,9,12.898365020751953
tfmf_2block_k7,-4,27,0,3,12.898113250732422
sq_det,-4,28,0,0,3.4031667709350586
tfmf_1block,-4,28,0,14,12.746935844421387
tfmf_2block,-4,28,0,10,12.793116569519043
tfmf_2block_k2,-4,28,0,13,12.832636833190918
tfmf_2block_k4,-4,28,0,5,12.898365020751953
tfmf_2block_k7,-4,28,0,2,12.898113250732422
sq_det,-4,29,0,0,3.4031667709350586
tfmf_1block,-4,29,0,22,12.746935844421387
tfmf_2block,-4,29,0,11,12.793116569519043
tfmf_2block_k2,-4,29,0,4,12.832636833190918
tfmf_2block_k4,-4,29,1,12,12.898365020751953
tfmf_2block_k7,-4,29,0,16,12.898113250732422
sq_det,-4,30,0,0,3.4031667709350586
tfmf_1block,-4,30,0,10,12.746935844421387
tfmf_2block,-4,30,0,9,12.793116569519043
tfmf_2block_k2,-4,30,0,11,12.832636833190918
tfmf_2block_k4,-4,30,0,5,12.898365020751953
tfmf_2block_k7,-4,30,0,6,12.898113250732422
sq_det,-4,31,0,0,3.4031667709350586
tfmf_1block,-4,31,0,13,12.746935844421387
tfmf_2block,-4,31,0,11,12.793116569519043
tfmf_2block_k2,-4,31,1,8,12.832636833190918
tfmf_2block_k4,-4,31,1,19,12.898365020751953
tfmf_2block_k7,-4,31,1,13,12.898113250732422
sq_det,-4,32,0,0,3.4031667709350586
tfmf_1block,-4,32,0,8,12.746935844421387
tfmf_2block,-4,32,0,6,12.793116569519043
tfmf_2block_k2,-4,32,0,12,12.832636833190918
tfmf_2block_k4,-4,32,0,15,12.898365020751953
tfmf_2block_k7,-4,32,0,11,12.898113250732422
sq_det,-4,33,0,0,3.4031667709350586
tfmf_1block,-4,33,0,7,12.746935844421387
tfmf_2block,-4,33,0,10,12.793116569519043
tfmf_2block_k2,-4,33,0,17,12.832636833190918
tfmf_2block_k4,-4,33,0,7,12.898365020751953
tfmf_2block_k7,-4,33,0,12,12.898113250732422
sq_det,-4,34,0,1,3.4031667709350586
tfmf_1block,-4,34,0,13,12.746935844421387
tfmf_2block,-4,34,0,10,12.793116569519043
tfmf_2block_k2,-4,34,0,6,12.832636833190918
tfmf_2block_k4,-4,34,0,5,12.898365020751953
tfmf_2block_k7,-4,34,0,6,12.898113250732422
sq_det,-4,35,0,0,3.4031667709350586
tfmf_1block,-4,35,0,17,12.746935844421387
tfmf_2block,-4,35,0,8,12.793116569519043
tfmf_2block_k2,-4,35,0,6,12.832636833190918
tfmf_2block_k4,-4,35,0,5,12.898365020751953
tfmf_2block_k7,-4,35,0,5,12.898113250732422
sq_det,-4,36,0,2,3.4031667709350586
tfmf_1block,-4,36,0,19,12.746935844421387
tfmf_2block,-4,36,0,7,12.793116569519043
tfmf_2block_k2,-4,36,0,8,12.832636833190918
tfmf_2block_k4,-4,36,0,5,12.898365020751953
tfmf_2block_k7,-4,36,0,6,12.898113250732422
sq_det,-4,37,0,0,3.4031667709350586
tfmf_1block,-4,37,0,11,12.746935844421387
tfmf_2block,-4,37,0,8,12.793116569519043
tfmf_2block_k2,-4,37,0,14,12.832636833190918
tfmf_2block_k4,-4,37,0,6,12.898365020751953
tfmf_2block_k7,-4,37,0,10,12.898113250732422
sq_det,-4,38,0,0,3.4031667709350586
tfmf_1block,-4,38,0,12,12.746935844421387
tfmf_2block,-4,38,0,12,12.793116569519043
tfmf_2block_k2,-4,38,0,6,12.832636833190918
tfmf_2block_k4,-4,38,0,8,12.898365020751953
tfmf_2block_k7,-4,38,0,5,12.898113250732422
sq_det,-4,39,0,0,3.4031667709350586
tfmf_1block,-4,39,0,9,12.746935844421387
tfmf_2block,-4,39,0,7,12.793116569519043
tfmf_2block_k2,-4,39,0,9,12.832636833190918
tfmf_2block_k4,-4,39,0,2,12.898365020751953
tfmf_2block_k7,-4,39,0,7,12.898113250732422
sq_det,-4,40,0,0,3.4031667709350586
tfmf_1block,-4,40,0,12,12.746935844421387
tfmf_2block,-4,40,0,16,12.793116569519043
tfmf_2block_k2,-4,40,0,7,12.832636833190918
tfmf_2block_k4,-4,40,0,8,12.898365020751953
tfmf_2block_k7,-4,40,0,6,12.898113250732422
sq_det,-4,41,0,0,3.4031667709350586
tfmf_1block,-4,41,0,20,12.746935844421387
tfmf_2block,-4,41,0,7,12.793116569519043
tfmf_2block_k2,-4,41,0,9,12.832636833190918
tfmf_2block_k4,-4,41,0,13,12.898365020751953
tfmf_2block_k7,-4,41,0,6,12.898113250732422
sq_det,-4,42,0,0,3.4031667709350586
tfmf_1block,-4,42,0,22,12.746935844421387
tfmf_2block,-4,42,0,10,12.793116569519043
tfmf_2block_k2,-4,42,0,9,12.832636833190918
tfmf_2block_k4,-4,42,0,7,12.898365020751953
tfmf_2block_k7,-4,42,0,8,12.898113250732422
sq_det,-4,43,0,0,3.4031667709350586
tfmf_1block,-4,43,0,15,12.746935844421387
tfmf_2block,-4,43,0,5,12.793116569519043
tfmf_2block_k2,-4,43,0,11,12.832636833190918
tfmf_2block_k4,-4,43,1,10,12.898365020751953
tfmf_2block_k7,-4,43,0,0,12.898113250732422
sq_det,-4,44,0,0,3.4031667709350586
tfmf_1block,-4,44,0,7,12.746935844421387
tfmf_2block,-4,44,0,17,12.793116569519043
tfmf_2block_k2,-4,44,1,15,12.832636833190918
tfmf_2block_k4,-4,44,0,5,12.898365020751953
tfmf_2block_k7,-4,44,0,7,12.898113250732422
sq_det,-4,45,0,1,3.4031667709350586
tfmf_1block,-4,45,0,10,12.746935844421387
tfmf_2block,-4,45,0,11,12.793116569519043
tfmf_2block_k2,-4,45,0,7,12.832636833190918
tfmf_2block_k4,-4,45,0,7,12.898365020751953
tfmf_2block_k7,-4,45,0,5,12.898113250732422
sq_det,-4,46,0,0,3.4031667709350586
tfmf_1block,-4,46,0,12,12.746935844421387
tfmf_2block,-4,46,0,9,12.793116569519043
tfmf_2block_k2,-4,46,1,11,12.832636833190918
tfmf_2block_k4,-4,46,0,5,12.898365020751953
tfmf_2block_k7,-4,46,0,10,12.898113250732422
sq_det,-4,47,0,0,3.4031667709350586
tfmf_1block,-4,47,0,12,12.746935844421387
tfmf_2block,-4,47,0,6,12.793116569519043
tfmf_2block_k2,-4,47,0,5,12.832636833190918
tfmf_2block_k4,-4,47,0,8,12.898365020751953
tfmf_2block_k7,-4,47,0,5,12.898113250732422
sq_det,-4,48,0,0,3.4031667709350586
tfmf_1block,-4,48,0,9,12.746935844421387
tfmf_2block,-4,48,0,13,12.793116569519043
tfmf_2block_k2,-4,48,0,6,12.832636833190918
tfmf_2block_k4,-4,48,0,6,12.898365020751953
tfmf_2block_k7,-4,48,0,5,12.898113250732422
sq_det,-4,49,0,0,3.4031667709350586
tfmf_1block,-4,49,0,14,12.746935844421387
tfmf_2block,-4,49,0,13,12.793116569519043
tfmf_2block_k2,-4,49,0,15,12.832636833190918
tfmf_2block_k4,-4,49,0,5,12.898365020751953
tfmf_2block_k7,-4,49,0,12,12.898113250732422
sq_det,-3,0,1,1,3.4031667709350586
tfmf_1block,-3,0,0,15,12.746935844421387
tfmf_2block,-3,0,0,6,12.793116569519043
tfmf_2block_k2,-3,0,0,6,12.832636833190918
tfmf_2block_k4,-3,0,0,6,12.898365020751953
tfmf_2block_k7,-3,0,0,0,12.898113250732422
sq_det,-3,1,0,0,3.4031667709350586
tfmf_1block,-3,1,0,10,12.746935844421387
tfmf_2block,-3,1,0,10,12.793116569519043
tfmf_2block_k2,-3,1,0,12,12.832636833190918
tfmf_2block_k4,-3,1,0,13,12.898365020751953
tfmf_2block_k7,-3,1,0,9,12.898113250732422
sq_det,-3,2,0,0,3.4031667709350586
tfmf_1block,-3,2,0,10,12.746935844421387
tfmf_2block,-3,2,0,13,12.793116569519043
tfmf_2block_k2,-3,2,0,5,12.832636833190918
tfmf_2block_k4,-3,2,0,5,12.898365020751953
tfmf_2block_k7,-3,2,0,11,12.898113250732422
sq_det,-3,3,0,0,3.4031667709350586
tfmf_1block,-3,3,0,13,12.746935844421387
tfmf_2block,-3,3,0,14,12.793116569519043
tfmf_2block_k2,-3,3,0,5,12.832636833190918
tfmf_2block_k4,-3,3,0,4,12.898365020751953
tfmf_2block_k7,-3,3,0,3,12.898113250732422
sq_det,-3,4,0,0,3.4031667709350586
tfmf_1block,-3,4,0,11,12.746935844421387
tfmf_2block,-3,4,0,11,12.793116569519043
tfmf_2block_k2,-3,4,0,9,12.832636833190918
tfmf_2block_k4,-3,4,0,11,12.898365020751953
tfmf_2block_k7,-3,4,0,7,12.898113250732422
sq_det,-3,5,1,1,3.4031667709350586
tfmf_1block,-3,5,0,8,12.746935844421387
tfmf_2block,-3,5,0,8,12.793116569519043
tfmf_2block_k2,-3,5,0,12,12.832636833190918
tfmf_2block_k4,-3,5,0,9,12.898365020751953
tfmf_2block_k7,-3,5,0,2,12.898113250732422
sq_det,-3,6,0,1,3.4031667709350586
tfmf_1block,-3,6,0,10,12.746935844421387
tfmf_2block,-3,6,0,10,12.793116569519043
tfmf_2block_k2,-3,6,0,3,12.832636833190918
tfmf_2block_k4,-3,6,0,4,12.898365020751953
tfmf_2block_k7,-3,6,0,11,12.898113250732422
sq_det,-3,7,0,0,3.4031667709350586
tfmf_1block,-3,7,0,11,12.746935844421387
tfmf_2block,-3,7,0,18,12.793116569519043
tfmf_2block_k2,-3,7,0,7,12.832636833190918
tfmf_2block_k4,-3,7,0,10,12.898365020751953
tfmf_2block_k7,-3,7,0,13,12.898113250732422
sq_det,-3,8,0,0,3.4031667709350586
tfmf_1block,-3,8,0,16,12.746935844421387
tfmf_2block,-3,8,0,15,12.793116569519043
tfmf_2block_k2,-3,8,0,8,12.832636833190918
tfmf_2block_k4,-3,8,0,13,12.898365020751953
tfmf_2block_k7,-3,8,0,14,12.898113250732422
sq_det,-3,9,0,0,3.4031667709350586
tfmf_1block,-3,9,0,10,12.746935844421387
tfmf_2block,-3,9,0,10,12.793116569519043
tfmf_2block_k2,-3,9,0,15,12.832636833190918
tfmf_2block_k4,-3,9,0,5,12.898365020751953
tfmf_2block_k7,-3,9,0,5,12.898113250732422
sq_det,-3,10,0,0,3.4031667709350586
tfmf_1block,-3,10,0,12,12.746935844421387
tfmf_2block,-3,10,0,12,12.793116569519043
tfmf_2block_k2,-3,10,0,7,12.832636833190918
tfmf_2block_k4,-3,10,0,8,12.898365020751953
tfmf_2block_k7,-3,10,0,1,12.898113250732422
sq_det,-3,11,0,0,3.4031667709350586
tfmf_1block,-3,11,0,10,12.746935844421387
tfmf_2block,-3,11,0,9,12.793116569519043
tfmf_2block_k2,-3,11,0,9,12.832636833190918
tfmf_2block_k4,-3,11,1,8,12.898365020751953
tfmf_2block_k7,-3,11,0,10,12.898113250732422
sq_det,-3,12,0,0,3.4031667709350586
tfmf_1block,-3,12,0,14,12.746935844421387
tfmf_2block,-3,12,0,17,12.793116569519043
tfmf_2block_k2,-3,12,0,9,12.832636833190918
tfmf_2block_k4,-3,12,0,12,12.898365020751953
tfmf_2block_k7,-3,12,0,10,12.898113250732422
sq_det,-3,13,0,0,3.4031667709350586
tfmf_1block,-3,13,0,14,12.746935844421387
tfmf_2block,-3,13,0,8,12.793116569519043
tfmf_2block_k2,-3,13,0,10,12.832636833190918
tfmf_2block_k4,-3,13,0,7,12.898365020751953
tfmf_2block_k7,-3,13,0,4,12.898113250732422
sq_det,-3,14,0,1,3.4031667709350586
tfmf_1block,-3,14,0,14,12.746935844421387
tfmf_2block,-3,14,0,17,12.793116569519043
tfmf_2block_k2,-3,14,0,6,12.832636833190918
tfmf_2block_k4,-3,14,0,5,12.898365020751953
tfmf_2block_k7,-3,14,0,5,12.898113250732422
sq_det,-3,15,0,0,3.4031667709350586
tfmf_1block,-3,15,0,16,12.746935844421387
tfmf_2block,-3,15,0,14,12.793116569519043
tfmf_2block_k2,-3,15,1,15,12.832636833190918
tfmf_2block_k4,-3,15,0,9,12.898365020751953
tfmf_2block_k7,-3,15,0,16,12.898113250732422
sq_det,-3,16,0,0,3.4031667709350586
tfmf_1block,-3,16,0,11,12.746935844421387
tfmf_2block,-3,16,0,4,12.793116569519043
tfmf_2block_k2,-3,16,0,4,12.832636833190918
tfmf_2block_k4,-3,16,0,5,12.898365020751953
tfmf_2block_k7,-3,16,0,7,12.898113250732422
sq_det,-3,17,0,0,3.4031667709350586
tfmf_1block,-3,17,0,19,12.746935844421387
tfmf_2block,-3,17,0,12,12.793116569519043
tfmf_2block_k2,-3,17,0,8,12.832636833190918
tfmf_2block_k4,-3,17,0,11,12.898365020751953
tfmf_2block_k7,-3,17,0,12,12.898113250732422
sq_det,-3,18,0,0,3.4031667709350586
tfmf_1block,-3,18,0,15,12.746935844421387
tfmf_2block,-3,18,0,13,12.793116569519043
tfmf_2block_k2,-3,18,0,14,12.832636833190918
tfmf_2block_k4,-3,18,0,7,12.898365020751953
tfmf_2block_k7,-3,18,0,6,12.898113250732422
sq_det,-3,19,0,1,3.4031667709350586
tfmf_1block,-3,19,0,12,12.746935844421387
tfmf_2block,-3,19,0,6,12.793116569519043
tfmf_2block_k2,-3,19,1,16,12.832636833190918
tfmf_2block_k4,-3,19,0,11,12.898365020751953
tfmf_2block_k7,-3,19,0,6,12.898113250732422
sq_det,-3,20,0,0,3.4031667709350586
tfmf_1block,-3,20,0,19,12.746935844421387
tfmf_2block,-3,20,0,13,12.793116569519043
tfmf_2block_k2,-3,20,0,9,12.832636833190918
tfmf_2block_k4,-3,20,0,7,12.898365020751953
tfmf_2block_k7,-3,20,0,7,12.898113250732422
sq_det,-3,21,0,0,3.4031667709350586
tfmf_1block,-3,21,0,14,12.746935844421387
tfmf_2block,-3,21,0,13,12.793116569519043
tfmf_2block_k2,-3,21,0,12,12.832636833190918
tfmf_2block_k4,-3,21,0,9,12.898365020751953
tfmf_2block_k7,-3,21,0,11,12.898113250732422
sq_det,-3,22,0,0,3.4031667709350586
tfmf_1block,-3,22,0,9,12.746935844421387
tfmf_2block,-3,22,0,17,12.793116569519043
tfmf_2block_k2,-3,22,0,11,12.832636833190918
tfmf_2block_k4,-3,22,0,11,12.898365020751953
tfmf_2block_k7,-3,22,1,12,12.898113250732422
sq_det,-3,23,0,0,3.4031667709350586
tfmf_1block,-3,23,0,13,12.746935844421387
tfmf_2block,-3,23,0,10,12.793116569519043
tfmf_2block_k2,-3,23,0,11,12.832636833190918
tfmf_2block_k4,-3,23,0,5,12.898365020751953
tfmf_2block_k7,-3,23,0,9,12.898113250732422
sq_det,-3,24,0,0,3.4031667709350586
tfmf_1block,-3,24,0,17,12.746935844421387
tfmf_2block,-3,24,0,10,12.793116569519043
tfmf_2block_k2,-3,24,0,6,12.832636833190918
tfmf_2block_k4,-3,24,0,3,12.898365020751953
tfmf_2block_k7,-3,24,0,7,12.898113250732422
sq_det,-3,25,0,0,3.4031667709350586
tfmf_1block,-3,25,0,11,12.746935844421387
tfmf_2block,-3,25,0,6,12.793116569519043
tfmf_2block_k2,-3,25,0,12,12.832636833190918
tfmf_2block_k4,-3,25,0,6,12.898365020751953
tfmf_2block_k7,-3,25,0,5,12.898113250732422
sq_det,-3,26,0,0,3.4031667709350586
tfmf_1block,-3,26,0,16,12.746935844421387
tfmf_2block,-3,26,0,9,12.793116569519043
tfmf_2block_k2,-3,26,0,12,12.832636833190918
tfmf_2block_k4,-3,26,0,10,12.898365020751953
tfmf_2block_k7,-3,26,0,7,12.898113250732422
sq_det,-3,27,0,0,3.4031667709350586
tfmf_1block,-3,27,0,16,12.746935844421387
tfmf_2block,-3,27,0,13,12.793116569519043
tfmf_2block_k2,-3,27,0,4,12.832636833190918
tfmf_2block_k4,-3,27,0,7,12.898365020751953
tfmf_2block_k7,-3,27,0,6,12.898113250732422
sq_det,-3,28,0,0,3.4031667709350586
tfmf_1block,-3,28,0,12,12.746935844421387
tfmf_2block,-3,28,0,11,12.793116569519043
tfmf_2block_k2,-3,28,0,11,12.832636833190918
tfmf_2block_k4,-3,28,0,13,12.898365020751953
tfmf_2block_k7,-3,28,0,13,12.898113250732422
sq_det,-3,29,0,0,3.4031667709350586
tfmf_1block,-3,29,0,13,12.746935844421387
tfmf_2block,-3,29,0,6,12.793116569519043
tfmf_2block_k2,-3,29,0,10,12.832636833190918
tfmf_2block_k4,-3,29,0,7,12.898365020751953
tfmf_2block_k7,-3,29,0,7,12.898113250732422
sq_det,-3,30,0,0,3.4031667709350586
tfmf_1block,-3,30,0,6,12.746935844421387
tfmf_2block,-3,30,0,11,12.793116569519043
tfmf_2block_k2,-3,30,0,6,12.832636833190918
tfmf_2block_k4,-3,30,0,10,12.898365020751953
tfmf_2block_k7,-3,30,0,12,12.898113250732422
sq_det,-3,31,0,0,3.4031667709350586
tfmf_1block,-3,31,1,12,12.746935844421387
tfmf_2block,-3,31,0,12,12.793116569519043
tfmf_2block_k2,-3,31,0,9,12.832636833190918
tfmf_2block_k4,-3,31,0,7,12.898365020751953
tfmf_2block_k7,-3,31,0,7,12.898113250732422
sq_det,-3,32,0,0,3.4031667709350586
tfmf_1block,-3,32,0,15,12.746935844421387
tfmf_2block,-3,32,0,8,12.793116569519043
tfmf_2block_k2,-3,32,0,6,12.832636833190918
tfmf_2block_k4,-3,32,0,8,12.898365020751953
tfmf_2block_k7,-3,32,0,10,12.898113250732422
sq_det,-3,33,0,1,3.4031667709350586
tfmf_1block,-3,33,1,12,12.746935844421387
tfmf_2block,-3,33,1,8,12.793116569519043
tfmf_2block_k2,-3,33,0,9,12.832636833190918
tfmf_2block_k4,-3,33,0,3,12.898365020751953
tfmf_2block_k7,-3,33,0,6,12.898113250732422
sq_det,-3,34,0,0,3.4031667709350586
tfmf_1block,-3,34,0,10,12.746935844421387
tfmf_2block,-3,34,0,15,12.793116569519043
tfmf_2block_k2,-3,34,0,9,12.832636833190918
tfmf_2block_k4,-3,34,0,7,12.898365020751953
tfmf_2block_k7,-3,34,0,7,12.898113250732422
sq_det,-3,35,0,0,3.4031667709350586
tfmf_1block,-3,35,0,16,12.746935844421387
tfmf_2block,-3,35,0,10,12.793116569519043
tfmf_2block_k2,-3,35,0,10,12.832636833190918
tfmf_2block_k4,-3,35,0,11,12.898365020751953
tfmf_2block_k7,-3,35,0,8,12.898113250732422
sq_det,-3,36,0,0,3.4031667709350586
tfmf_1block,-3,36,0,9,12.746935844421387
tfmf_2block,-3,36,0,5,12.793116569519043
tfmf_2block_k2,-3,36,0,12,12.832636833190918
tfmf_2block_k4,-3,36,0,9,12.898365020751953
tfmf_2block_k7,-3,36,0,9,12.898113250732422
sq_det,-3,37,0,0,3.4031667709350586
tfmf_1block,-3,37,0,14,12.746935844421387
tfmf_2block,-3,37,0,15,12.793116569519043
tfmf_2block_k2,-3,37,0,9,12.832636833190918
tfmf_2block_k4,-3,37,0,7,12.898365020751953
tfmf_2block_k7,-3,37,0,4,12.898113250732422
sq_det,-3,38,0,0,3.4031667709350586
tfmf_1block,-3,38,1,12,12.746935844421387
tfmf_2block,-3,38,1,11,12.793116569519043
tfmf_2block_k2,-3,38,0,12,12.832636833190918
tfmf_2block_k4,-3,38,0,11,12.898365020751953
tfmf_2block_k7,-3,38,0,6,12.898113250732422
sq_det,-3,39,0,0,3.4031667709350586
tfmf_1block,-3,39,0,11,12.746935844421387
tfmf_2block,-3,39,0,11,12.793116569519043
tfmf_2block_k2,-3,39,0,10,12.832636833190918
tfmf_2block_k4,-3,39,0,10,12.898365020751953
tfmf_2block_k7,-3,39,0,9,12.898113250732422
sq_det,-3,40,0,0,3.4031667709350586
tfmf_1block,-3,40,0,15,12.746935844421387
tfmf_2block,-3,40,0,13,12.793116569519043
tfmf_2block_k2,-3,40,1,12,12.832636833190918
tfmf_2block_k4,-3,40,0,8,12.898365020751953
tfmf_2block_k7,-3,40,0,9,12.898113250732422
sq_det,-3,41,0,0,3.4031667709350586
tfmf_1block,-3,41,0,15,12.746935844421387
tfmf_2block,-3,41,0,8,12.793116569519043
tfmf_2block_k2,-3,41,1,9,12.832636833190918
tfmf_2block_k4,-3,41,0,7,12.898365020751953
tfmf_2block_k7,-3,41,0,8,12.898113250732422
sq_det,-3,42,0,0,3.4031667709350586
tfmf_1block,-3,42,0,12,12.746935844421387
tfmf_2block,-3,42,0,16,12.793116569519043
tfmf_2block_k2,-3,42,0,5,12.832636833190918
tfmf_2block_k4,-3,42,0,2,12.898365020751953
tfmf_2block_k7,-3,42,0,6,12.898113250732422
sq_det,-3,43,0,1,3.4031667709350586
tfmf_1block,-3,43,0,18,12.746935844421387
tfmf_2block,-3,43,0,16,12.793116569519043
tfmf_2block_k2,-3,43,0,10,12.832636833190918
tfmf_2block_k4,-3,43,0,8,12.898365020751953
tfmf_2block_k7,-3,43,0,6,12.898113250732422
sq_det,-3,44,0,0,3.4031667709350586
tfmf_1block,-3,44,0,12,12.746935844421387
tfmf_2block,-3,44,0,16,12.793116569519043
tfmf_2block_k2,-3,44,0,5,12.832636833190918
tfmf_2block_k4,-3,44,0,6,12.898365020751953
tfmf_2block_k7,-3,44,0,6,12.898113250732422
sq_det,-3,45,0,0,3.4031667709350586
tfmf_1block,-3,45,0,16,12.746935844421387
tfmf_2block,-3,45,0,7,12.793116569519043
tfmf_2block_k2,-3,45,0,13,12.832636833190918
tfmf_2block_k4,-3,45,0,8,12.898365020751953
tfmf_2block_k7,-3,45,0,10,12.898113250732422
sq_det,-3,46,0,1,3.4031667709350586
tfmf_1block,-3,46,0,13,12.746935844421387
tfmf_2block,-3,46,0,9,12.793116569519043
tfmf_2block_k2,-3,46,1,8,12.832636833190918
tfmf_2block_k4,-3,46,1,5,12.898365020751953
tfmf_2block_k7,-3,46,0,7,12.898113250732422
sq_det,-3,47,0,0,3.4031667709350586
tfmf_1block,-3,47,0,9,12.746935844421387
tfmf_2block,-3,47,0,9,12.793116569519043
tfmf_2block_k2,-3,47,0,6,12.832636833190918
tfmf_2block_k4,-3,47,0,10,12.898365020751953
tfmf_2block_k7,-3,47,0,10,12.898113250732422
sq_det,-3,48,0,0,3.4031667709350586
tfmf_1block,-3,48,0,8,12.746935844421387
tfmf_2block,-3,48,0,10,12.793116569519043
tfmf_2block_k2,-3,48,0,8,12.832636833190918
tfmf_2block_k4,-3,48,0,7,12.898365020751953
tfmf_2block_k7,-3,48,0,9,12.898113250732422
sq_det,-3,49,0,0,3.4031667709350586
tfmf_1block,-3,49,0,8,12.746935844421387
tfmf_2block,-3,49,0,15,12.793116569519043
tfmf_2block_k2,-3,49,0,7,12.832636833190918
tfmf_2block_k4,-3,49,0,8,12.898365020751953
tfmf_2block_k7,-3,49,0,10,12.898113250732422
sq_det,-2,0,0,0,3.4031667709350586
tfmf_1block,-2,0,0,16,12.746935844421387
tfmf_2block,-2,0,0,9,12.793116569519043
tfmf_2block_k2,-2,0,0,13,12.832636833190918
tfmf_2block_k4,-2,0,0,9,12.898365020751953
tfmf_2block_k7,-2,0,0,15,12.898113250732422
sq_det,-2,1,0,0,3.4031667709350586
tfmf_1block,-2,1,0,6,12.746935844421387
tfmf_2block,-2,1,0,8,12.793116569519043
tfmf_2block_k2,-2,1,0,11,12.832636833190918
tfmf_2block_k4,-2,1,0,14,12.898365020751953
tfmf_2block_k7,-2,1,0,6,12.898113250732422
sq_det,-2,2,0,0,3.4031667709350586
tfmf_1block,-2,2,1,11,12.746935844421387
tfmf_2block,-2,2,1,15,12.793116569519043
tfmf_2block_k2,-2,2,1,12,12.832636833190918
tfmf_2block_k4,-2,2,1,4,12.898365020751953
tfmf_2block_k7,-2,2,1,9,12.898113250732422
sq_det,-2,3,0,0,3.4031667709350586
tfmf_1block,-2,3,0,13,12.746935844421387
tfmf_2block,-2,3,0,13,12.793116569519043
tfmf_2block_k2,-2,3,0,12,12.832636833190918
tfmf_2block_k4,-2,3,0,15,12.898365020751953
tfmf_2block_k7,-2,3,0,8,12.898113250732422
sq_det,-2,4,0,0,3.4031667709350586
tfmf_1block,-2,4,0,15,12.746935844421387
tfmf_2block,-2,4,0,14,12.793116569519043
tfmf_2block_k2,-2,4,0,7,12.832636833190918
tfmf_2block_k4,-2,4,0,4,12.898365020751953
tfmf_2block_k7,-2,4,0,6,12.898113250732422
sq_det,-2,5,0,0,3.4031667709350586
tfmf_1block,-2,5,1,11,12.746935844421387
tfmf_2block,-2,5,1,13,12.793116569519043
tfmf_2block_k2,-2,5,1,17,12.832636833190918
tfmf_2block_k4,-2,5,1,15,12.898365020751953
tfmf_2block_k7,-2,5,1,5,12.898113250732422
sq_det,-2,6,0,0,3.4031667709350586
tfmf_1block,-2,6,0,18,12.746935844421387
tfmf_2block,-2,6,0,11,12.793116569519043
tfmf_2block_k2,-2,6,1,13,12.832636833190918
tfmf_2block_k4,-2,6,1,10,12.898365020751953
tfmf_2block_k7,-2,6,1,16,12.898113250732422
sq_det,-2,7,0,0,3.4031667709350586
tfmf_1block,-2,7,0,16,12.746935844421387
tfmf_2block,-2,7,0,7,12.793116569519043
tfmf_2block_k2,-2,7,0,9,12.832636833190918
tfmf_2block_k4,-2,7,0,10,12.898365020751953
tfmf_2block_k7,-2,7,0,6,12.898113250732422
sq_det,-2,8,0,0,3.4031667709350586
tfmf_1block,-2,8,0,13,12.746935844421387
tfmf_2block,-2,8,0,9,12.793116569519043
tfmf_2block_k2,-2,8,1,9,12.832636833190918
tfmf_2block_k4,-2,8,1,4,12.898365020751953
tfmf_2block_k7,-2,8,0,1,12.898113250732422
sq_det,-2,9,0,1,3.4031667709350586
tfmf_1block,-2,9,0,10,12.746935844421387
tfmf_2block,-2,9,0,9,12.793116569519043
tfmf_2block_k2,-2,9,0,8,12.832636833190918
tfmf_2block_k4,-2,9,0,17,12.898365020751953
tfmf_2block_k7,-2,9,0,13,12.898113250732422
sq_det,-2,10,0,0,3.4031667709350586
tfmf_1block,-2,10,1,14,12.746935844421387
tfmf_2block,-2,10,0,11,12.793116569519043
tfmf_2block_k2,-2,10,0,13,12.832636833190918
tfmf_2block_k4,-2,10,0,4,12.898365020751953
tfmf_2block_k7,-2,10,0,4,12.898113250732422
sq_det,-2,11,0,1,3.4031667709350586
tfmf_1block,-2,11,1,21,12.746935844421387
tfmf_2block,-2,11,0,10,12.793116569519043
tfmf_2block_k2,-2,11,0,11,12.832636833190918
tfmf_2block_k4,-2,11,0,6,12.898365020751953
tfmf_2block_k7,-2,11,0,3,12.898113250732422
sq_det,-2,12,0,0,3.4031667709350586
tfmf_1block,-2,12,1,13,12.746935844421387
tfmf_2block,-2,12,0,11,12.793116569519043
tfmf_2block_k2,-2,12,1,7,12.832636833190918
tfmf_2block_k4,-2,12,0,7,12.898365020751953
tfmf_2block_k7,-2,12,0,3,12.898113250732422
sq_det,-2,13,0,1,3.4031667709350586
tfmf_1block,-2,13,0,6,12.746935844421387
tfmf_2block,-2,13,0,11,12.793116569519043
tfmf_2block_k2,-2,13,0,8,12.832636833190918
tfmf_2block_k4,-2,13,0,9,12.898365020751953
tfmf_2block_k7,-2,13,0,6,12.898113250732422
sq_det,-2,14,0,0,3.4031667709350586
tfmf_1block,-2,14,0,12,12.746935844421387
tfmf_2block,-2,14,0,10,12.793116569519043
tfmf_2block_k2,-2,14,0,13,12.832636833190918
tfmf_2block_k4,-2,14,0,6,12.898365020751953
tfmf_2block_k7,-2,14,0,8,12.898113250732422
sq_det,-2,15,0,0,3.4031667709350586
tfmf_1block,-2,15,0,16,12.746935844421387
tfmf_2block,-2,15,0,16,12.793116569519043
tfmf_2block_k2,-2,15,0,7,12.832636833190918
tfmf_2block_k4,-2,15,0,6,12.898365020751953
tfmf_2block_k7,-2,15,0,14,12.898113250732422
sq_det,-2,16,0,0,3.4031667709350586
tfmf_1block,-2,16,0,9,12.746935844421387
tfmf_2block,-2,16,0,9,12.793116569519043
tfmf_2block_k2,-2,16,0,9,12.832636833190918
tfmf_2block_k4,-2,16,0,6,12.898365020751953
tfmf_2block_k7,-2,16,0,1,12.898113250732422
sq_det,-2,17,0,0,3.4031667709350586
tfmf_1block,-2,17,0,10,12.746935844421387
tfmf_2block,-2,17,0,6,12.793116569519043
tfmf_2block_k2,-2,17,0,9,12.832636833190918
tfmf_2block_k4,-2,17,0,7,12.898365020751953
tfmf_2block_k7,-2,17,0,7,12.898113250732422
sq_det,-2,18,0,0,3.4031667709350586
tfmf_1block,-2,18,0,17,12.746935844421387
tfmf_2block,-2,18,0,16,12.793116569519043
tfmf_2block_k2,-2,18,0,9,12.832636833190918
tfmf_2block_k4,-2,18,0,13,12.898365020751953
tfmf_2block_k7,-2,18,0,4,12.898113250732422
sq_det,-2,19,0,0,3.4031667709350586
tfmf_1block,-2,19,1,6,12.746935844421387
tfmf_2block,-2,19,0,9,12.793116569519043
tfmf_2block_k2,-2,19,0,10,12.832636833190918
tfmf_2block_k4,-2,19,1,12,12.898365020751953
tfmf_2block_k7,-2,19,0,10,12.898113250732422
sq_det,-2,20,0,0,3.4031667709350586
tfmf_1block,-2,20,0,16,12.746935844421387
tfmf_2block,-2,20,0,11,12.793116569519043
tfmf_2block_k2,-2,20,0,3,12.832636833190918
tfmf_2block_k4,-2,20,0,5,12.898365020751953
tfmf_2block_k7,-2,20,0,10,12.898113250732422
sq_det,-2,21,0,0,3.4031667709350586
tfmf_1block,-2,21,0,11,12.746935844421387
tfmf_2block,-2,21,0,14,12.793116569519043
tfmf_2block_k2,-2,21,0,11,12.832636833190918
tfmf_2block_k4,-2,21,0,10,12.898365020751953
tfmf_2block_k7,-2,21,0,5,12.898113250732422
sq_det,-2,22,0,0,3.4031667709350586
tfmf_1block,-2,22,0,17,12.746935844421387
tfmf_2block,-2,22,0,3,12.793116569519043
tfmf_2block_k2,-2,22,0,13,12.832636833190918
tfmf_2block_k4,-2,22,1,8,12.898365020751953
tfmf_2block_k7,-2,22,0,5,12.898113250732422
sq_det,-2,23,0,2,3.4031667709350586
tfmf_1block,-2,23,0,5,12.746935844421387
tfmf_2block,-2,23,0,10,12.793116569519043
tfmf_2block_k2,-2,23,0,15,12.832636833190918
tfmf_2block_k4,-2,23,0,5,12.898365020751953
tfmf_2block_k7,-2,23,0,6,12.898113250732422
sq_det,-2,24,0,0,3.4031667709350586
tfmf_1block,-2,24,0,9,12.746935844421387
tfmf_2block,-2,24,0,12,12.793116569519043
tfmf_2block_k2,-2,24,0,9,12.832636833190918
tfmf_2block_k4,-2,24,0,6,12.898365020751953
tfmf_2block_k7,-2,24,0,8,12.898113250732422
sq_det,-2,25,0,0,3.4031667709350586
tfmf_1block,-2,25,0,21,12.746935844421387
tfmf_2block,-2,25,1,16,12.793116569519043
tfmf_2block_k2,-2,25,1,11,12.832636833190918
tfmf_2block_k4,-2,25,0,10,12.898365020751953
tfmf_2block_k7,-2,25,0,4,12.898113250732422
sq_det,-2,26,0,0,3.4031667709350586
tfmf_1block,-2,26,0,13,12.746935844421387
tfmf_2block,-2,26,0,15,12.793116569519043
tfmf_2block_k2,-2,26,1,13,12.832636833190918
tfmf_2block_k4,-2,26,0,11,12.898365020751953
tfmf_2block_k7,-2,26,0,11,12.898113250732422
sq_det,-2,27,1,3,3.4031667709350586
tfmf_1block,-2,27,0,14,12.746935844421387
tfmf_2block,-2,27,1,11,12.793116569519043
tfmf_2block_k2,-2,27,1,12,12.832636833190918
tfmf_2block_k4,-2,27,1,9,12.898365020751953
tfmf_2block_k7,-2,27,1,5,12.898113250732422
sq_det,-2,28,0,0,3.4031667709350586
tfmf_1block,-2,28,0,9,12.746935844421387
tfmf_2block,-2,28,1,14,12.793116569519043
tfmf_2block_k2,-2,28,1,16,12.832636833190918
tfmf_2block_k4,-2,28,1,10,12.898365020751953
tfmf_2block_k7,-2,28,0,9,12.898113250732422
sq_det,-2,29,0,0,3.4031667709350586
tfmf_1block,-2,29,0,12,12.746935844421387
tfmf_2block,-2,29,0,9,12.793116569519043
tfmf_2block_k2,-2,29,0,8,12.832636833190918
tfmf_2block_k4,-2,29,0,12,12.898365020751953
tfmf_2block_k7,-2,29,0,1,12.898113250732422
sq_det,-2,30,0,0,3.4031667709350586
tfmf_1block,-2,30,0,12,12.746935844421387
tfmf_2block,-2,30,0,6,12.793116569519043
tfmf_2block_k2,-2,30,0,9,12.832636833190918
tfmf_2block_k4,-2,30,0,1,12.898365020751953
tfmf_2block_k7,-2,30,0,8,12.898113250732422
sq_det,-2,31,1,1,3.4031667709350586
tfmf_1block,-2,31,0,15,12.746935844421387
tfmf_2block,-2,31,0,12,12.793116569519043
tfmf_2block_k2,-2,31,0,6,12.832636833190918
tfmf_2block_k4,-2,31,0,3,12.898365020751953
tfmf_2block_k7,-2,31,0,8,12.898113250732422
sq_det,-2,32,0,0,3.4031667709350586
tfmf_1block,-2,32,0,17,12.746935844421387
tfmf_2block,-2,32,0,11,12.793116569519043
tfmf_2block_k2,-2,32,1,13,12.832636833190918
tfmf_2block_k4,-2,32,1,6,12.898365020751953
tfmf_2block_k7,-2,32,0,10,12.898113250732422
sq_det,-2,33,0,1,3.4031667709350586
tfmf_1block,-2,33,0,7,12.746935844421387
tfmf_2block,-2,33,0,9,12.793116569519043
tfmf_2block_k2,-2,33,0,9,12.832636833190918
tfmf_2block_k4,-2,33,0,7,12.898365020751953
tfmf_2block_k7,-2,33,0,12,12.898113250732422
sq_det,-2,34,0,0,3.4031667709350586
tfmf_1block,-2,34,1,9,12.746935844421387
tfmf_2block,-2,34,1,14,12.793116569519043
tfmf_2block_k2,-2,34,1,12,12.832636833190918
tfmf_2block_k4,-2,34,0,7,12.898365020751953
tfmf_2block_k7,-2,34,0,10,12.898113250732422
sq_det,-2,35,0,0,3.4031667709350586
tfmf_1block,-2,35,0,14,12.746935844421387
tfmf_2block,-2,35,0,14,12.793116569519043
tfmf_2block_k2,-2,35,0,9,12.832636833190918
tfmf_2block_k4,-2,35,0,9,12.898365020751953
tfmf_2block_k7,-2,35,0,7,12.898113250732422
sq_det,-2,36,0,0,3.4031667709350586
tfmf_1block,-2,36,0,12,12.746935844421387
tfmf_2block,-2,36,0,17,12.793116569519043
tfmf_2block_k2,-2,36,0,17,12.832636833190918
tfmf_2block_k4,-2,36,0,15,12.898365020751953
tfmf_2block_k7,-2,36,0,9,12.898113250732422
sq_det,-2,37,0,0,3.4031667709350586
tfmf_1block,-2,37,0,13,12.746935844421387
tfmf_2block,-2,37,1,18,12.793116569519043
tfmf_2block_k2,-2,37,1,11,12.832636833190918
tfmf_2block_k4,-2,37,1,14,12.898365020751953
tfmf_2block_k7,-2,37,0,12,12.898113250732422
sq_det,-2,38,0,0,3.4031667709350586
tfmf_1block,-2,38,0,15,12.746935844421387
tfmf_2block,-2,38,0,10,12.793116569519043
tfmf_2block_k2,-2,38,0,10,12.832636833190918
tfmf_2block_k4,-2,38,0,9,12.898365020751953
tfmf_2block_k7,-2,38,0,5,12.898113250732422
sq_det,-2,39,0,0,3.4031667709350586
tfmf_1block,-2,39,0,10,12.746935844421387
tfmf_2block,-2,39,0,10,12.793116569519043
tfmf_2block_k2,-2,39,0,13,12.832636833190918
tfmf_2block_k4,-2,39,0,11,12.898365020751953
tfmf_2block_k7,-2,39,0,10,12.898113250732422
sq_det,-2,40,0,2,3.4031667709350586
tfmf_1block,-2,40,1,11,12.746935844421387
tfmf_2block,-2,40,1,19,12.793116569519043
tfmf_2block_k2,-2,40,1,17,12.832636833190918
tfmf_2block_k4,-2,40,1,15,12.898365020751953
tfmf_2block_k7,-2,40,0,15,12.898113250732422
sq_det,-2,41,0,0,3.4031667709350586
tfmf_1block,-2,41,0,13,12.746935844421387
tfmf_2block,-2,41,1,9,12.793116569519043
tfmf_2block_k2,-2,41,1,17,12.832636833190918
tfmf_2block_k4,-2,41,1,10,12.898365020751953
tfmf_2block_k7,-2,41,1,9,12.898113250732422
sq_det,-2,42,0,0,3.4031667709350586
tfmf_1block,-2,42,0,14,12.746935844421387
tfmf_2block,-2,42,0,12,12.793116569519043
tfmf_2block_k2,-2,42,1,14,12.832636833190918
tfmf_2block_k4,-2,42,0,14,12.898365020751953
tfmf_2block_k7,-2,42,0,9,12.898113250732422
sq_det,-2,43,0,0,3.4031667709350586
tfmf_1block,-2,43,0,6,12.746935844421387
tfmf_2block,-2,43,0,8,12.793116569519043
tfmf_2block_k2,-2,43,0,8,12.832636833190918
tfmf_2block_k4,-2,43,0,7,12.898365020751953
tfmf_2block_k7,-2,43,0,10,12.898113250732422
sq_det,-2,44,0,0,3.4031667709350586
tfmf_1block,-2,44,0,18,12.746935844421387
tfmf_2block,-2,44,0,13,12.793116569519043
tfmf_2block_k2,-2,44,0,12,12.832636833190918
tfmf_2block_k4,-2,44,0,14,12.898365020751953
tfmf_2block_k7,-2,44,0,4,12.898113250732422
sq_det,-2,45,0,0,3.4031667709350586
tfmf_1block,-2,45,0,16,12.746935844421387
tfmf_2block,-2,45,0,8,12.793116569519043
tfmf_2block_k2,-2,45,0,14,12.832636833190918
tfmf_2block_k4,-2,45,0,11,12.898365020751953
tfmf_2block_k7,-2,45,1,6,12.898113250732422
sq_det,-2,46,0,0,3.4031667709350586
tfmf_1block,-2,46,0,12,12.746935844421387
tfmf_2block,-2,46,0,14,12.793116569519043
tfmf_2block_k2,-2,46,1,9,12.832636833190918
tfmf_2block_k4,-2,46,0,7,12.898365020751953
tfmf_2block_k7,-2,46,0,7,12.898113250732422
sq_det,-2,47,0,0,3.4031667709350586
tfmf_1block,-2,47,0,20,12.746935844421387
tfmf_2block,-2,47,0,9,12.793116569519043
tfmf_2block_k2,-2,47,0,12,12.832636833190918
tfmf_2block_k4,-2,47,0,11,12.898365020751953
tfmf_2block_k7,-2,47,0,6,12.898113250732422
sq_det,-2,48,0,0,3.4031667709350586
tfmf_1block,-2,48,0,9,12.746935844421387
tfmf_2block,-2,48,0,10,12.793116569519043
tfmf_2block_k2,-2,48,0,7,12.832636833190918
tfmf_2block_k4,-2,48,0,7,12.898365020751953
tfmf_2block_k7,-2,48,0,2,12.898113250732422
sq_det,-2,49,0,0,3.4031667709350586
tfmf_1block,-2,49,0,7,12.746935844421387
tfmf_2block,-2,49,0,11,12.793116569519043
tfmf_2block_k2,-2,49,0,12,12.832636833190918
tfmf_2block_k4,-2,49,0,8,12.898365020751953
tfmf_2block_k7,-2,49,0,5,12.898113250732422
sq_det,-1,0,0,0,3.4031667709350586
tfmf_1block,-1,0,0,11,12.746935844421387
tfmf_2block,-1,0,0,13,12.793116569519043
tfmf_2block_k2,-1,0,0,11,12.832636833190918
tfmf_2block_k4,-1,0,0,5,12.898365020751953
tfmf_2block_k7,-1,0,0,7,12.898113250732422
sq_det,-1,1,0,0,3.4031667709350586
tfmf_1block,-1,1,0,14,12.746935844421387
tfmf_2block,-1,1,0,11,12.793116569519043
tfmf_2block_k2,-1,1,0,12,12.832636833190918
tfmf_2block_k4,-1,1,0,15,12.898365020751953
tfmf_2block_k7,-1,1,0,7,12.898113250732422
sq_det,-1,2,1,3,3.4031667709350586
tfmf_1block,-1,2,1,24,12.746935844421387
tfmf_2block,-1,2,0,14,12.793116569519043
tfmf_2block_k2,-1,2,0,18,12.832636833190918
tfmf_2block_k4,-1,2,0,14,12.898365020751953
tfmf_2block_k7,-1,2,1,6,12.898113250732422
sq_det,-1,3,1,2,3.4031667709350586
tfmf_1block,-1,3,0,12,12.746935844421387
tfmf_2block,-1,3,0,6,12.793116569519043
tfmf_2block_k2,-1,3,1,11,12.832636833190918
tfmf_2block_k4,-1,3,1,10,12.898365020751953
tfmf_2block_k7,-1,3,1,11,12.898113250732422
sq_det,-1,4,0,0,3.4031667709350586
tfmf_1block,-1,4,1,14,12.746935844421387
tfmf_2block,-1,4,0,10,12.793116569519043
tfmf_2block_k2,-1,4,0,6,12.832636833190918
tfmf_2block_k4,-1,4,0,8,12.898365020751953
tfmf_2block_k7,-1,4,0,7,12.898113250732422
sq_det,-1,5,0,0,3.4031667709350586
tfmf_1block,-1,5,0,14,12.746935844421387
tfmf_2block,-1,5,0,14,12.793116569519043
tfmf_2block_k2,-1,5,1,15,12.832636833190918
tfmf_2block_k4,-1,5,1,16,12.898365020751953
tfmf_2block_k7,-1,5,1,8,12.898113250732422
sq_det,-1,6,0,0,3.4031667709350586
tfmf_1block,-1,6,0,9,12.746935844421387
tfmf_2block,-1,6,0,9,12.793116569519043
tfmf_2block_k2,-1,6,0,16,12.832636833190918
tfmf_2block_k4,-1,6,1,20,12.898365020751953
tfmf_2block_k7,-1,6,1,20,12.898113250732422
sq_det,-1,7,0,1,3.4031667709350586
tfmf_1block,-1,7,0,10,12.746935844421387
tfmf_2block,-1,7,0,8,12.793116569519043
tfmf_2block_k2,-1,7,0,8,12.832636833190918
tfmf_2block_k4,-1,7,0,5,12.898365020751953
tfmf_2block_k7,-1,7,0,5,12.898113250732422
sq_det,-1,8,0,1,3.4031667709350586
tfmf_1block,-1,8,1,15,12.746935844421387
tfmf_2block,-1,8,0,10,12.793116569519043
tfmf_2block_k2,-1,8,0,12,12.832636833190918
tfmf_2block_k4,-1,8,0,9,12.898365020751953
tfmf_2block_k7,-1,8,0,4,12.898113250732422
sq_det,-1,9,0,0,3.4031667709350586
tfmf_1block,-1,9,0,14,12.746935844421387
tfmf_2block,-1,9,0,8,12.793116569519043
tfmf_2block_k2,-1,9,0,9,12.832636833190918
tfmf_2block_k4,-1,9,1,9,12.898365020751953
tfmf_2block_k7,-1,9,0,11,12.898113250732422
sq_det,-1,10,0,0,3.4031667709350586
tfmf_1block,-1,10,0,15,12.746935844421387
tfmf_2block,-1,10,1,15,12.793116569519043
tfmf_2block_k2,-1,10,1,7,12.832636833190918
tfmf_2block_k4,-1,10,0,4,12.898365020751953
tfmf_2block_k7,-1,10,0,7,12.898113250732422
sq_det,-1,11,0,0,3.4031667709350586
tfmf_1block,-1,11,0,13,12.746935844421387
tfmf_2block,-1,11,0,7,12.793116569519043
tfmf_2block_k2,-1,11,1,11,12.832636833190918
tfmf_2block_k4,-1,11,0,7,12.898365020751953
tfmf_2block_k7,-1,11,0,8,12.898113250732422
sq_det,-1,12,1,1,3.4031667709350586
tfmf_1block,-1,12,1,21,12.746935844421387
tfmf_2block,-1,12,1,8,12.793116569519043
tfmf_2block_k2,-1,12,0,13,12.832636833190918
tfmf_2block_k4,-1,12,1,15,12.898365020751953
tfmf_2block_k7,-1,12,0,12,12.898113250732422
sq_det,-1,13,0,0,3.4031667709350586
tfmf_1block,-1,13,0,14,12.746935844421387
tfmf_2block,-1,13,0,18,12.793116569519043
tfmf_2block_k2,-1,13,0,11,12.832636833190918
tfmf_2block_k4,-1,13,0,9,12.898365020751953
tfmf_2block_k7,-1,13,0,6,12.898113250732422
sq_det,-1,14,0,0,3.4031667709350586
tfmf_1block,-1,14,0,16,12.746935844421387
tfmf_2block,-1,14,0,13,12.793116569519043
tfmf_2block_k2,-1,14,0,18,12.832636833190918
tfmf_2block_k4,-1,14,1,8,12.898365020751953
tfmf_2block_k7,-1,14,1,12,12.898113250732422
sq_det,-1,15,0,0,3.4031667709350586
tfmf_1block,-1,15,0,9,12.746935844421387
tfmf_2block,-1,15,0,9,12.793116569519043
tfmf_2block_k2,-1,15,1,12,12.832636833190918
tfmf_2block_k4,-1,15,1,17,12.898365020751953
tfmf_2block_k7,-1,15,0,9,12.898113250732422
sq_det,-1,16,0,0,3.4031667709350586
tfmf_1block,-1,16,0,11,12.746935844421387
tfmf_2block,-1,16,0,12,12.793116569519043
tfmf_2block_k2,-1,16,1,12,12.832636833190918
tfmf_2block_k4,-1,16,0,9,12.898365020751953
tfmf_2block_k7,-1,16,0,7,12.898113250732422
sq_det,-1,17,0,0,3.4031667709350586
tfmf_1block,-1,17,0,8,12.746935844421387
tfmf_2block,-1,17,0,7,12.793116569519043
tfmf_2block_k2,-1,17,1,11,12.832636833190918
tfmf_2block_k4,-1,17,0,5,12.898365020751953
tfmf_2block_k7,-1,17,0,7,12.898113250732422
sq_det,-1,18,0,0,3.4031667709350586
tfmf_1block,-1,18,0,19,12.746935844421387
tfmf_2block,-1,18,0,15,12.793116569519043
tfmf_2block_k2,-1,18,1,17,12.832636833190918
tfmf_2block_k4,-1,18,1,12,12.898365020751953
tfmf_2block_k7,-1,18,1,12,12.898113250732422
sq_det,-1,19,0,0,3.4031667709350586
tfmf_1block,-1,19,0,7,12.746935844421387
tfmf_2block,-1,19,0,11,12.793116569519043
tfmf_2block_k2,-1,19,1,16,12.832636833190918
tfmf_2block_k4,-1,19,1,27,12.898365020751953
tfmf_2block_k7,-1,19,1,18,12.898113250732422
sq_det,-1,20,0,0,3.4031667709350586
tfmf_1block,-1,20,0,14,12.746935844421387
tfmf_2block,-1,20,0,13,12.793116569519043
tfmf_2block_k2,-1,20,1,13,12.832636833190918
tfmf_2block_k4,-1,20,1,6,12.898365020751953
tfmf_2block_k7,-1,20,1,11,12.898113250732422
sq_det,-1,21,0,0,3.4031667709350586
tfmf_1block,-1,21,1,13,12.746935844421387
tfmf_2block,-1,21,0,14,12.793116569519043
tfmf_2block_k2,-1,21,0,8,12.832636833190918
tfmf_2block_k4,-1,21,1,11,12.898365020751953
tfmf_2block_k7,-1,21,0,7,12.898113250732422
sq_det,-1,22,0,0,3.4031667709350586
tfmf_1block,-1,22,0,19,12.746935844421387
tfmf_2block,-1,22,0,15,12.793116569519043
tfmf_2block_k2,-1,22,1,19,12.832636833190918
tfmf_2block_k4,-1,22,0,10,12.898365020751953
tfmf_2block_k7,-1,22,0,9,12.898113250732422
sq_det,-1,23,0,0,3.4031667709350586
tfmf_1block,-1,23,1,17,12.746935844421387
tfmf_2block,-1,23,1,12,12.793116569519043
tfmf_2block_k2,-1,23,1,8,12.832636833190918
tfmf_2block_k4,-1,23,0,6,12.898365020751953
tfmf_2block_k7,-1,23,0,13,12.898113250732422
sq_det,-1,24,0,0,3.4031667709350586
tfmf_1block,-1,24,0,11,12.746935844421387
tfmf_2block,-1,24,0,12,12.793116569519043
tfmf_2block_k2,-1,24,0,9,12.832636833190918
tfmf_2block_k4,-1,24,0,8,12.898365020751953
tfmf_2block_k7,-1,24,0,3,12.898113250732422
sq_det,-1,25,1,1,3.4031667709350586
tfmf_1block,-1,25,0,14,12.746935844421387
tfmf_2block,-1,25,0,12,12.793116569519043
tfmf_2block_k2,-1,25,1,15,12.832636833190918
tfmf_2block_k4,-1,25,0,9,12.898365020751953
tfmf_2block_k7,-1,25,0,6,12.898113250732422
sq_det,-1,26,0,0,3.4031667709350586
tfmf_1block,-1,26,0,15,12.746935844421387
tfmf_2block,-1,26,0,13,12.793116569519043
tfmf_2block_k2,-1,26,0,12,12.832636833190918
tfmf_2block_k4,-1,26,0,5,12.898365020751953
tfmf_2block_k7,-1,26,0,5,12.898113250732422
sq_det,-1,27,0,0,3.4031667709350586
tfmf_1block,-1,27,0,13,12.746935844421387
tfmf_2block,-1,27,0,14,12.793116569519043
tfmf_2block_k2,-1,27,0,9,12.832636833190918
tfmf_2block_k4,-1,27,0,9,12.898365020751953
tfmf_2block_k7,-1,27,0,8,12.898113250732422
sq_det,-1,28,0,2,3.4031667709350586
tfmf_1block,-1,28,1,10,12.746935844421387
tfmf_2block,-1,28,0,9,12.793116569519043
tfmf_2block_k2,-1,28,0,13,12.832636833190918
tfmf_2block_k4,-1,28,0,10,12.898365020751953
tfmf_2block_k7,-1,28,0,8,12.898113250732422
sq_det,-1,29,0,0,3.4031667709350586
tfmf_1block,-1,29,1,14,12.746935844421387
tfmf_2block,-1,29,0,14,12.793116569519043
tfmf_2block_k2,-1,29,0,19,12.832636833190918
tfmf_2block_k4,-1,29,0,13,12.898365020751953
tfmf_2block_k7,-1,29,0,10,12.898113250732422
sq_det,-1,30,0,0,3.4031667709350586
tfmf_1block,-1,30,0,9,12.746935844421387
tfmf_2block,-1,30,0,17,12.793116569519043
tfmf_2block_k2,-1,30,0,9,12.832636833190918
tfmf_2block_k4,-1,30,0,7,12.898365020751953
tfmf_2block_k7,-1,30,0,7,12.898113250732422
sq_det,-1,31,1,2,3.4031667709350586
tfmf_1block,-1,31,1,11,12.746935844421387
tfmf_2block,-1,31,0,13,12.793116569519043
tfmf_2block_k2,-1,31,0,7,12.832636833190918
tfmf_2block_k4,-1,31,0,8,12.898365020751953
tfmf_2block_k7,-1,31,0,11,12.898113250732422
sq_det,-1,32,0,0,3.4031667709350586
tfmf_1block,-1,32,0,9,12.746935844421387
tfmf_2block,-1,32,0,9,12.793116569519043
tfmf_2block_k2,-1,32,1,10,12.832636833190918
tfmf_2block_k4,-1,32,0,12,12.898365020751953
tfmf_2block_k7,-1,32,0,10,12.898113250732422
sq_det,-1,33,0,0,3.4031667709350586
tfmf_1block,-1,33,0,20,12.746935844421387
tfmf_2block,-1,33,0,11,12.793116569519043
tfmf_2block_k2,-1,33,0,15,12.832636833190918
tfmf_2block_k4,-1,33,0,16,12.898365020751953
tfmf_2block_k7,-1,33,0,13,12.898113250732422
sq_det,-1,34,0,0,3.4031667709350586
tfmf_1block,-1,34,0,14,12.746935844421387
tfmf_2block,-1,34,0,10,12.793116569519043
tfmf_2block_k2,-1,34,1,11,12.832636833190918
tfmf_2block_k4,-1,34,0,11,12.898365020751953
tfmf_2block_k7,-1,34,0,3,12.898113250732422
sq_det,-1,35,0,0,3.4031667709350586
tfmf_1block,-1,35,0,19,12.746935844421387
tfmf_2block,-1,35,0,9,12.793116569519043
tfmf_2block_k2,-1,35,1,10,12.832636833190918
tfmf_2block_k4,-1,35,0,10,12.898365020751953
tfmf_2block_k7,-1,35,0,5,12.898113250732422
sq_det,-1,36,0,0,3.4031667709350586
tfmf_1block,-1,36,0,16,12.746935844421387
tfmf_2block,-1,36,0,15,12.793116569519043
tfmf_2block_k2,-1,36,0,12,12.832636833190918
tfmf_2block_k4,-1,36,1,16,12.898365020751953
tfmf_2block_k7,-1,36,1,17,12.898113250732422
sq_det,-1,37,1,4,3.4031667709350586
tfmf_1block,-1,37,0,14,12.746935844421387
tfmf_2block,-1,37,0,16,12.793116569519043
tfmf_2block_k2,-1,37,1,17,12.832636833190918
tfmf_2block_k4,-1,37,0,9,12.898365020751953
tfmf_2block_k7,-1,37,0,11,12.898113250732422
sq_det,-1,38,0,0,3.4031667709350586
tfmf_1block,-1,38,0,9,12.746935844421387
tfmf_2block,-1,38,1,19,12.793116569519043
tfmf_2block_k2,-1,38,0,17,12.832636833190918
tfmf_2block_k4,-1,38,0,11,12.898365020751953
tfmf_2block_k7,-1,38,0,6,12.898113250732422
sq_det,-1,39,0,1,3.4031667709350586
tfmf_1block,-1,39,0,13,12.746935844421387
tfmf_2block,-1,39,0,10,12.793116569519043
tfmf_2block_k2,-1,39,0,12,12.832636833190918
tfmf_2block_k4,-1,39,0,9,12.898365020751953
tfmf_2block_k7,-1,39,0,9,12.898113250732422
sq_det,-1,40,0,0,3.4031667709350586
tfmf_1block,-1,40,0,11,12.746935844421387
tfmf_2block,-1,40,0,11,12.793116569519043
tfmf_2block_k2,-1,40,0,14,12.832636833190918
tfmf_2block_k4,-1,40,0,4,12.898365020751953
tfmf_2block_k7,-1,40,0,10,12.898113250732422
sq_det,-1,41,1,2,3.4031667709350586
tfmf_1block,-1,41,0,12,12.746935844421387
tfmf_2block,-1,41,0,9,12.793116569519043
tfmf_2block_k2,-1,41,0,10,12.832636833190918
tfmf_2block_k4,-1,41,0,7,12.898365020751953
tfmf_2block_k7,-1,41,0,7,12.898113250732422
sq_det,-1,42,0,0,3.4031667709350586
tfmf_1block,-1,42,0,10,12.746935844421387
tfmf_2block,-1,42,0,8,12.793116569519043
tfmf_2block_k2,-1,42,1,8,12.832636833190918
tfmf_2block_k4,-1,42,1,11,12.898365020751953
tfmf_2block_k7,-1,42,0,4,12.898113250732422
sq_det,-1,43,0,1,3.4031667709350586
tfmf_1block,-1,43,0,15,12.746935844421387
tfmf_2block,-1,43,0,14,12.793116569519043
tfmf_2block_k2,-1,43,1,11,12.832636833190918
tfmf_2block_k4,-1,43,1,11,12.898365020751953
tfmf_2block_k7,-1,43,0,6,12.898113250732422
sq_det,-1,44,0,0,3.4031667709350586
tfmf_1block,-1,44,1,9,12.746935844421387
tfmf_2block,-1,44,0,12,12.793116569519043
tfmf_2block_k2,-1,44,1,16,12.832636833190918
tfmf_2block_k4,-1,44,1,11,12.898365020751953
tfmf_2block_k7,-1,44,0,9,12.898113250732422
sq_det,-1,45,0,0,3.4031667709350586
tfmf_1block,-1,45,0,11,12.746935844421387
tfmf_2block,-1,45,0,9,12.793116569519043
tfmf_2block_k2,-1,45,1,16,12.832636833190918
tfmf_2block_k4,-1,45,0,14,12.898365020751953
tfmf_2block_k7,-1,45,0,18,12.898113250732422
sq_det,-1,46,1,2,3.4031667709350586
tfmf_1block,-1,46,0,13,12.746935844421387
tfmf_2block,-1,46,1,9,12.793116569519043
tfmf_2block_k2,-1,46,1,6,12.832636833190918
tfmf_2block_k4,-1,46,1,10,12.898365020751953
tfmf_2block_k7,-1,46,0,11,12.898113250732422
sq_det,-1,47,0,0,3.4031667709350586
tfmf_1block,-1,47,0,9,12.746935844421387
tfmf_2block,-1,47,0,11,12.793116569519043
tfmf_2block_k2,-1,47,1,15,12.832636833190918
tfmf_2block_k4,-1,47,0,6,12.898365020751953
tfmf_2block_k7,-1,47,0,6,12.898113250732422
sq_det,-1,48,0,0,3.4031667709350586
tfmf_1block,-1,48,0,10,12.746935844421387
tfmf_2block,-1,48,0,16,12.793116569519043
tfmf_2block_k2,-1,48,0,12,12.832636833190918
tfmf_2block_k4,-1,48,1,18,12.898365020751953
tfmf_2block_k7,-1,48,1,12,12.898113250732422
sq_det,-1,49,0,1,3.4031667709350586
tfmf_1block,-1,49,0,6,12.746935844421387
tfmf_2block,-1,49,1,13,12.793116569519043
tfmf_2block_k2,-1,49,1,14,12.832636833190918
tfmf_2block_k4,-1,49,1,15,12.898365020751953
tfmf_2block_k7,-1,49,0,4,12.898113250732422
sq_det,0,0,0,0,3.4031667709350586
tfmf_1block,0,0,1,11,12.746935844421387
tfmf_2block,0,0,0,14,12.793116569519043
tfmf_2block_k2,0,0,0,18,12.832636833190918
tfmf_2block_k4,0,0,0,11,12.898365020751953
tfmf_2block_k7,0,0,0,9,12.898113250732422
sq_det,0,1,0,0,3.4031667709350586
tfmf_1block,0,1,0,9,12.746935844421387
tfmf_2block,0,1,0,13,12.793116569519043
tfmf_2block_k2,0,1,1,21,12.832636833190918
tfmf_2block_k4,0,1,1,11,12.898365020751953
tfmf_2block_k7,0,1,0,9,12.898113250732422
sq_det,0,2,0,0,3.4031667709350586
tfmf_1block,0,2,0,10,12.746935844421387
tfmf_2block,0,2,0,9,12.793116569519043
tfmf_2block_k2,0,2,0,7,12.832636833190918
tfmf_2block_k4,0,2,1,13,12.898365020751953
tfmf_2block_k7,0,2,1,10,12.898113250732422
sq_det,0,3,1,2,3.4031667709350586
tfmf_1block,0,3,0,6,12.746935844421387
tfmf_2block,0,3,0,10,12.793116569519043
tfmf_2block_k2,0,3,0,6,12.832636833190918
tfmf_2block_k4,0,3,1,19,12.898365020751953
tfmf_2block_k7,0,3,0,10,12.898113250732422
sq_det,0,4,1,1,3.4031667709350586
tfmf_1block,0,4,1,12,12.746935844421387
tfmf_2block,0,4,1,11,12.793116569519043
tfmf_2block_k2,0,4,1,12,12.832636833190918
tfmf_2block_k4,0,4,1,12,12.898365020751953
tfmf_2block_k7,0,4,0,9,12.898113250732422
sq_det,0,5,0,0,3.4031667709350586
tfmf_1block,0,5,0,19,12.746935844421387
tfmf_2block,0,5,0,5,12.793116569519043
tfmf_2block_k2,0,5,1,12,12.832636833190918
tfmf_2block_k4,0,5,1,11,12.898365020751953
tfmf_2block_k7,0,5,0,11,12.898113250732422
sq_det,0,6,0,1,3.4031667709350586
tfmf_1block,0,6,1,13,12.746935844421387
tfmf_2block,0,6,1,11,12.793116569519043
tfmf_2block_k2,0,6,1,8,12.832636833190918
tfmf_2block_k4,0,6,1,15,12.898365020751953
tfmf_2block_k7,0,6,0,8,12.898113250732422
sq_det,0,7,0,0,3.4031667709350586
tfmf_1block,0,7,0,5,12.746935844421387
tfmf_2block,0,7,0,13,12.793116569519043
tfmf_2block_k2,0,7,0,12,12.832636833190918
tfmf_2block_k4,0,7,0,9,12.898365020751953
tfmf_2block_k7,0,7,1,7,12.898113250732422
sq_det,0,8,0,0,3.4031667709350586
tfmf_1block,0,8,0,8,12.746935844421387
tfmf_2block,0,8,0,7,12.793116569519043
tfmf_2block_k2,0,8,1,21,12.832636833190918
tfmf_2block_k4,0,8,1,18,12.898365020751953
tfmf_2block_k7,0,8,1,9,12.898113250732422
sq_det,0,9,0,0,3.4031667709350586
tfmf_1block,0,9,0,17,12.746935844421387
tfmf_2block,0,9,0,12,12.793116569519043
tfmf_2block_k2,0,9,0,20,12.832636833190918
tfmf_2block_k4,0,9,0,15,12.898365020751953
tfmf_2block_k7,0,9,0,12,12.898113250732422
sq_det,0,10,0,0,3.4031667709350586
tfmf_1block,0,10,1,22,12.746935844421387
tfmf_2block,0,10,1,17,12.793116569519043
tfmf_2block_k2,0,10,1,15,12.832636833190918
tfmf_2block_k4,0,10,0,12,12.898365020751953
tfmf_2block_k7,0,10,0,4,12.898113250732422
sq_det,0,11,1,1,3.4031667709350586
tfmf_1block,0,11,1,18,12.746935844421387
tfmf_2block,0,11,0,14,12.793116569519043
tfmf_2block_k2,0,11,1,15,12.832636833190918
tfmf_2block_k4,0,11,1,14,12.898365020751953
tfmf_2block_k7,0,11,1,14,12.898113250732422
sq_det,0,12,1,4,3.4031667709350586
tfmf_1block,0,12,0,14,12.746935844421387
tfmf_2block,0,12,1,10,12.793116569519043
tfmf_2block_k2,0,12,1,15,12.832636833190918
tfmf_2block_k4,0,12,1,18,12.898365020751953
tfmf_2block_k7,0,12,0,12,12.898113250732422
sq_det,0,13,0,1,3.4031667709350586
tfmf_1block,0,13,0,18,12.746935844421387
tfmf_2block,0,13,0,17,12.793116569519043
tfmf_2block_k2,0,13,0,18,12.832636833190918
tfmf_2block_k4,0,13,0,16,12.898365020751953
tfmf_2block_k7,0,13,0,4,12.898113250732422
sq_det,0,14,0,0,3.4031667709350586
tfmf_1block,0,14,1,12,12.746935844421387
tfmf_2block,0,14,1,13,12.793116569519043
tfmf_2block_k2,0,14,1,15,12.832636833190918
tfmf_2block_k4,0,14,1,16,12.898365020751953
tfmf_2block_k7,0,14,1,11,12.898113250732422
sq_det,0,15,0,1,3.4031667709350586
tfmf_1block,0,15,0,12,12.746935844421387
tfmf_2block,0,15,1,10,12.793116569519043
tfmf_2block_k2,0,15,1,14,12.832636833190918
tfmf_2block_k4,0,15,1,14,12.898365020751953
tfmf_2block_k7,0,15,1,13,12.898113250732422
sq_det,0,16,0,0,3.4031667709350586
tfmf_1block,0,16,0,15,12.746935844421387
tfmf_2block,0,16,0,14,12.793116569519043
tfmf_2block_k2,0,16,0,10,12.832636833190918
tfmf_2block_k4,0,16,0,18,12.898365020751953
tfmf_2block_k7,0,16,0,8,12.898113250732422
sq_det,0,17,0,1,3.4031667709350586
tfmf_1block,0,17,0,12,12.746935844421387
tfmf_2block,0,17,0,14,12.793116569519043
tfmf_2block_k2,0,17,0,11,12.832636833190918
tfmf_2block_k4,0,17,0,10,12.898365020751953
tfmf_2block_k7,0,17,0,4,12.898113250732422
sq_det,0,18,1,4,3.4031667709350586
tfmf_1block,0,18,0,14,12.746935844421387
tfmf_2block,0,18,0,9,12.793116569519043
tfmf_2block_k2,0,18,1,12,12.832636833190918
tfmf_2block_k4,0,18,0,7,12.898365020751953
tfmf_2block_k7,0,18,0,9,12.898113250732422
sq_det,0,19,0,1,3.4031667709350586
tfmf_1block,0,19,1,10,12.746935844421387
tfmf_2block,0,19,0,13,12.793116569519043
tfmf_2block_k2,0,19,0,9,12.832636833190918
tfmf_2block_k4,0,19,0,13,12.898365020751953
tfmf_2block_k7,0,19,0,6,12.898113250732422
sq_det,0,20,1,3,3.4031667709350586
tfmf_1block,0,20,0,11,12.746935844421387
tfmf_2block,0,20,0,10,12.793116569519043
tfmf_2block_k2,0,20,1,24,12.832636833190918
tfmf_2block_k4,0,20,1,23,12.898365020751953
tfmf_2block_k7,0,20,1,12,12.898113250732422
sq_det,0,21,0,1,3.4031667709350586
tfmf_1block,0,21,1,19,12.746935844421387
tfmf_2block,0,21,1,18,12.793116569519043
tfmf_2block_k2,0,21,0,14,12.832636833190918
tfmf_2block_k4,0,21,0,8,12.898365020751953
tfmf_2block_k7,0,21,0,13,12.898113250732422
sq_det,0,22,0,0,3.4031667709350586
tfmf_1block,0,22,0,9,12.746935844421387
tfmf_2block,0,22,0,8,12.793116569519043
tfmf_2block_k2,0,22,0,22,12.832636833190918
tfmf_2block_k4,0,22,1,15,12.898365020751953
tfmf_2block_k7,0,22,0,11,12.898113250732422
sq_det,0,23,0,0,3.4031667709350586
tfmf_1block,0,23,0,13,12.746935844421387
tfmf_2block,0,23,0,11,12.793116569519043
tfmf_2block_k2,0,23,1,15,12.832636833190918
tfmf_2block_k4,0,23,1,12,12.898365020751953
tfmf_2block_k7,0,23,1,20,12.898113250732422
sq_det,0,24,0,0,3.4031667709350586
tfmf_1block,0,24,1,15,12.746935844421387
tfmf_2block,0,24,0,19,12.793116569519043
tfmf_2block_k2,0,24,1,13,12.832636833190918
tfmf_2block_k4,0,24,1,18,12.898365020751953
tfmf_2block_k7,0,24,0,7,12.898113250732422
sq_det,0,25,1,1,3.4031667709350586
tfmf_1block,0,25,1,12,12.746935844421387
tfmf_2block,0,25,1,11,12.793116569519043
tfmf_2block_k2,0,25,1,22,12.832636833190918
tfmf_2block_k4,0,25,1,18,12.898365020751953
tfmf_2block_k7,0,25,0,11,12.898113250732422
sq_det,0,26,1,2,3.4031667709350586
tfmf_1block,0,26,1,5,12.746935844421387
tfmf_2block,0,26,0,14,12.793116569519043
tfmf_2block_k2,0,26,0,15,12.832636833190918
tfmf_2block_k4,0,26,1,16,12.898365020751953
tfmf_2block_k7,0,26,0,6,12.898113250732422
sq_det,0,27,0,0,3.4031667709350586
tfmf_1block,0,27,0,9,12.746935844421387
tfmf_2block,0,27,0,9,12.793116569519043
tfmf_2block_k2,0,27,1,11,12.832636833190918
tfmf_2block_k4,0,27,0,8,12.898365020751953
tfmf_2block_k7,0,27,0,18,12.898113250732422
sq_det,0,28,0,0,3.4031667709350586
tfmf_1block,0,28,0,12,12.746935844421387
tfmf_2block,0,28,1,7,12.793116569519043
tfmf_2block_k2,0,28,1,15,12.832636833190918
tfmf_2block_k4,0,28,1,12,12.898365020751953
tfmf_2block_k7,0,28,1,11,12.898113250732422
sq_det,0,29,0,0,3.4031667709350586
tfmf_1block,0,29,0,9,12.746935844421387
tfmf_2block,0,29,0,8,12.793116569519043
tfmf_2block_k2,0,29,1,11,12.832636833190918
tfmf_2block_k4,0,29,1,9,12.898365020751953
tfmf_2block_k7,0,29,0,7,12.898113250732422
sq_det,0,30,0,0,3.4031667709350586
tfmf_1block,0,30,0,7,12.746935844421387
tfmf_2block,0,30,0,11,12.793116569519043
tfmf_2block_k2,0,30,0,12,12.832636833190918
tfmf_2block_k4,0,30,1,12,12.898365020751953
tfmf_2block_k7,0,30,0,9,12.898113250732422
sq_det,0,31,1,3,3.4031667709350586
tfmf_1block,0,31,1,18,12.746935844421387
tfmf_2block,0,31,0,12,12.793116569519043
tfmf_2block_k2,0,31,1,24,12.832636833190918
tfmf_2block_k4,0,31,0,15,12.898365020751953
tfmf_2block_k7,0,31,0,10,12.898113250732422
sq_det,0,32,1,3,3.4031667709350586
tfmf_1block,0,32,0,11,12.746935844421387
tfmf_2block,0,32,0,15,12.793116569519043
tfmf_2block_k2,0,32,1,23,12.832636833190918
tfmf_2block_k4,0,32,1,23,12.898365020751953
tfmf_2block_k7,0,32,0,9,12.898113250732422
sq_det,0,33,0,0,3.4031667709350586
tfmf_1block,0,33,1,10,12.746935844421387
tfmf_2block,0,33,1,16,12.793116569519043
tfmf_2block_k2,0,33,1,17,12.832636833190918
tfmf_2block_k4,0,33,1,13,12.898365020751953
tfmf_2block_k7,0,33,1,13,12.898113250732422
sq_det,0,34,0,0,3.4031667709350586
tfmf_1block,0,34,0,17,12.746935844421387
tfmf_2block,0,34,0,12,12.793116569519043
tfmf_2block_k2,0,34,0,12,12.832636833190918
tfmf_2block_k4,0,34,1,12,12.898365020751953
tfmf_2block_k7,0,34,1,10,12.898113250732422
sq_det,0,35,0,0,3.4031667709350586
tfmf_1block,0,35,1,10,12.746935844421387
tfmf_2block,0,35,1,19,12.793116569519043
tfmf_2block_k2,0,35,1,19,12.832636833190918
tfmf_2block_k4,0,35,1,14,12.898365020751953
tfmf_2block_k7,0,35,1,19,12.898113250732422
sq_det,0,36,0,0,3.4031667709350586
tfmf_1block,0,36,0,16,12.746935844421387
tfmf_2block,0,36,0,12,12.793116569519043
tfmf_2block_k2,0,36,0,14,12.832636833190918
tfmf_2block_k4,0,36,0,7,12.898365020751953
tfmf_2block_k7,0,36,0,8,12.898113250732422
sq_det,0,37,1,1,3.4031667709350586
tfmf_1block,0,37,0,16,12.746935844421387
tfmf_2block,0,37,0,15,12.793116569519043
tfmf_2block_k2,0,37,0,11,12.832636833190918
tfmf_2block_k4,0,37,0,7,12.898365020751953
tfmf_2block_k7,0,37,0,8,12.898113250732422
sq_det,0,38,1,1,3.4031667709350586
tfmf_1block,0,38,0,15,12.746935844421387
tfmf_2block,0,38,1,10,12.793116569519043
tfmf_2block_k2,0,38,1,20,12.832636833190918
tfmf_2block_k4,0,38,1,21,12.898365020751953
tfmf_2block_k7,0,38,1,24,12.898113250732422
sq_det,0,39,0,0,3.4031667709350586
tfmf_1block,0,39,1,15,12.746935844421387
tfmf_2block,0,39,1,11,12.793116569519043
tfmf_2block_k2,0,39,1,15,12.832636833190918
tfmf_2block_k4,0,39,1,12,12.898365020751953
tfmf_2block_k7,0,39,1,11,12.898113250732422
sq_det,0,40,0,0,3.4031667709350586
tfmf_1block,0,40,0,9,12.746935844421387
tfmf_2block,0,40,0,10,12.793116569519043
tfmf_2block_k2,0,40,0,14,12.832636833190918
tfmf_2block_k4,0,40,0,6,12.898365020751953
tfmf_2block_k7,0,40,0,7,12.898113250732422
sq_det,0,41,0,0,3.4031667709350586
tfmf_1block,0,41,0,10,12.746935844421387
tfmf_2block,0,41,1,12,12.793116569519043
tfmf_2block_k2,0,41,1,10,12.832636833190918
tfmf_2block_k4,0,41,1,15,12.898365020751953
tfmf_2block_k7,0,41,1,7,12.898113250732422
sq_det,0,42,1,3,3.4031667709350586
tfmf_1block,0,42,1,21,12.746935844421387
tfmf_2block,0,42,1,11,12.793116569519043
tfmf_2block_k2,0,42,1,18,12.832636833190918
tfmf_2block_k4,0,42,1,16,12.898365020751953
tfmf_2block_k7,0,42,1,16,12.898113250732422
sq_det,0,43,0,0,3.4031667709350586
tfmf_1block,0,43,0,10,12.746935844421387
tfmf_2block,0,43,0,9,12.793116569519043
tfmf_2block_k2,0,43,0,11,12.832636833190918
tfmf_2block_k4,0,43,0,8,12.898365020751953
tfmf_2block_k7,0,43,0,13,12.898113250732422
sq_det,0,44,0,0,3.4031667709350586
tfmf_1block,0,44,0,7,12.746935844421387
tfmf_2block,0,44,0,14,12.793116569519043
tfmf_2block_k2,0,44,0,8,12.832636833190918
tfmf_2block_k4,0,44,1,7,12.898365020751953
tfmf_2block_k7,0,44,1,10,12.898113250732422
sq_det,0,45,0,0,3.4031667709350586
tfmf_1block,0,45,1,21,12.746935844421387
tfmf_2block,0,45,0,10,12.793116569519043
tfmf_2block_k2,0,45,1,15,12.832636833190918
tfmf_2block_k4,0,45,1,12,12.898365020751953
tfmf_2block_k7,0,45,0,9,12.898113250732422
sq_det,0,46,0,0,3.4031667709350586
tfmf_1block,0,46,1,12,12.746935844421387
tfmf_2block,0,46,1,12,12.793116569519043
tfmf_2block_k2,0,46,1,15,12.832636833190918
tfmf_2block_k4,0,46,1,15,12.898365020751953
tfmf_2block_k7,0,46,0,8,12.898113250732422
sq_det,0,47,0,0,3.4031667709350586
tfmf_1block,0,47,0,13,12.746935844421387
tfmf_2block,0,47,0,12,12.793116569519043
tfmf_2block_k2,0,47,1,20,12.832636833190918
tfmf_2block_k4,0,47,0,19,12.898365020751953
tfmf_2block_k7,0,47,0,10,12.898113250732422
sq_det,0,48,0,0,3.4031667709350586
tfmf_1block,0,48,1,18,12.746935844421387
tfmf_2block,0,48,1,13,12.793116569519043
tfmf_2block_k2,0,48,1,13,12.832636833190918
tfmf_2block_k4,0,48,1,16,12.898365020751953
tfmf_2block_k7,0,48,1,5,12.898113250732422
sq_det,0,49,0,0,3.4031667709350586
tfmf_1block,0,49,0,13,12.746935844421387
tfmf_2block,0,49,0,14,12.793116569519043
tfmf_2block_k2,0,49,1,12,12.832636833190918
tfmf_2block_k4,0,49,0,8,12.898365020751953
tfmf_2block_k7,0,49,0,1,12.898113250732422
sq_det,1,0,1,2,3.4031667709350586
tfmf_1block,1,0,0,16,12.746935844421387
tfmf_2block,1,0,1,17,12.793116569519043
tfmf_2block_k2,1,0,1,19,12.832636833190918
tfmf_2block_k4,1,0,1,25,12.898365020751953
tfmf_2block_k7,1,0,1,17,12.898113250732422
sq_det,1,1,0,0,3.4031667709350586
tfmf_1block,1,1,1,16,12.746935844421387
tfmf_2block,1,1,1,18,12.793116569519043
tfmf_2block_k2,1,1,1,35,12.832636833190918
tfmf_2block_k4,1,1,1,45,12.898365020751953
tfmf_2block_k7,1,1,1,25,12.898113250732422
sq_det,1,2,1,1,3.4031667709350586
tfmf_1block,1,2,1,24,12.746935844421387
tfmf_2block,1,2,1,21,12.793116569519043
tfmf_2block_k2,1,2,1,27,12.832636833190918
tfmf_2block_k4,1,2,1,39,12.898365020751953
tfmf_2block_k7,1,2,1,30,12.898113250732422
sq_det,1,3,0,1,3.4031667709350586
tfmf_1block,1,3,1,20,12.746935844421387
tfmf_2block,1,3,1,16,12.793116569519043
tfmf_2block_k2,1,3,1,25,12.832636833190918
tfmf_2block_k4,1,3,0,20,12.898365020751953
tfmf_2block_k7,1,3,0,16,12.898113250732422
sq_det,1,4,1,2,3.4031667709350586
tfmf_1block,1,4,1,20,12.746935844421387
tfmf_2block,1,4,0,9,12.793116569519043
tfmf_2block_k2,1,4,1,16,12.832636833190918
tfmf_2block_k4,1,4,1,14,12.898365020751953
tfmf_2block_k7,1,4,1,11,12.898113250732422
sq_det,1,5,0,0,3.4031667709350586
tfmf_1block,1,5,1,16,12.746935844421387
tfmf_2block,1,5,1,16,12.793116569519043
tfmf_2block_k2,1,5,1,19,12.832636833190918
tfmf_2block_k4,1,5,1,17,12.898365020751953
tfmf_2block_k7,1,5,0,7,12.898113250732422
sq_det,1,6,0,0,3.4031667709350586
tfmf_1block,1,6,0,12,12.746935844421387
tfmf_2block,1,6,1,10,12.793116569519043
tfmf_2block_k2,1,6,1,16,12.832636833190918
tfmf_2block_k4,1,6,1,19,12.898365020751953
tfmf_2block_k7,1,6,0,11,12.898113250732422
sq_det,1,7,0,0,3.4031667709350586
tfmf_1block,1,7,1,18,12.746935844421387
tfmf_2block,1,7,1,15,12.793116569519043
tfmf_2block_k2,1,7,1,22,12.832636833190918
tfmf_2block_k4,1,7,1,22,12.898365020751953
tfmf_2block_k7,1,7,1,13,12.898113250732422
sq_det,1,8,1,2,3.4031667709350586
tfmf_1block,1,8,0,10,12.746935844421387
tfmf_2block,1,8,1,15,12.793116569519043
tfmf_2block_k2,1,8,1,35,12.832636833190918
tfmf_2block_k4,1,8,1,28,12.898365020751953
tfmf_2block_k7,1,8,1,10,12.898113250732422
sq_det,1,9,1,1,3.4031667709350586
tfmf_1block,1,9,1,15,12.746935844421387
tfmf_2block,1,9,1,21,12.793116569519043
tfmf_2block_k2,1,9,1,25,12.832636833190918
tfmf_2block_k4,1,9,1,30,12.898365020751953
tfmf_2block_k7,1,9,1,17,12.898113250732422
sq_det,1,10,1,6,3.4031667709350586
tfmf_1block,1,10,1,26,12.746935844421387
tfmf_2block,1,10,0,14,12.793116569519043
tfmf_2block_k2,1,10,1,17,12.832636833190918
tfmf_2block_k4,1,10,1,12,12.898365020751953
tfmf_2block_k7,1,10,1,7,12.898113250732422
sq_det,1,11,1,2,3.4031667709350586
tfmf_1block,1,11,0,12,12.746935844421387
tfmf_2block,1,11,0,8,12.793116569519043
tfmf_2block_k2,1,11,1,21,12.832636833190918
tfmf_2block_k4,1,11,1,22,12.898365020751953
tfmf_2block_k7,1,11,1,15,12.898113250732422
sq_det,1,12,1,2,3.4031667709350586
tfmf_1block,1,12,0,21,12.746935844421387
tfmf_2block,1,12,1,19,12.793116569519043
tfmf_2block_k2,1,12,1,19,12.832636833190918
tfmf_2block_k4,1,12,1,14,12.898365020751953
tfmf_2block_k7,1,12,0,12,12.898113250732422
sq_det,1,13,0,0,3.4031667709350586
tfmf_1block,1,13,0,12,12.746935844421387
tfmf_2block,1,13,0,19,12.793116569519043
tfmf_2block_k2,1,13,1,15,12.832636833190918
tfmf_2block_k4,1,13,1,18,12.898365020751953
tfmf_2block_k7,1,13,0,11,12.898113250732422
sq_det,1,14,1,1,3.4031667709350586
tfmf_1block,1,14,0,17,12.746935844421387
tfmf_2block,1,14,0,20,12.793116569519043
tfmf_2block_k2,1,14,1,28,12.832636833190918
tfmf_2block_k4,1,14,1,20,12.898365020751953
tfmf_2block_k7,1,14,0,13,12.898113250732422
sq_det,1,15,0,0,3.4031667709350586
tfmf_1block,1,15,1,17,12.746935844421387
tfmf_2block,1,15,0,10,12.793116569519043
tfmf_2block_k2,1,15,0,11,12.832636833190918
tfmf_2block_k4,1,15,0,16,12.898365020751953
tfmf_2block_k7,1,15,0,10,12.898113250732422
sq_det,1,16,1,4,3.4031667709350586
tfmf_1block,1,16,0,16,12.746935844421387
tfmf_2block,1,16,0,17,12.793116569519043
tfmf_2block_k2,1,16,0,15,12.832636833190918
tfmf_2block_k4,1,16,1,13,12.898365020751953
tfmf_2block_k7,1,16,0,11,12.898113250732422
sq_det,1,17,0,1,3.4031667709350586
tfmf_1block,1,17,1,19,12.746935844421387
tfmf_2block,1,17,1,9,12.793116569519043
tfmf_2block_k2,1,17,1,19,12.832636833190918
tfmf_2block_k4,1,17,1,19,12.898365020751953
tfmf_2block_k7,1,17,1,25,12.898113250732422
sq_det,1,18,0,1,3.4031667709350586
tfmf_1block,1,18,1,20,12.746935844421387
tfmf_2block,1,18,1,18,12.793116569519043
tfmf_2block_k2,1,18,0,17,12.832636833190918
tfmf_2block_k4,1,18,0,15,12.898365020751953
tfmf_2block_k7,1,18,0,9,12.898113250732422
sq_det,1,19,0,0,3.4031667709350586
tfmf_1block,1,19,1,12,12.746935844421387
tfmf_2block,1,19,1,14,12.793116569519043
tfmf_2block_k2,1,19,1,16,12.832636833190918
tfmf_2block_k4,1,19,1,22,12.898365020751953
tfmf_2block_k7,1,19,0,6,12.898113250732422
sq_det,1,20,0,0,3.4031667709350586
tfmf_1block,1,20,0,14,12.746935844421387
tfmf_2block,1,20,0,14,12.793116569519043
tfmf_2block_k2,1,20,1,21,12.832636833190918
tfmf_2block_k4,1,20,1,21,12.898365020751953
tfmf_2block_k7,1,20,0,16,12.898113250732422
sq_det,1,21,1,2,3.4031667709350586
tfmf_1block,1,21,1,15,12.746935844421387
tfmf_2block,1,21,1,15,12.793116569519043
tfmf_2block_k2,1,21,1,35,12.832636833190918
tfmf_2block_k4,1,21,1,34,12.898365020751953
tfmf_2block_k7,1,21,1,18,12.898113250732422
sq_det,1,22,0,0,3.4031667709350586
tfmf_1block,1,22,1,20,12.746935844421387
tfmf_2block,1,22,0,12,12.793116569519043
tfmf_2block_k2,1,22,1,21,12.832636833190918
tfmf_2block_k4,1,22,1,16,12.898365020751953
tfmf_2block_k7,1,22,0,10,12.898113250732422
sq_det,1,23,1,1,3.4031667709350586
tfmf_1block,1,23,1,20,12.746935844421387
tfmf_2block,1,23,1,14,12.793116569519043
tfmf_2block_k2,1,23,1,17,12.832636833190918
tfmf_2block_k4,1,23,1,20,12.898365020751953
tfmf_2block_k7,1,23,0,9,12.898113250732422
sq_det,1,24,1,3,3.4031667709350586
tfmf_1block,1,24,0,14,12.746935844421387
tfmf_2block,1,24,0,20,12.793116569519043
tfmf_2block_k2,1,24,0,19,12.832636833190918
tfmf_2block_k4,1,24,0,15,12.898365020751953
tfmf_2block_k7,1,24,0,8,12.898113250732422
sq_det,1,25,1,1,3.4031667709350586
tfmf_1block,1,25,1,13,12.746935844421387
tfmf_2block,1,25,1,17,12.793116569519043
tfmf_2block_k2,1,25,1,27,12.832636833190918
tfmf_2block_k4,1,25,1,29,12.898365020751953
tfmf_2block_k7,1,25,0,11,12.898113250732422
sq_det,1,26,1,4,3.4031667709350586
tfmf_1block,1,26,1,17,12.746935844421387
tfmf_2block,1,26,1,8,12.793116569519043
tfmf_2block_k2,1,26,0,18,12.832636833190918
tfmf_2block_k4,1,26,1,20,12.898365020751953
tfmf_2block_k7,1,26,0,9,12.898113250732422
sq_det,1,27,1,2,3.4031667709350586
tfmf_1block,1,27,1,16,12.746935844421387
tfmf_2block,1,27,1,16,12.793116569519043
tfmf_2block_k2,1,27,1,24,12.832636833190918
tfmf_2block_k4,1,27,1,25,12.898365020751953
tfmf_2block_k7,1,27,1,12,12.898113250732422
sq_det,1,28,1,1,3.4031667709350586
tfmf_1block,1,28,0,10,12.746935844421387
tfmf_2block,1,28,0,20,12.793116569519043
tfmf_2block_k2,1,28,1,22,12.832636833190918
tfmf_2block_k4,1,28,1,14,12.898365020751953
tfmf_2block_k7,1,28,1,9,12.898113250732422
sq_det,1,29,1,1,3.4031667709350586
tfmf_1block,1,29,0,17,12.746935844421387
tfmf_2block,1,29,1,15,12.793116569519043
tfmf_2block_k2,1,29,1,21,12.832636833190918
tfmf_2block_k4,1,29,1,22,12.898365020751953
tfmf_2block_k7,1,29,1,26,12.898113250732422
sq_det,1,30,0,0,3.4031667709350586
tfmf_1block,1,30,1,17,12.746935844421387
tfmf_2block,1,30,0,9,12.793116569519043
tfmf_2block_k2,1,30,1,15,12.832636833190918
tfmf_2block_k4,1,30,1,10,12.898365020751953
tfmf_2block_k7,1,30,0,7,12.898113250732422
sq_det,1,31,1,1,3.4031667709350586
tfmf_1block,1,31,1,11,12.746935844421387
tfmf_2block,1,31,1,12,12.793116569519043
tfmf_2block_k2,1,31,1,20,12.832636833190918
tfmf_2block_k4,1,31,1,9,12.898365020751953
tfmf_2block_k7,1,31,0,7,12.898113250732422
sq_det,1,32,1,1,3.4031667709350586
tfmf_1block,1,32,1,12,12.746935844421387
tfmf_2block,1,32,1,17,12.793116569519043
tfmf_2block_k2,1,32,1,20,12.832636833190918
tfmf_2block_k4,1,32,1,15,12.898365020751953
tfmf_2block_k7,1,32,0,5,12.898113250732422
sq_det,1,33,0,1,3.4031667709350586
tfmf_1block,1,33,1,14,12.746935844421387
tfmf_2block,1,33,0,17,12.793116569519043
tfmf_2block_k2,1,33,1,13,12.832636833190918
tfmf_2block_k4,1,33,1,22,12.898365020751953
tfmf_2block_k7,1,33,0,14,12.898113250732422
sq_det,1,34,1,2,3.4031667709350586
tfmf_1block,1,34,1,13,12.746935844421387
tfmf_2block,1,34,1,10,12.793116569519043
tfmf_2block_k2,1,34,1,18,12.832636833190918
tfmf_2block_k4,1,34,1,18,12.898365020751953
tfmf_2block_k7,1,34,1,14,12.898113250732422
sq_det,1,35,1,4,3.4031667709350586
tfmf_1block,1,35,1,26,12.746935844421387
tfmf_2block,1,35,1,12,12.793116569519043
tfmf_2block_k2,1,35,1,23,12.832636833190918
tfmf_2block_k4,1,35,1,27,12.898365020751953
tfmf_2block_k7,1,35,1,18,12.898113250732422
sq_det,1,36,1,2,3.4031667709350586
tfmf_1block,1,36,0,7,12.746935844421387
tfmf_2block,1,36,1,13,12.793116569519043
tfmf_2block_k2,1,36,1,17,12.832636833190918
tfmf_2block_k4,1,36,1,10,12.898365020751953
tfmf_2block_k7,1,36,0,5,12.898113250732422
sq_det,1,37,0,0,3.4031667709350586
tfmf_1block,1,37,1,13,12.746935844421387
tfmf_2block,1,37,0,13,12.793116569519043
tfmf_2block_k2,1,37,1,23,12.832636833190918
tfmf_2block_k4,1,37,1,26,12.898365020751953
tfmf_2block_k7,1,37,0,19,12.898113250732422
sq_det,1,38,1,1,3.4031667709350586
tfmf_1block,1,38,1,21,12.746935844421387
tfmf_2block,1,38,0,10,12.793116569519043
tfmf_2block_k2,1,38,1,25,12.832636833190918
tfmf_2block_k4,1,38,1,15,12.898365020751953
tfmf_2block_k7,1,38,0,9,12.898113250732422
sq_det,1,39,1,2,3.4031667709350586
tfmf_1block,1,39,1,16,12.746935844421387
tfmf_2block,1,39,1,12,12.793116569519043
tfmf_2block_k2,1,39,1,15,12.832636833190918
tfmf_2block_k4,1,39,1,20,12.898365020751953
tfmf_2block_k7,1,39,1,12,12.898113250732422
sq_det,1,40,1,2,3.4031667709350586
tfmf_1block,1,40,0,10,12.746935844421387
tfmf_2block,1,40,0,14,12.793116569519043
tfmf_2block_k2,1,40,1,27,12.832636833190918
tfmf_2block_k4,1,40,1,33,12.898365020751953
tfmf_2block_k7,1,40,0,11,12.898113250732422
sq_det,1,41,1,2,3.4031667709350586
tfmf_1block,1,41,1,15,12.746935844421387
tfmf_2block,1,41,1,22,12.793116569519043
tfmf_2block_k2,1,41,1,18,12.832636833190918
tfmf_2block_k4,1,41,1,19,12.898365020751953
tfmf_2block_k7,1,41,1,10,12.898113250732422
sq_det,1,42,1,5,3.4031667709350586
tfmf_1block,1,42,1,16,12.746935844421387
tfmf_2block,1,42,1,14,12.793116569519043
tfmf_2block_k2,1,42,1,20,12.832636833190918
tfmf_2block_k4,1,42,1,15,12.898365020751953
tfmf_2block_k7,1,42,0,7,12.898113250732422
sq_det,1,43,0,0,3.4031667709350586
tfmf_1block,1,43,1,13,12.746935844421387
tfmf_2block,1,43,1,14,12.793116569519043
tfmf_2block_k2,1,43,1,22,12.832636833190918
tfmf_2block_k4,1,43,1,18,12.898365020751953
tfmf_2block_k7,1,43,1,8,12.898113250732422
sq_det,1,44,1,1,3.4031667709350586
tfmf_1block,1,44,1,20,12.746935844421387
tfmf_2block,1,44,1,18,12.793116569519043
tfmf_2block_k2,1,44,1,17,12.832636833190918
tfmf_2block_k4,1,44,1,10,12.898365020751953
tfmf_2block_k7,1,44,0,16,12.898113250732422
sq_det,1,45,1,1,3.4031667709350586
tfmf_1block,1,45,1,15,12.746935844421387
tfmf_2block,1,45,1,17,12.793116569519043
tfmf_2block_k2,1,45,1,44,12.832636833190918
tfmf_2block_k4,1,45,1,35,12.898365020751953
tfmf_2block_k7,1,45,1,16,12.898113250732422
sq_det,1,46,1,1,3.4031667709350586
tfmf_1block,1,46,1,19,12.746935844421387
tfmf_2block,1,46,1,10,12.793116569519043
tfmf_2block_k2,1,46,1,20,12.832636833190918
tfmf_2block_k4,1,46,1,22,12.898365020751953
tfmf_2block_k7,1,46,0,11,12.898113250732422
sq_det,1,47,0,0,3.4031667709350586
tfmf_1block,1,47,1,14,12.746935844421387
tfmf_2block,1,47,1,17,12.793116569519043
tfmf_2block_k2,1,47,1,13,12.832636833190918
tfmf_2block_k4,1,47,1,17,12.898365020751953
tfmf_2block_k7,1,47,1,7,12.898113250732422
sq_det,1,48,1,1,3.4031667709350586
tfmf_1block,1,48,0,15,12.746935844421387
tfmf_2block,1,48,1,17,12.793116569519043
tfmf_2block_k2,1,48,1,18,12.832636833190918
tfmf_2block_k4,1,48,1,17,12.898365020751953
tfmf_2block_k7,1,48,0,10,12.898113250732422
sq_det,1,49,1,1,3.4031667709350586
tfmf_1block,1,49,1,18,12.746935844421387
tfmf_2block,1,49,1,15,12.793116569519043
tfmf_2block_k2,1,49,1,19,12.832636833190918
tfmf_2block_k4,1,49,1,29,12.898365020751953
tfmf_2block_k7,1,49,0,20,12.898113250732422
sq_det,2,0,1,5,3.4031667709350586
tfmf_1block,2,0,1,16,12.746935844421387
tfmf_2block,2,0,1,20,12.793116569519043
tfmf_2block_k2,2,0,1,24,12.832636833190918
tfmf_2block_k4,2,0,1,24,12.898365020751953
tfmf_2block_k7,2,0,1,16,12.898113250732422
sq_det,2,1,1,3,3.4031667709350586
tfmf_1block,2,1,1,16,12.746935844421387
tfmf_2block,2,1,1,20,12.793116569519043
tfmf_2block_k2,2,1,1,30,12.832636833190918
tfmf_2block_k4,2,1,1,30,12.898365020751953
tfmf_2block_k7,2,1,1,19,12.898113250732422
sq_det,2,2,1,1,3.4031667709350586
tfmf_1block,2,2,1,22,12.746935844421387
tfmf_2block,2,2,0,21,12.793116569519043
tfmf_2block_k2,2,2,1,33,12.832636833190918
tfmf_2block_k4,2,2,1,36,12.898365020751953
tfmf_2block_k7,2,2,0,28,12.898113250732422
sq_det,2,3,1,4,3.4031667709350586
tfmf_1block,2,3,1,29,12.746935844421387
tfmf_2block,2,3,0,18,12.793116569519043
tfmf_2block_k2,2,3,1,46,12.832636833190918
tfmf_2block_k4,2,3,1,49,12.898365020751953
tfmf_2block_k7,2,3,1,26,12.898113250732422
sq_det,2,4,1,4,3.4031667709350586
tfmf_1block,2,4,1,9,12.746935844421387
tfmf_2block,2,4,1,9,12.793116569519043
tfmf_2block_k2,2,4,1,16,12.832636833190918
tfmf_2block_k4,2,4,1,22,12.898365020751953
tfmf_2block_k7,2,4,1,18,12.898113250732422
sq_det,2,5,1,1,3.4031667709350586
tfmf_1block,2,5,1,26,12.746935844421387
tfmf_2block,2,5,0,15,12.793116569519043
tfmf_2block_k2,2,5,1,23,12.832636833190918
tfmf_2block_k4,2,5,1,25,12.898365020751953
tfmf_2block_k7,2,5,0,14,12.898113250732422
sq_det,2,6,1,1,3.4031667709350586
tfmf_1block,2,6,1,19,12.746935844421387
tfmf_2block,2,6,1,17,12.793116569519043
tfmf_2block_k2,2,6,1,30,12.832636833190918
tfmf_2block_k4,2,6,1,30,12.898365020751953
tfmf_2block_k7,2,6,0,10,12.898113250732422
sq_det,2,7,1,1,3.4031667709350586
tfmf_1block,2,7,1,25,12.746935844421387
tfmf_2block,2,7,1,20,12.793116569519043
tfmf_2block_k2,2,7,1,59,12.832636833190918
tfmf_2block_k4,2,7,1,56,12.898365020751953
tfmf_2block_k7,2,7,0,24,12.898113250732422
sq_det,2,8,1,2,3.4031667709350586
tfmf_1block,2,8,1,20,12.746935844421387
tfmf_2block,2,8,1,19,12.793116569519043
tfmf_2block_k2,2,8,1,24,12.832636833190918
tfmf_2block_k4,2,8,1,27,12.898365020751953
tfmf_2block_k7,2,8,1,12,12.898113250732422
sq_det,2,9,1,4,3.4031667709350586
tfmf_1block,2,9,1,12,12.746935844421387
tfmf_2block,2,9,1,19,12.793116569519043
tfmf_2block_k2,2,9,1,41,12.832636833190918
tfmf_2block_k4,2,9,1,47,12.898365020751953
tfmf_2block_k7,2,9,1,24,12.898113250732422
sq_det,2,10,1,1,3.4031667709350586
tfmf_1block,2,10,1,36,12.746935844421387
tfmf_2block,2,10,1,23,12.793116569519043
tfmf_2block_k2,2,10,1,40,12.832636833190918
tfmf_2block_k4,2,10,1,33,12.898365020751953
tfmf_2block_k7,2,10,1,42,12.898113250732422
sq_det,2,11,1,3,3.4031667709350586
tfmf_1block,2,11,1,24,12.746935844421387
tfmf_2block,2,11,1,23,12.793116569519043
tfmf_2block_k2,2,11,1,42,12.832636833190918
tfmf_2block_k4,2,11,1,42,12.898365020751953
tfmf_2block_k7,2,11,1,23,12.898113250732422
sq_det,2,12,1,3,3.4031667709350586
tfmf_1block,2,12,1,21,12.746935844421387
tfmf_2block,2,12,1,27,12.793116569519043
tfmf_2block_k2,2,12,1,51,12.832636833190918
tfmf_2block_k4,2,12,1,50,12.898365020751953
tfmf_2block_k7,2,12,1,22,12.898113250732422
sq_det,2,13,0,1,3.4031667709350586
tfmf_1block,2,13,1,17,12.746935844421387
tfmf_2block,2,13,1,12,12.793116569519043
tfmf_2block_k2,2,13,1,17,12.832636833190918
tfmf_2block_k4,2,13,1,31,12.898365020751953
tfmf_2block_k7,2,13,0,18,12.898113250732422
sq_det,2,14,1,4,3.4031667709350586
tfmf_1block,2,14,1,21,12.746935844421387
tfmf_2block,2,14,1,27,12.793116569519043
tfmf_2block_k2,2,14,1,32,12.832636833190918
tfmf_2block_k4,2,14,1,32,12.898365020751953
tfmf_2block_k7,2,14,1,16,12.898113250732422
sq_det,2,15,1,2,3.4031667709350586
tfmf_1block,2,15,1,14,12.746935844421387
tfmf_2block,2,15,1,19,12.793116569519043
tfmf_2block_k2,2,15,1,45,12.832636833190918
tfmf_2block_k4,2,15,1,44,12.898365020751953
tfmf_2block_k7,2,15,1,27,12.898113250732422
sq_det,2,16,1,4,3.4031667709350586
tfmf_1block,2,16,1,16,12.746935844421387
tfmf_2block,2,16,0,13,12.793116569519043
tfmf_2block_k2,2,16,1,36,12.832636833190918
tfmf_2block_k4,2,16,1,48,12.898365020751953
tfmf_2block_k7,2,16,0,22,12.898113250732422
sq_det,2,17,1,4,3.4031667709350586
tfmf_1block,2,17,1,12,12.746935844421387
tfmf_2block,2,17,0,15,12.793116569519043
tfmf_2block_k2,2,17,1,24,12.832636833190918
tfmf_2block_k4,2,17,1,10,12.898365020751953
tfmf_2block_k7,2,17,0,9,12.898113250732422
sq_det,2,18,1,4,3.4031667709350586
tfmf_1block,2,18,1,19,12.746935844421387
tfmf_2block,2,18,1,16,12.793116569519043
tfmf_2block_k2,2,18,1,47,12.832636833190918
tfmf_2block_k4,2,18,1,45,12.898365020751953
tfmf_2block_k7,2,18,1,33,12.898113250732422
sq_det,2,19,1,2,3.4031667709350586
tfmf_1block,2,19,1,16,12.746935844421387
tfmf_2block,2,19,1,15,12.793116569519043
tfmf_2block_k2,2,19,1,39,12.832636833190918
tfmf_2block_k4,2,19,1,24,12.898365020751953
tfmf_2block_k7,2,19,0,10,12.898113250732422
sq_det,2,20,1,3,3.4031667709350586
tfmf_1block,2,20,0,17,12.746935844421387
tfmf_2block,2,20,1,14,12.793116569519043
tfmf_2block_k2,2,20,1,45,12.832636833190918
tfmf_2block_k4,2,20,1,58,12.898365020751953
tfmf_2block_k7,2,20,0,31,12.898113250732422
sq_det,2,21,1,2,3.4031667709350586
tfmf_1block,2,21,1,21,12.746935844421387
tfmf_2block,2,21,1,15,12.793116569519043
tfmf_2block_k2,2,21,1,26,12.832636833190918
tfmf_2block_k4,2,21,1,33,12.898365020751953
tfmf_2block_k7,2,21,0,21,12.898113250732422
sq_det,2,22,1,3,3.4031667709350586
tfmf_1block,2,22,1,22,12.746935844421387
tfmf_2block,2,22,1,25,12.793116569519043
tfmf_2block_k2,2,22,1,36,12.832636833190918
tfmf_2block_k4,2,22,1,41,12.898365020751953
tfmf_2block_k7,2,22,1,31,12.898113250732422
sq_det,2,23,1,4,3.4031667709350586
tfmf_1block,2,23,1,16,12.746935844421387
tfmf_2block,2,23,1,17,12.793116569519043
tfmf_2block_k2,2,23,1,42,12.832636833190918
tfmf_2block_k4,2,23,1,46,12.898365020751953
tfmf_2block_k7,2,23,1,28,12.898113250732422
sq_det,2,24,1,5,3.4031667709350586
tfmf_1block,2,24,1,23,12.746935844421387
tfmf_2block,2,24,1,21,12.793116569519043
tfmf_2block_k2,2,24,1,36,12.832636833190918
tfmf_2block_k4,2,24,1,25,12.898365020751953
tfmf_2block_k7,2,24,0,12,12.898113250732422
sq_det,2,25,1,3,3.4031667709350586
tfmf_1block,2,25,1,21,12.746935844421387
tfmf_2block,2,25,1,22,12.793116569519043
tfmf_2block_k2,2,25,1,29,12.832636833190918
tfmf_2block_k4,2,25,1,31,12.898365020751953
tfmf_2block_k7,2,25,1,18,12.898113250732422
sq_det,2,26,1,5,3.4031667709350586
tfmf_1block,2,26,1,17,12.746935844421387
tfmf_2block,2,26,1,20,12.793116569519043
tfmf_2block_k2,2,26,1,30,12.832636833190918
tfmf_2block_k4,2,26,0,24,12.898365020751953
tfmf_2block_k7,2,26,0,9,12.898113250732422
sq_det,2,27,1,5,3.4031667709350586
tfmf_1block,2,27,1,29,12.746935844421387
tfmf_2block,2,27,1,24,12.793116569519043
tfmf_2block_k2,2,27,1,23,12.832636833190918
tfmf_2block_k4,2,27,1,20,12.898365020751953
tfmf_2block_k7,2,27,1,17,12.898113250732422
sq_det,2,28,0,0,3.4031667709350586
tfmf_1block,2,28,1,13,12.746935844421387
tfmf_2block,2,28,1,24,12.793116569519043
tfmf_2block_k2,2,28,1,36,12.832636833190918
tfmf_2block_k4,2,28,1,39,12.898365020751953
tfmf_2block_k7,2,28,1,20,12.898113250732422
sq_det,2,29,1,3,3.4031667709350586
tfmf_1block,2,29,1,28,12.746935844421387
tfmf_2block,2,29,1,22,12.793116569519043
tfmf_2block_k2,2,29,1,38,12.832636833190918
tfmf_2block_k4,2,29,1,30,12.898365020751953
tfmf_2block_k7,2,29,0,13,12.898113250732422
sq_det,2,30,1,1,3.4031667709350586
tfmf_1block,2,30,0,15,12.746935844421387
tfmf_2block,2,30,1,19,12.793116569519043
tfmf_2block_k2,2,30,1,42,12.832636833190918
tfmf_2block_k4,2,30,1,46,12.898365020751953
tfmf_2block_k7,2,30,1,21,12.898113250732422
sq_det,2,31,1,2,3.4031667709350586
tfmf_1block,2,31,1,21,12.746935844421387
tfmf_2block,2,31,1,18,12.793116569519043
tfmf_2block_k2,2,31,1,39,12.832636833190918
tfmf_2block_k4,2,31,1,31,12.898365020751953
tfmf_2block_k7,2,31,1,24,12.898113250732422
sq_det,2,32,1,1,3.4031667709350586
tfmf_1block,2,32,1,22,12.746935844421387
tfmf_2block,2,32,1,24,12.793116569519043
tfmf_2block_k2,2,32,1,40,12.832636833190918
tfmf_2block_k4,2,32,1,39,12.898365020751953
tfmf_2block_k7,2,32,1,29,12.898113250732422
sq_det,2,33,1,4,3.4031667709350586
tfmf_1block,2,33,1,23,12.746935844421387
tfmf_2block,2,33,0,17,12.793116569519043
tfmf_2block_k2,2,33,1,39,12.832636833190918
tfmf_2block_k4,2,33,1,46,12.898365020751953
tfmf_2block_k7,2,33,1,35,12.898113250732422
sq_det,2,34,0,0,3.4031667709350586
tfmf_1block,2,34,1,17,12.746935844421387
tfmf_2block,2,34,1,18,12.793116569519043
tfmf_2block_k2,2,34,1,25,12.832636833190918
tfmf_2block_k4,2,34,1,36,12.898365020751953
tfmf_2block_k7,2,34,1,33,12.898113250732422
sq_det,2,35,1,5,3.4031667709350586
tfmf_1block,2,35,1,19,12.746935844421387
tfmf_2block,2,35,1,20,12.793116569519043
tfmf_2block_k2,2,35,1,28,12.832636833190918
tfmf_2block_k4,2,35,1,49,12.898365020751953
tfmf_2block_k7,2,35,0,21,12.898113250732422
sq_det,2,36,1,2,3.4031667709350586
tfmf_1block,2,36,1,15,12.746935844421387
tfmf_2block,2,36,0,20,12.793116569519043
tfmf_2block_k2,2,36,1,27,12.832636833190918
tfmf_2block_k4,2,36,1,29,12.898365020751953
tfmf_2block_k7,2,36,1,17,12.898113250732422
sq_det,2,37,1,4,3.4031667709350586
tfmf_1block,2,37,1,16,12.746935844421387
tfmf_2block,2,37,1,13,12.793116569519043
tfmf_2block_k2,2,37,1,23,12.832636833190918
tfmf_2block_k4,2,37,1,32,12.898365020751953
tfmf_2block_k7,2,37,1,22,12.898113250732422
sq_det,2,38,1,3,3.4031667709350586
tfmf_1block,2,38,1,15,12.746935844421387
tfmf_2block,2,38,1,18,12.793116569519043
tfmf_2block_k2,2,38,1,26,12.832636833190918
tfmf_2block_k4,2,38,0,30,12.898365020751953
tfmf_2block_k7,2,38,0,23,12.898113250732422
sq_det,2,39,1,3,3.4031667709350586
tfmf_1block,2,39,1,35,12.746935844421387
tfmf_2block,2,39,1,22,12.793116569519043
tfmf_2block_k2,2,39,1,48,12.832636833190918
tfmf_2block_k4,2,39,1,44,12.898365020751953
tfmf_2block_k7,2,39,0,17,12.898113250732422
sq_det,2,40,1,3,3.4031667709350586
tfmf_1block,2,40,1,17,12.746935844421387
tfmf_2block,2,40,1,13,12.793116569519043
tfmf_2block_k2,2,40,1,30,12.832636833190918
tfmf_2block_k4,2,40,1,31,12.898365020751953
tfmf_2block_k7,2,40,1,18,12.898113250732422
sq_det,2,41,1,5,3.4031667709350586
tfmf_1block,2,41,1,17,12.746935844421387
tfmf_2block,2,41,1,26,12.793116569519043
tfmf_2block_k2,2,41,1,47,12.832636833190918
tfmf_2block_k4,2,41,1,53,12.898365020751953
tfmf_2block_k7,2,41,1,35,12.898113250732422
sq_det,2,42,1,4,3.4031667709350586
tfmf_1block,2,42,1,15,12.746935844421387
tfmf_2block,2,42,1,21,12.793116569519043
tfmf_2block_k2,2,42,1,23,12.832636833190918
tfmf_2block_k4,2,42,1,26,12.898365020751953
tfmf_2block_k7,2,42,0,16,12.898113250732422
sq_det,2,43,1,3,3.4031667709350586
tfmf_1block,2,43,1,22,12.746935844421387
tfmf_2block,2,43,1,18,12.793116569519043
tfmf_2block_k2,2,43,1,38,12.832636833190918
tfmf_2block_k4,2,43,1,35,12.898365020751953
tfmf_2block_k7,2,43,1,16,12.898113250732422
sq_det,2,44,1,5,3.4031667709350586
tfmf_1block,2,44,1,24,12.746935844421387
tfmf_2block,2,44,1,9,12.793116569519043
tfmf_2block_k2,2,44,1,24,12.832636833190918
tfmf_2block_k4,2,44,1,30,12.898365020751953
tfmf_2block_k7,2,44,0,20,12.898113250732422
sq_det,2,45,1,3,3.4031667709350586
tfmf_1block,2,45,1,17,12.746935844421387
tfmf_2block,2,45,1,14,12.793116569519043
tfmf_2block_k2,2,45,1,46,12.832636833190918
tfmf_2block_k4,2,45,1,53,12.898365020751953
tfmf_2block_k7,2,45,1,32,12.898113250732422
sq_det,2,46,1,5,3.4031667709350586
tfmf_1block,2,46,1,19,12.746935844421387
tfmf_2block,2,46,1,14,12.793116569519043
tfmf_2block_k2,2,46,1,32,12.832636833190918
tfmf_2block_k4,2,46,1,40,12.898365020751953
tfmf_2block_k7,2,46,1,28,12.898113250732422
sq_det,2,47,1,6,3.4031667709350586
tfmf_1block,2,47,1,15,12.746935844421387
tfmf_2block,2,47,1,9,12.793116569519043
tfmf_2block_k2,2,47,1,20,12.832636833190918
tfmf_2block_k4,2,47,1,35,12.898365020751953
tfmf_2block_k7,2,47,1,10,12.898113250732422
sq_det,2,48,0,0,3.4031667709350586
tfmf_1block,2,48,0,13,12.746935844421387
tfmf_2block,2,48,1,12,12.793116569519043
tfmf_2block_k2,2,48,1,31,12.832636833190918
tfmf_2block_k4,2,48,1,33,12.898365020751953
tfmf_2block_k7,2,48,1,30,12.898113250732422
sq_det,2,49,1,1,3.4031667709350586
tfmf_1block,2,49,1,9,12.746935844421387
tfmf_2block,2,49,0,14,12.793116569519043
tfmf_2block_k2,2,49,1,25,12.832636833190918
tfmf_2block_k4,2,49,1,25,12.898365020751953
tfmf_2block_k7,2,49,1,12,12.898113250732422
sq_det,3,0,1,5,3.4031667709350586
tfmf_1block,3,0,1,29,12.746935844421387
tfmf_2block,3,0,1,26,12.793116569519043
tfmf_2block_k2,3,0,1,50,12.832636833190918
tfmf_2block_k4,3,0,1,54,12.898365020751953
tfmf_2block_k7,3,0,1,36,12.898113250732422
sq_det,3,1,1,5,3.4031667709350586
tfmf_1block,3,1,1,27,12.746935844421387
tfmf_2block,3,1,1,27,12.793116569519043
tfmf_2block_k2,3,1,1,49,12.832636833190918
tfmf_2block_k4,3,1,1,45,12.898365020751953
tfmf_2block_k7,3,1,1,28,12.898113250732422
sq_det,3,2,1,5,3.4031667709350586
tfmf_1block,3,2,1,29,12.746935844421387
tfmf_2block,3,2,1,26,12.793116569519043
tfmf_2block_k2,3,2,1,63,12.832636833190918
tfmf_2block_k4,3,2,1,92,12.898365020751953
tfmf_2block_k7,3,2,1,47,12.898113250732422
sq_det,3,3,1,6,3.4031667709350586
tfmf_1block,3,3,1,35,12.746935844421387
tfmf_2block,3,3,1,31,12.793116569519043
tfmf_2block_k2,3,3,1,67,12.832636833190918
tfmf_2block_k4,3,3,1,63,12.898365020751953
tfmf_2block_k7,3,3,1,22,12.898113250732422
sq_det,3,4,1,6,3.4031667709350586
tfmf_1block,3,4,1,28,12.746935844421387
tfmf_2block,3,4,1,24,12.793116569519043
tfmf_2block_k2,3,4,1,44,12.832636833190918
tfmf_2block_k4,3,4,1,55,12.898365020751953
tfmf_2block_k7,3,4,1,26,12.898113250732422
sq_det,3,5,1,4,3.4031667709350586
tfmf_1block,3,5,1,27,12.746935844421387
tfmf_2block,3,5,1,32,12.793116569519043
tfmf_2block_k2,3,5,1,48,12.832636833190918
tfmf_2block_k4,3,5,1,50,12.898365020751953
tfmf_2block_k7,3,5,1,39,12.898113250732422
sq_det,3,6,1,5,3.4031667709350586
tfmf_1block,3,6,1,34,12.746935844421387
tfmf_2block,3,6,1,31,12.793116569519043
tfmf_2block_k2,3,6,1,72,12.832636833190918
tfmf_2block_k4,3,6,1,82,12.898365020751953
tfmf_2block_k7,3,6,1,38,12.898113250732422
sq_det,3,7,1,5,3.4031667709350586
tfmf_1block,3,7,1,28,12.746935844421387
tfmf_2block,3,7,1,21,12.793116569519043
tfmf_2block_k2,3,7,1,51,12.832636833190918
tfmf_2block_k4,3,7,1,49,12.898365020751953
tfmf_2block_k7,3,7,1,25,12.898113250732422
sq_det,3,8,1,5,3.4031667709350586
tfmf_1block,3,8,1,24,12.746935844421387
tfmf_2block,3,8,1,30,12.793116569519043
tfmf_2block_k2,3,8,1,52,12.832636833190918
tfmf_2block_k4,3,8,1,58,12.898365020751953
tfmf_2block_k7,3,8,1,43,12.898113250732422
sq_det,3,9,1,6,3.4031667709350586
tfmf_1block,3,9,1,25,12.746935844421387
tfmf_2block,3,9,1,35,12.793116569519043
tfmf_2block_k2,3,9,1,66,12.832636833190918
tfmf_2block_k4,3,9,1,71,12.898365020751953
tfmf_2block_k7,3,9,1,49,12.898113250732422
sq_det,3,10,1,4,3.4031667709350586
tfmf_1block,3,10,1,26,12.746935844421387
tfmf_2block,3,10,1,20,12.793116569519043
tfmf_2block_k2,3,10,1,41,12.832636833190918
tfmf_2block_k4,3,10,1,42,12.898365020751953
tfmf_2block_k7,3,10,1,11,12.898113250732422
sq_det,3,11,1,6,3.4031667709350586
tfmf_1block,3,11,1,24,12.746935844421387
tfmf_2block,3,11,1,11,12.793116569519043
tfmf_2block_k2,3,11,1,38,12.832636833190918
tfmf_2block_k4,3,11,1,60,12.898365020751953
tfmf_2block_k7,3,11,1,39,12.898113250732422
sq_det,3,12,1,5,3.4031667709350586
tfmf_1block,3,12,1,30,12.746935844421387
tfmf_2block,3,12,1,43,12.793116569519043
tfmf_2block_k2,3,12,1,77,12.832636833190918
tfmf_2block_k4,3,12,1,95,12.898365020751953
tfmf_2block_k7,3,12,1,58,12.898113250732422
sq_det,3,13,1,5,3.4031667709350586
tfmf_1block,3,13,1,29,12.746935844421387
tfmf_2block,3,13,1,28,12.793116569519043
tfmf_2block_k2,3,13,1,68,12.832636833190918
tfmf_2block_k4,3,13,1,71,12.898365020751953
tfmf_2block_k7,3,13,1,44,12.898113250732422
sq_det,3,14,1,6,3.4031667709350586
tfmf_1block,3,14,1,39,12.746935844421387
tfmf_2block,3,14,1,29,12.793116569519043
tfmf_2block_k2,3,14,1,48,12.832636833190918
tfmf_2block_k4,3,14,1,47,12.898365020751953
tfmf_2block_k7,3,14,1,32,12.898113250732422
sq_det,3,15,1,5,3.4031667709350586
tfmf_1block,3,15,1,22,12.746935844421387
tfmf_2block,3,15,1,24,12.793116569519043
tfmf_2block_k2,3,15,1,66,12.832636833190918
tfmf_2block_k4,3,15,1,61,12.898365020751953
tfmf_2block_k7,3,15,1,31,12.898113250732422
sq_det,3,16,1,5,3.4031667709350586
tfmf_1block,3,16,1,31,12.746935844421387
tfmf_2block,3,16,1,33,12.793116569519043
tfmf_2block_k2,3,16,1,56,12.832636833190918
tfmf_2block_k4,3,16,1,54,12.898365020751953
tfmf_2block_k7,3,16,1,41,12.898113250732422
sq_det,3,17,1,6,3.4031667709350586
tfmf_1block,3,17,1,24,12.746935844421387
tfmf_2block,3,17,1,37,12.793116569519043
tfmf_2block_k2,3,17,1,76,12.832636833190918
tfmf_2block_k4,3,17,1,106,12.898365020751953
tfmf_2block_k7,3,17,1,76,12.898113250732422
sq_det,3,18,1,3,3.4031667709350586
tfmf_1block,3,18,1,23,12.746935844421387
tfmf_2block,3,18,1,23,12.793116569519043
tfmf_2block_k2,3,18,1,48,12.832636833190918
tfmf_2block_k4,3,18,1,49,12.898365020751953
tfmf_2block_k7,3,18,1,22,12.898113250732422
sq_det,3,19,1,5,3.4031667709350586
tfmf_1block,3,19,1,30,12.746935844421387
tfmf_2block,3,19,1,30,12.793116569519043
tfmf_2block_k2,3,19,1,66,12.832636833190918
tfmf_2block_k4,3,19,1,61,12.898365020751953
tfmf_2block_k7,3,19,1,27,12.898113250732422
sq_det,3,20,1,5,3.4031667709350586
tfmf_1block,3,20,1,27,12.746935844421387
tfmf_2block,3,20,1,28,12.793116569519043
tfmf_2block_k2,3,20,1,71,12.832636833190918
tfmf_2block_k4,3,20,1,63,12.898365020751953
tfmf_2block_k7,3,20,1,23,12.898113250732422
sq_det,3,21,1,5,3.4031667709350586
tfmf_1block,3,21,1,25,12.746935844421387
tfmf_2block,3,21,1,30,12.793116569519043
tfmf_2block_k2,3,21,1,76,12.832636833190918
tfmf_2block_k4,3,21,1,70,12.898365020751953
tfmf_2block_k7,3,21,1,40,12.898113250732422
sq_det,3,22,1,4,3.4031667709350586
tfmf_1block,3,22,1,27,12.746935844421387
tfmf_2block,3,22,1,29,12.793116569519043
tfmf_2block_k2,3,22,1,59,12.832636833190918
tfmf_2block_k4,3,22,1,60,12.898365020751953
tfmf_2block_k7,3,22,1,43,12.898113250732422
sq_det,3,23,1,8,3.4031667709350586
tfmf_1block,3,23,1,35,12.746935844421387
tfmf_2block,3,23,1,16,12.793116569519043
tfmf_2block_k2,3,23,1,50,12.832636833190918
tfmf_2block_k4,3,23,1,55,12.898365020751953
tfmf_2block_k7,3,23,1,39,12.898113250732422
sq_det,3,24,1,3,3.4031667709350586
tfmf_1block,3,24,1,20,12.746935844421387
tfmf_2block,3,24,1,25,12.793116569519043
tfmf_2block_k2,3,24,1,47,12.832636833190918
tfmf_2block_k4,3,24,0,72,12.898365020751953
tfmf_2block_k7,3,24,1,57,12.898113250732422
sq_det,3,25,1,5,3.4031667709350586
tfmf_1block,3,25,1,29,12.746935844421387
tfmf_2block,3,25,1,24,12.793116569519043
tfmf_2block_k2,3,25,1,53,12.832636833190918
tfmf_2block_k4,3,25,1,60,12.898365020751953
tfmf_2block_k7,3,25,1,38,12.898113250732422
sq_det,3,26,1,7,3.4031667709350586
tfmf_1block,3,26,1,33,12.746935844421387
tfmf_2block,3,26,1,35,12.793116569519043
tfmf_2block_k2,3,26,1,50,12.832636833190918
tfmf_2block_k4,3,26,1,64,12.898365020751953
tfmf_2block_k7,3,26,1,30,12.898113250732422
sq_det,3,27,1,5,3.4031667709350586
tfmf_1block,3,27,1,22,12.746935844421387
tfmf_2block,3,27,1,19,12.793116569519043
tfmf_2block_k2,3,27,1,36,12.832636833190918
tfmf_2block_k4,3,27,1,52,12.898365020751953
tfmf_2block_k7,3,27,1,25,12.898113250732422
sq_det,3,28,1,3,3.4031667709350586
tfmf_1block,3,28,1,20,12.746935844421387
tfmf_2block,3,28,1,17,12.793116569519043
tfmf_2block_k2,3,28,1,50,12.832636833190918
tfmf_2block_k4,3,28,1,64,12.898365020751953
tfmf_2block_k7,3,28,0,38,12.898113250732422
sq_det,3,29,1,4,3.4031667709350586
tfmf_1block,3,29,1,25,12.746935844421387
tfmf_2block,3,29,1,16,12.793116569519043
tfmf_2block_k2,3,29,1,37,12.832636833190918
tfmf_2block_k4,3,29,1,32,12.898365020751953
tfmf_2block_k7,3,29,1,17,12.898113250732422
sq_det,3,30,1,5,3.4031667709350586
tfmf_1block,3,30,1,26,12.746935844421387
tfmf_2block,3,30,1,25,12.793116569519043
tfmf_2block_k2,3,30,1,49,12.832636833190918
tfmf_2block_k4,3,30,1,65,12.898365020751953
tfmf_2block_k7,3,30,1,49,12.898113250732422
sq_det,3,31,1,3,3.4031667709350586
tfmf_1block,3,31,0,15,12.746935844421387
tfmf_2block,3,31,1,27,12.793116569519043
tfmf_2block_k2,3,31,1,48,12.832636833190918
tfmf_2block_k4,3,31,1,53,12.898365020751953
tfmf_2block_k7,3,31,1,40,12.898113250732422
sq_det,3,32,1,5,3.4031667709350586
tfmf_1block,3,32,1,17,12.746935844421387
tfmf_2block,3,32,1,18,12.793116569519043
tfmf_2block_k2,3,32,1,43,12.832636833190918
tfmf_2block_k4,3,32,1,45,12.898365020751953
tfmf_2block_k7,3,32,1,33,12.898113250732422
sq_det,3,33,1,4,3.4031667709350586
tfmf_1block,3,33,1,30,12.746935844421387
tfmf_2block,3,33,1,40,12.793116569519043
tfmf_2block_k2,3,33,1,72,12.832636833190918
tfmf_2block_k4,3,33,1,81,12.898365020751953
tfmf_2block_k7,3,33,1,45,12.898113250732422
sq_det,3,34,1,5,3.4031667709350586
tfmf_1block,3,34,1,20,12.746935844421387
tfmf_2block,3,34,1,14,12.793116569519043
tfmf_2block_k2,3,34,1,50,12.832636833190918
tfmf_2block_k4,3,34,1,52,12.898365020751953
tfmf_2block_k7,3,34,1,24,12.898113250732422
sq_det,3,35,1,5,3.4031667709350586
tfmf_1block,3,35,1,39,12.746935844421387
tfmf_2block,3,35,1,27,12.793116569519043
tfmf_2block_k2,3,35,1,61,12.832636833190918
tfmf_2block_k4,3,35,1,70,12.898365020751953
tfmf_2block_k7,3,35,1,45,12.898113250732422
sq_det,3,36,1,6,3.4031667709350586
tfmf_1block,3,36,1,24,12.746935844421387
tfmf_2block,3,36,1,37,12.793116569519043
tfmf_2block_k2,3,36,1,77,12.832636833190918
tfmf_2block_k4,3,36,1,90,12.898365020751953
tfmf_2block_k7,3,36,1,68,12.898113250732422
sq_det,3,37,1,6,3.4031667709350586
tfmf_1block,3,37,1,33,12.746935844421387
tfmf_2block,3,37,1,18,12.793116569519043
tfmf_2block_k2,3,37,1,57,12.832636833190918
tfmf_2block_k4,3,37,1,71,12.898365020751953
tfmf_2block_k7,3,37,1,59,12.898113250732422
sq_det,3,38,1,4,3.4031667709350586
tfmf_1block,3,38,1,28,12.746935844421387
tfmf_2block,3,38,1,24,12.793116569519043
tfmf_2block_k2,3,38,1,57,12.832636833190918
tfmf_2block_k4,3,38,1,74,12.898365020751953
tfmf_2block_k7,3,38,1,48,12.898113250732422
sq_det,3,39,1,6,3.4031667709350586
tfmf_1block,3,39,1,30,12.746935844421387
tfmf_2block,3,39,1,26,12.793116569519043
tfmf_2block_k2,3,39,1,60,12.832636833190918
tfmf_2block_k4,3,39,1,66,12.898365020751953
tfmf_2block_k7,3,39,1,39,12.898113250732422
sq_det,3,40,1,7,3.4031667709350586
tfmf_1block,3,40,1,26,12.746935844421387
tfmf_2block,3,40,1,33,12.793116569519043
tfmf_2block_k2,3,40,1,79,12.832636833190918
tfmf_2block_k4,3,40,1,94,12.898365020751953
tfmf_2block_k7,3,40,1,43,12.898113250732422
sq_det,3,41,1,5,3.4031667709350586
tfmf_1block,3,41,1,21,12.746935844421387
tfmf_2block,3,41,1,18,12.793116569519043
tfmf_2block_k2,3,41,1,50,12.832636833190918
tfmf_2block_k4,3,41,1,46,12.898365020751953
tfmf_2block_k7,3,41,1,33,12.898113250732422
sq_det,3,42,1,2,3.4031667709350586
tfmf_1block,3,42,1,32,12.746935844421387
tfmf_2block,3,42,1,25,12.793116569519043
tfmf_2block_k2,3,42,1,52,12.832636833190918
tfmf_2block_k4,3,42,1,61,12.898365020751953
tfmf_2block_k7,3,42,1,55,12.898113250732422
sq_det,3,43,1,7,3.4031667709350586
tfmf_1block,3,43,1,43,12.746935844421387
tfmf_2block,3,43,1,33,12.793116569519043
tfmf_2block_k2,3,43,1,51,12.832636833190918
tfmf_2block_k4,3,43,1,72,12.898365020751953
tfmf_2block_k7,3,43,1,42,12.898113250732422
sq_det,3,44,1,3,3.4031667709350586
tfmf_1block,3,44,1,23,12.746935844421387
tfmf_2block,3,44,1,22,12.793116569519043
tfmf_2block_k2,3,44,1,32,12.832636833190918
tfmf_2block_k4,3,44,1,21,12.898365020751953
tfmf_2block_k7,3,44,1,10,12.898113250732422
sq_det,3,45,1,5,3.4031667709350586
tfmf_1block,3,45,1,16,12.746935844421387
tfmf_2block,3,45,1,31,12.793116569519043
tfmf_2block_k2,3,45,1,64,12.832636833190918
tfmf_2block_k4,3,45,1,64,12.898365020751953
tfmf_2block_k7,3,45,1,32,12.898113250732422
sq_det,3,46,1,5,3.4031667709350586
tfmf_1block,3,46,1,25,12.746935844421387
tfmf_2block,3,46,1,26,12.793116569519043
tfmf_2block_k2,3,46,1,55,12.832636833190918
tfmf_2block_k4,3,46,1,60,12.898365020751953
tfmf_2block_k7,3,46,1,28,12.898113250732422
sq_det,3,47,1,5,3.4031667709350586
tfmf_1block,3,47,1,21,12.746935844421387
tfmf_2block,3,47,1,26,12.793116569519043
tfmf_2block_k2,3,47,1,65,12.832636833190918
tfmf_2block_k4,3,47,1,68,12.898365020751953
tfmf_2block_k7,3,47,1,41,12.898113250732422
sq_det,3,48,1,6,3.4031667709350586
tfmf_1block,3,48,1,20,12.746935844421387
tfmf_2block,3,48,1,22,12.793116569519043
tfmf_2block_k2,3,48,1,46,12.832636833190918
tfmf_2block_k4,3,48,1,44,12.898365020751953
tfmf_2block_k7,3,48,1,11,12.898113250732422
sq_det,3,49,1,3,3.4031667709350586
tfmf_1block,3,49,1,19,12.746935844421387
tfmf_2block,3,49,1,23,12.793116569519043
tfmf_2block_k2,3,49,1,49,12.832636833190918
tfmf_2block_k4,3,49,1,59,12.898365020751953
tfmf_2block_k7,3,49,1,33,12.898113250732422
sq_det,4,0,1,7,3.4031667709350586
tfmf_1block,4,0,1,32,12.746935844421387
tfmf_2block,4,0,1,50,12.793116569519043
tfmf_2block_k2,4,0,1,109,12.832636833190918
tfmf_2block_k4,4,0,1,141,12.898365020751953
tfmf_2block_k7,4,0,1,72,12.898113250732422
sq_det,4,1,1,7,3.4031667709350586
tfmf_1block,4,1,1,36,12.746935844421387
tfmf_2block,4,1,1,40,12.793116569519043
tfmf_2block_k2,4,1,1,86,12.832636833190918
tfmf_2block_k4,4,1,1,67,12.898365020751953
tfmf_2block_k7,4,1,1,26,12.898113250732422
sq_det,4,2,1,6,3.4031667709350586
tfmf_1block,4,2,1,34,12.746935844421387
tfmf_2block,4,2,1,44,12.793116569519043
tfmf_2block_k2,4,2,1,112,12.832636833190918
tfmf_2block_k4,4,2,1,132,12.898365020751953
tfmf_2block_k7,4,2,1,70,12.898113250732422
sq_det,4,3,1,6,3.4031667709350586
tfmf_1block,4,3,1,33,12.746935844421387
tfmf_2block,4,3,1,34,12.793116569519043
tfmf_2block_k2,4,3,1,80,12.832636833190918
tfmf_2block_k4,4,3,1,85,12.898365020751953
tfmf_2block_k7,4,3,1,43,12.898113250732422
sq_det,4,4,1,6,3.4031667709350586
tfmf_1block,4,4,1,36,12.746935844421387
tfmf_2block,4,4,1,36,12.793116569519043
tfmf_2block_k2,4,4,1,84,12.832636833190918
tfmf_2block_k4,4,4,1,81,12.898365020751953
tfmf_2block_k7,4,4,1,37,12.898113250732422
sq_det,4,5,1,8,3.4031667709350586
tfmf_1block,4,5,1,42,12.746935844421387
tfmf_2block,4,5,1,39,12.793116569519043
tfmf_2block_k2,4,5,1,106,12.832636833190918
tfmf_2block_k4,4,5,1,130,12.898365020751953
tfmf_2block_k7,4,5,1,66,12.898113250732422
sq_det,4,6,1,6,3.4031667709350586
tfmf_1block,4,6,1,31,12.746935844421387
tfmf_2block,4,6,1,52,12.793116569519043
tfmf_2block_k2,4,6,1,117,12.832636833190918
tfmf_2block_k4,4,6,1,126,12.898365020751953
tfmf_2block_k7,4,6,1,63,12.898113250732422
sq_det,4,7,1,6,3.4031667709350586
tfmf_1block,4,7,1,36,12.746935844421387
tfmf_2block,4,7,1,46,12.793116569519043
tfmf_2block_k2,4,7,1,121,12.832636833190918
tfmf_2block_k4,4,7,1,140,12.898365020751953
tfmf_2block_k7,4,7,1,87,12.898113250732422
sq_det,4,8,1,7,3.4031667709350586
tfmf_1block,4,8,1,34,12.746935844421387
tfmf_2block,4,8,1,34,12.793116569519043
tfmf_2block_k2,4,8,1,90,12.832636833190918
tfmf_2block_k4,4,8,1,112,12.898365020751953
tfmf_2block_k7,4,8,1,42,12.898113250732422
sq_det,4,9,1,7,3.4031667709350586
tfmf_1block,4,9,1,45,12.746935844421387
tfmf_2block,4,9,1,40,12.793116569519043
tfmf_2block_k2,4,9,1,95,12.832636833190918
tfmf_2block_k4,4,9,1,91,12.898365020751953
tfmf_2block_k7,4,9,1,82,12.898113250732422
sq_det,4,10,1,6,3.4031667709350586
tfmf_1block,4,10,1,35,12.746935844421387
tfmf_2block,4,10,1,27,12.793116569519043
tfmf_2block_k2,4,10,1,66,12.832636833190918
tfmf_2block_k4,4,10,1,63,12.898365020751953
tfmf_2block_k7,4,10,1,45,12.898113250732422
sq_det,4,11,1,5,3.4031667709350586
tfmf_1block,4,11,1,34,12.746935844421387
tfmf_2block,4,11,1,33,12.793116569519043
tfmf_2block_k2,4,11,1,90,12.832636833190918
tfmf_2block_k4,4,11,1,103,12.898365020751953
tfmf_2block_k7,4,11,1,59,12.898113250732422
sq_det,4,12,1,6,3.4031667709350586
tfmf_1block,4,12,1,32,12.746935844421387
tfmf_2block,4,12,1,29,12.793116569519043
tfmf_2block_k2,4,12,1,100,12.832636833190918
tfmf_2block_k4,4,12,1,133,12.898365020751953
tfmf_2block_k7,4,12,1,61,12.898113250732422
sq_det,4,13,1,7,3.4031667709350586
tfmf_1block,4,13,1,44,12.746935844421387
tfmf_2block,4,13,1,50,12.793116569519043
tfmf_2block_k2,4,13,1,102,12.832636833190918
tfmf_2block_k4,4,13,1,132,12.898365020751953
tfmf_2block_k7,4,13,1,88,12.898113250732422
sq_det,4,14,1,6,3.4031667709350586
tfmf_1block,4,14,1,28,12.746935844421387
tfmf_2block,4,14,1,34,12.793116569519043
tfmf_2block_k2,4,14,1,87,12.832636833190918
tfmf_2block_k4,4,14,1,104,12.898365020751953
tfmf_2block_k7,4,14,1,70,12.898113250732422
sq_det,4,15,1,5,3.4031667709350586
tfmf_1block,4,15,1,38,12.746935844421387
tfmf_2block,4,15,1,34,12.793116569519043
tfmf_2block_k2,4,15,1,94,12.832636833190918
tfmf_2block_k4,4,15,1,105,12.898365020751953
tfmf_2block_k7,4,15,1,64,12.898113250732422
sq_det,4,16,1,6,3.4031667709350586
tfmf_1block,4,16,1,44,12.746935844421387
tfmf_2block,4,16,1,55,12.793116569519043
tfmf_2block_k2,4,16,1,109,12.832636833190918
tfmf_2block_k4,4,16,1,152,12.898365020751953
tfmf_2block_k7,4,16,1,114,12.898113250732422
sq_det,4,17,1,5,3.4031667709350586
tfmf_1block,4,17,1,36,12.746935844421387
tfmf_2block,4,17,1,32,12.793116569519043
tfmf_2block_k2,4,17,1,79,12.832636833190918
tfmf_2block_k4,4,17,1,87,12.898365020751953
tfmf_2block_k7,4,17,1,44,12.898113250732422
sq_det,4,18,1,8,3.4031667709350586
tfmf_1block,4,18,1,41,12.746935844421387
tfmf_2block,4,18,1,41,12.793116569519043
tfmf_2block_k2,4,18,1,120,12.832636833190918
tfmf_2block_k4,4,18,1,185,12.898365020751953
tfmf_2block_k7,4,18,1,120,12.898113250732422
sq_det,4,19,1,7,3.4031667709350586
tfmf_1block,4,19,1,46,12.746935844421387
tfmf_2block,4,19,1,34,12.793116569519043
tfmf_2block_k2,4,19,1,101,12.832636833190918
tfmf_2block_k4,4,19,1,109,12.898365020751953
tfmf_2block_k7,4,19,1,70,12.898113250732422
sq_det,4,20,1,7,3.4031667709350586
tfmf_1block,4,20,1,39,12.746935844421387
tfmf_2block,4,20,1,50,12.793116569519043
tfmf_2block_k2,4,20,1,100,12.832636833190918
tfmf_2block_k4,4,20,1,153,12.898365020751953
tfmf_2block_k7,4,20,1,135,12.898113250732422
sq_det,4,21,1,6,3.4031667709350586
tfmf_1block,4,21,1,57,12.746935844421387
tfmf_2block,4,21,1,59,12.793116569519043
tfmf_2block_k2,4,21,1,127,12.832636833190918
tfmf_2block_k4,4,21,1,141,12.898365020751953
tfmf_2block_k7,4,21,1,90,12.898113250732422
sq_det,4,22,1,5,3.4031667709350586
tfmf_1block,4,22,1,24,12.746935844421387
tfmf_2block,4,22,1,40,12.793116569519043
tfmf_2block_k2,4,22,1,93,12.832636833190918
tfmf_2block_k4,4,22,1,101,12.898365020751953
tfmf_2block_k7,4,22,1,63,12.898113250732422
sq_det,4,23,1,9,3.4031667709350586
tfmf_1block,4,23,1,39,12.746935844421387
tfmf_2block,4,23,1,47,12.793116569519043
tfmf_2block_k2,4,23,1,124,12.832636833190918
tfmf_2block_k4,4,23,1,159,12.898365020751953
tfmf_2block_k7,4,23,1,97,12.898113250732422
sq_det,4,24,1,8,3.4031667709350586
tfmf_1block,4,24,1,44,12.746935844421387
tfmf_2block,4,24,1,34,12.793116569519043
tfmf_2block_k2,4,24,1,87,12.832636833190918
tfmf_2block_k4,4,24,1,111,12.898365020751953
tfmf_2block_k7,4,24,1,82,12.898113250732422
sq_det,4,25,1,5,3.4031667709350586
tfmf_1block,4,25,1,50,12.746935844421387
tfmf_2block,4,25,1,39,12.793116569519043
tfmf_2block_k2,4,25,1,97,12.832636833190918
tfmf_2block_k4,4,25,1,113,12.898365020751953
tfmf_2block_k7,4,25,1,75,12.898113250732422
sq_det,4,26,1,6,3.4031667709350586
tfmf_1block,4,26,1,30,12.746935844421387
tfmf_2block,4,26,1,30,12.793116569519043
tfmf_2block_k2,4,26,1,63,12.832636833190918
tfmf_2block_k4,4,26,1,70,12.898365020751953
tfmf_2block_k7,4,26,1,45,12.898113250732422
sq_det,4,27,1,7,3.4031667709350586
tfmf_1block,4,27,1,50,12.746935844421387
tfmf_2block,4,27,1,66,12.793116569519043
tfmf_2block_k2,4,27,1,124,12.832636833190918
tfmf_2block_k4,4,27,1,141,12.898365020751953
tfmf_2block_k7,4,27,1,108,12.898113250732422
sq_det,4,28,1,7,3.4031667709350586
tfmf_1block,4,28,1,43,12.746935844421387
tfmf_2block,4,28,1,42,12.793116569519043
tfmf_2block_k2,4,28,1,100,12.832636833190918
tfmf_2block_k4,4,28,1,96,12.898365020751953
tfmf_2block_k7,4,28,1,28,12.898113250732422
sq_det,4,29,1,6,3.4031667709350586
tfmf_1block,4,29,1,27,12.746935844421387
tfmf_2block,4,29,1,36,12.793116569519043
tfmf_2block_k2,4,29,1,93,12.832636833190918
tfmf_2block_k4,4,29,1,105,12.898365020751953
tfmf_2block_k7,4,29,1,46,12.898113250732422
sq_det,4,30,1,7,3.4031667709350586
tfmf_1block,4,30,1,54,12.746935844421387
tfmf_2block,4,30,1,48,12.793116569519043
tfmf_2block_k2,4,30,1,108,12.832636833190918
tfmf_2block_k4,4,30,1,101,12.898365020751953
tfmf_2block_k7,4,30,1,41,12.898113250732422
sq_det,4,31,1,8,3.4031667709350586
tfmf_1block,4,31,1,30,12.746935844421387
tfmf_2block,4,31,1,45,12.793116569519043
tfmf_2block_k2,4,31,1,90,12.832636833190918
tfmf_2block_k4,4,31,1,90,12.898365020751953
tfmf_2block_k7,4,31,1,50,12.898113250732422
sq_det,4,32,1,7,3.4031667709350586
tfmf_1block,4,32,1,34,12.746935844421387
tfmf_2block,4,32,1,45,12.793116569519043
tfmf_2block_k2,4,32,1,84,12.832636833190918
tfmf_2block_k4,4,32,1,96,12.898365020751953
tfmf_2block_k7,4,32,1,53,12.898113250732422
sq_det,4,33,1,5,3.4031667709350586
tfmf_1block,4,33,1,42,12.746935844421387
tfmf_2block,4,33,1,46,12.793116569519043
tfmf_2block_k2,4,33,1,96,12.832636833190918
tfmf_2block_k4,4,33,1,113,12.898365020751953
tfmf_2block_k7,4,33,1,51,12.898113250732422
sq_det,4,34,1,8,3.4031667709350586
tfmf_1block,4,34,1,29,12.746935844421387
tfmf_2block,4,34,1,33,12.793116569519043
tfmf_2block_k2,4,34,1,97,12.832636833190918
tfmf_2block_k4,4,34,1,104,12.898365020751953
tfmf_2block_k7,4,34,1,57,12.898113250732422
sq_det,4,35,1,9,3.4031667709350586
tfmf_1block,4,35,1,30,12.746935844421387
tfmf_2block,4,35,1,54,12.793116569519043
tfmf_2block_k2,4,35,1,103,12.832636833190918
tfmf_2block_k4,4,35,1,122,12.898365020751953
tfmf_2block_k7,4,35,1,64,12.898113250732422
sq_det,4,36,1,7,3.4031667709350586
tfmf_1block,4,36,1,41,12.746935844421387
tfmf_2block,4,36,1,32,12.793116569519043
tfmf_2block_k2,4,36,1,89,12.832636833190918
tfmf_2block_k4,4,36,1,119,12.898365020751953
tfmf_2block_k7,4,36,1,78,12.898113250732422
sq_det,4,37,1,7,3.4031667709350586
tfmf_1block,4,37,1,28,12.746935844421387
tfmf_2block,4,37,1,30,12.793116569519043
tfmf_2block_k2,4,37,1,101,12.832636833190918
tfmf_2block_k4,4,37,1,140,12.898365020751953
tfmf_2block_k7,4,37,1,95,12.898113250732422
sq_det,4,38,1,5,3.4031667709350586
tfmf_1block,4,38,1,45,12.746935844421387
tfmf_2block,4,38,1,48,12.793116569519043
tfmf_2block_k2,4,38,1,95,12.832636833190918
tfmf_2block_k4,4,38,1,113,12.898365020751953
tfmf_2block_k7,4,38,1,106,12.898113250732422
sq_det,4,39,1,8,3.4031667709350586
tfmf_1block,4,39,1,33,12.746935844421387
tfmf_2block,4,39,1,29,12.793116569519043
tfmf_2block_k2,4,39,1,76,12.832636833190918
tfmf_2block_k4,4,39,1,82,12.898365020751953
tfmf_2block_k7,4,39,1,26,12.898113250732422
sq_det,4,40,1,5,3.4031667709350586
tfmf_1block,4,40,1,29,12.746935844421387
tfmf_2block,4,40,1,41,12.793116569519043
tfmf_2block_k2,4,40,1,99,12.832636833190918
tfmf_2block_k4,4,40,1,89,12.898365020751953
tfmf_2block_k7,4,40,1,58,12.898113250732422
sq_det,4,41,1,9,3.4031667709350586
tfmf_1block,4,41,1,46,12.746935844421387
tfmf_2block,4,41,1,41,12.793116569519043
tfmf_2block_k2,4,41,1,97,12.832636833190918
tfmf_2block_k4,4,41,1,121,12.898365020751953
tfmf_2block_k7,4,41,1,61,12.898113250732422
sq_det,4,42,1,5,3.4031667709350586
tfmf_1block,4,42,1,31,12.746935844421387
tfmf_2block,4,42,1,31,12.793116569519043
tfmf_2block_k2,4,42,1,95,12.832636833190918
tfmf_2block_k4,4,42,1,87,12.898365020751953
tfmf_2block_k7,4,42,1,34,12.898113250732422
sq_det,4,43,1,6,3.4031667709350586
tfmf_1block,4,43,1,47,12.746935844421387
tfmf_2block,4,43,1,47,12.793116569519043
tfmf_2block_k2,4,43,1,98,12.832636833190918
tfmf_2block_k4,4,43,1,120,12.898365020751953
tfmf_2block_k7,4,43,1,71,12.898113250732422
sq_det,4,44,1,5,3.4031667709350586
tfmf_1block,4,44,1,42,12.746935844421387
tfmf_2block,4,44,1,49,12.793116569519043
tfmf_2block_k2,4,44,1,94,12.832636833190918
tfmf_2block_k4,4,44,1,103,12.898365020751953
tfmf_2block_k7,4,44,1,65,12.898113250732422
sq_det,4,45,1,5,3.4031667709350586
tfmf_1block,4,45,1,40,12.746935844421387
tfmf_2block,4,45,1,28,12.793116569519043
tfmf_2block_k2,4,45,1,73,12.832636833190918
tfmf_2block_k4,4,45,1,73,12.898365020751953
tfmf_2block_k7,4,45,1,63,12.898113250732422
sq_det,4,46,1,6,3.4031667709350586
tfmf_1block,4,46,1,36,12.746935844421387
tfmf_2block,4,46,1,44,12.793116569519043
tfmf_2block_k2,4,46,1,90,12.832636833190918
tfmf_2block_k4,4,46,1,88,12.898365020751953
tfmf_2block_k7,4,46,1,53,12.898113250732422
sq_det,4,47,1,4,3.4031667709350586
tfmf_1block,4,47,1,32,12.746935844421387
tfmf_2block,4,47,1,28,12.793116569519043
tfmf_2block_k2,4,47,1,81,12.832636833190918
tfmf_2block_k4,4,47,1,96,12.898365020751953
tfmf_2block_k7,4,47,1,59,12.898113250732422
sq_det,4,48,1,5,3.4031667709350586
tfmf_1block,4,48,1,28,12.746935844421387
tfmf_2block,4,48,1,40,12.793116569519043
tfmf_2block_k2,4,48,1,109,12.832636833190918
tfmf_2block_k4,4,48,1,117,12.898365020751953
tfmf_2block_k7,4,48,1,72,12.898113250732422
sq_det,4,49,1,7,3.4031667709350586
tfmf_1block,4,49,1,34,12.746935844421387
tfmf_2block,4,49,1,46,12.793116569519043
tfmf_2block_k2,4,49,1,127,12.832636833190918
tfmf_2block_k4,4,49,1,150,12.898365020751953
tfmf_2block_k7,4,49,1,91,12.898113250732422
sq_det,5,0,1,8,3.4031667709350586
tfmf_1block,5,0,1,54,12.746935844421387
tfmf_2block,5,0,1,74,12.793116569519043
tfmf_2block_k2,5,0,1,176,12.832636833190918
tfmf_2block_k4,5,0,1,189,12.898365020751953
tfmf_2block_k7,5,0,1,128,12.898113250732422
sq_det,5,1,1,8,3.4031667709350586
tfmf_1block,5,1,1,50,12.746935844421387
tfmf_2block,5,1,1,57,12.793116569519043
tfmf_2block_k2,5,1,1,142,12.832636833190918
tfmf_2block_k4,5,1,1,176,12.898365020751953
tfmf_2block_k7,5,1,1,105,12.898113250732422
sq_det,5,2,1,7,3.4031667709350586
tfmf_1block,5,2,1,69,12.746935844421387
tfmf_2block,5,2,1,66,12.793116569519043
tfmf_2block_k2,5,2,1,186,12.832636833190918
tfmf_2block_k4,5,2,1,220,12.898365020751953
tfmf_2block_k7,5,2,1,212,12.898113250732422
sq_det,5,3,1,9,3.4031667709350586
tfmf_1block,5,3,1,78,12.746935844421387
tfmf_2block,5,3,1,72,12.793116569519043
tfmf_2block_k2,5,3,1,162,12.832636833190918
tfmf_2block_k4,5,3,1,227,12.898365020751953
tfmf_2block_k7,5,3,1,148,12.898113250732422
sq_det,5,4,1,7,3.4031667709350586
tfmf_1block,5,4,1,69,12.746935844421387
tfmf_2block,5,4,1,69,12.793116569519043
tfmf_2block_k2,5,4,1,154,12.832636833190918
tfmf_2block_k4,5,4,1,167,12.898365020751953
tfmf_2block_k7,5,4,1,112,12.898113250732422
sq_det,5,5,1,9,3.4031667709350586
tfmf_1block,5,5,1,62,12.746935844421387
tfmf_2block,5,5,1,73,12.793116569519043
tfmf_2block_k2,5,5,1,160,12.832636833190918
tfmf_2block_k4,5,5,1,164,12.898365020751953
tfmf_2block_k7,5,5,1,105,12.898113250732422
sq_det,5,6,1,7,3.4031667709350586
tfmf_1block,5,6,1,59,12.746935844421387
tfmf_2block,5,6,1,61,12.793116569519043
tfmf_2block_k2,5,6,1,185,12.832636833190918
tfmf_2block_k4,5,6,1,227,12.898365020751953
tfmf_2block_k7,5,6,1,163,12.898113250732422
sq_det,5,7,1,7,3.4031667709350586
tfmf_1block,5,7,1,49,12.746935844421387
tfmf_2block,5,7,1,65,12.793116569519043
tfmf_2block_k2,5,7,1,147,12.832636833190918
tfmf_2block_k4,5,7,1,169,12.898365020751953
tfmf_2block_k7,5,7,1,114,12.898113250732422
sq_det,5,8,1,8,3.4031667709350586
tfmf_1block,5,8,1,75,12.746935844421387
tfmf_2block,5,8,1,68,12.793116569519043
tfmf_2block_k2,5,8,1,169,12.832636833190918
tfmf_2block_k4,5,8,1,157,12.898365020751953
tfmf_2block_k7,5,8,1,71,12.898113250732422
sq_det,5,9,1,9,3.4031667709350586
tfmf_1block,5,9,1,67,12.746935844421387
tfmf_2block,5,9,1,86,12.793116569519043
tfmf_2block_k2,5,9,1,217,12.832636833190918
tfmf_2block_k4,5,9,1,295,12.898365020751953
tfmf_2block_k7,5,9,1,241,12.898113250732422
sq_det,5,10,1,7,3.4031667709350586
tfmf_1block,5,10,1,55,12.746935844421387
tfmf_2block,5,10,1,44,12.793116569519043
tfmf_2block_k2,5,10,1,129,12.832636833190918
tfmf_2block_k4,5,10,1,171,12.898365020751953
tfmf_2block_k7,5,10,1,115,12.898113250732422
sq_det,5,11,1,7,3.4031667709350586
tfmf_1block,5,11,1,61,12.746935844421387
tfmf_2block,5,11,1,62,12.793116569519043
tfmf_2block_k2,5,11,1,127,12.832636833190918
tfmf_2block_k4,5,11,1,149,12.898365020751953
tfmf_2block_k7,5,11,1,86,12.898113250732422
sq_det,5,12,1,8,3.4031667709350586
tfmf_1block,5,12,1,75,12.746935844421387
tfmf_2block,5,12,1,98,12.793116569519043
tfmf_2block_k2,5,12,1,211,12.832636833190918
tfmf_2block_k4,5,12,1,256,12.898365020751953
tfmf_2block_k7,5,12,1,142,12.898113250732422
sq_det,5,13,1,7,3.4031667709350586
tfmf_1block,5,13,1,60,12.746935844421387
tfmf_2block,5,13,1,58,12.793116569519043
tfmf_2block_k2,5,13,1,131,12.832636833190918
tfmf_2block_k4,5,13,1,158,12.898365020751953
tfmf_2block_k7,5,13,1,78,12.898113250732422
sq_det,5,14,1,7,3.4031667709350586
tfmf_1block,5,14,1,70,12.746935844421387
tfmf_2block,5,14,1,74,12.793116569519043
tfmf_2block_k2,5,14,1,138,12.832636833190918
tfmf_2block_k4,5,14,1,161,12.898365020751953
tfmf_2block_k7,5,14,1,103,12.898113250732422
sq_det,5,15,1,7,3.4031667709350586
tfmf_1block,5,15,1,61,12.746935844421387
tfmf_2block,5,15,1,72,12.793116569519043
tfmf_2block_k2,5,15,1,129,12.832636833190918
tfmf_2block_k4,5,15,1,171,12.898365020751953
tfmf_2block_k7,5,15,1,101,12.898113250732422
sq_det,5,16,1,7,3.4031667709350586
tfmf_1block,5,16,1,55,12.746935844421387
tfmf_2block,5,16,1,61,12.793116569519043
tfmf_2block_k2,5,16,1,145,12.832636833190918
tfmf_2block_k4,5,16,1,160,12.898365020751953
tfmf_2block_k7,5,16,1,105,12.898113250732422
sq_det,5,17,1,8,3.4031667709350586
tfmf_1block,5,17,1,69,12.746935844421387
tfmf_2block,5,17,1,59,12.793116569519043
tfmf_2block_k2,5,17,1,135,12.832636833190918
tfmf_2block_k4,5,17,1,180,12.898365020751953
tfmf_2block_k7,5,17,1,125,12.898113250732422
sq_det,5,18,1,8,3.4031667709350586
tfmf_1block,5,18,1,58,12.746935844421387
tfmf_2block,5,18,1,87,12.793116569519043
tfmf_2block_k2,5,18,1,170,12.832636833190918
tfmf_2block_k4,5,18,1,164,12.898365020751953
tfmf_2block_k7,5,18,1,101,12.898113250732422
sq_det,5,19,1,6,3.4031667709350586
tfmf_1block,5,19,1,55,12.746935844421387
tfmf_2block,5,19,1,70,12.793116569519043
tfmf_2block_k2,5,19,1,191,12.832636833190918
tfmf_2block_k4,5,19,1,272,12.898365020751953
tfmf_2block_k7,5,19,1,182,12.898113250732422
sq_det,5,20,1,9,3.4031667709350586
tfmf_1block,5,20,1,73,12.746935844421387
tfmf_2block,5,20,1,57,12.793116569519043
tfmf_2block_k2,5,20,1,160,12.832636833190918
tfmf_2block_k4,5,20,1,187,12.898365020751953
tfmf_2block_k7,5,20,1,97,12.898113250732422
sq_det,5,21,1,8,3.4031667709350586
tfmf_1block,5,21,1,57,12.746935844421387
tfmf_2block,5,21,1,73,12.793116569519043
tfmf_2block_k2,5,21,1,160,12.832636833190918
tfmf_2block_k4,5,21,1,190,12.898365020751953
tfmf_2block_k7,5,21,1,112,12.898113250732422
sq_det,5,22,1,9,3.4031667709350586
tfmf_1block,5,22,1,58,12.746935844421387
tfmf_2block,5,22,1,68,12.793116569519043
tfmf_2block_k2,5,22,1,147,12.832636833190918
tfmf_2block_k4,5,22,1,178,12.898365020751953
tfmf_2block_k7,5,22,1,155,12.898113250732422
sq_det,5,23,1,8,3.4031667709350586
tfmf_1block,5,23,1,60,12.746935844421387
tfmf_2block,5,23,1,63,12.793116569519043
tfmf_2block_k2,5,23,1,148,12.832636833190918
tfmf_2block_k4,5,23,1,150,12.898365020751953
tfmf_2block_k7,5,23,1,96,12.898113250732422
sq_det,5,24,1,7,3.4031667709350586
tfmf_1block,5,24,1,59,12.746935844421387
tfmf_2block,5,24,1,61,12.793116569519043
tfmf_2block_k2,5,24,1,153,12.832636833190918
tfmf_2block_k4,5,24,1,177,12.898365020751953
tfmf_2block_k7,5,24,1,108,12.898113250732422
sq_det,5,25,1,9,3.4031667709350586
tfmf_1block,5,25,1,57,12.746935844421387
tfmf_2block,5,25,1,60,12.793116569519043
tfmf_2block_k2,5,25,1,156,12.832636833190918
tfmf_2block_k4,5,25,1,191,12.898365020751953
tfmf_2block_k7,5,25,1,138,12.898113250732422
sq_det,5,26,1,8,3.4031667709350586
tfmf_1block,5,26,1,68,12.746935844421387
tfmf_2block,5,26,1,88,12.793116569519043
tfmf_2block_k2,5,26,1,202,12.832636833190918
tfmf_2block_k4,5,26,1,209,12.898365020751953
tfmf_2block_k7,5,26,1,141,12.898113250732422
sq_det,5,27,1,10,3.4031667709350586
tfmf_1block,5,27,1,62,12.746935844421387
tfmf_2block,5,27,1,57,12.793116569519043
tfmf_2block_k2,5,27,1,130,12.832636833190918
tfmf_2block_k4,5,27,1,188,12.898365020751953
tfmf_2block_k7,5,27,1,102,12.898113250732422
sq_det,5,28,1,7,3.4031667709350586
tfmf_1block,5,28,1,63,12.746935844421387
tfmf_2block,5,28,1,48,12.793116569519043
tfmf_2block_k2,5,28,1,127,12.832636833190918
tfmf_2block_k4,5,28,1,179,12.898365020751953
tfmf_2block_k7,5,28,1,132,12.898113250732422
sq_det,5,29,1,8,3.4031667709350586
tfmf_1block,5,29,1,68,12.746935844421387
tfmf_2block,5,29,1,68,12.793116569519043
tfmf_2block_k2,5,29,1,142,12.832636833190918
tfmf_2block_k4,5,29,1,155,12.898365020751953
tfmf_2block_k7,5,29,1,89,12.898113250732422
sq_det,5,30,1,7,3.4031667709350586
tfmf_1block,5,30,1,59,12.746935844421387
tfmf_2block,5,30,1,57,12.793116569519043
tfmf_2block_k2,5,30,1,120,12.832636833190918
tfmf_2block_k4,5,30,1,163,12.898365020751953
tfmf_2block_k7,5,30,1,112,12.898113250732422
sq_det,5,31,1,8,3.4031667709350586
tfmf_1block,5,31,1,52,12.746935844421387
tfmf_2block,5,31,1,45,12.793116569519043
tfmf_2block_k2,5,31,1,126,12.832636833190918
tfmf_2block_k4,5,31,1,171,12.898365020751953
tfmf_2block_k7,5,31,1,110,12.898113250732422
sq_det,5,32,1,7,3.4031667709350586
tfmf_1block,5,32,1,62,12.746935844421387
tfmf_2block,5,32,1,75,12.793116569519043
tfmf_2block_k2,5,32,1,158,12.832636833190918
tfmf_2block_k4,5,32,1,180,12.898365020751953
tfmf_2block_k7,5,32,1,114,12.898113250732422
sq_det,5,33,1,8,3.4031667709350586
tfmf_1block,5,33,1,59,12.746935844421387
tfmf_2block,5,33,1,58,12.793116569519043
tfmf_2block_k2,5,33,1,167,12.832636833190918
tfmf_2block_k4,5,33,1,204,12.898365020751953
tfmf_2block_k7,5,33,1,119,12.898113250732422
sq_det,5,34,1,8,3.4031667709350586
tfmf_1block,5,34,1,58,12.746935844421387
tfmf_2block,5,34,1,55,12.793116569519043
tfmf_2block_k2,5,34,1,162,12.832636833190918
tfmf_2block_k4,5,34,1,166,12.898365020751953
tfmf_2block_k7,5,34,1,99,12.898113250732422
sq_det,5,35,1,9,3.4031667709350586
tfmf_1block,5,35,1,60,12.746935844421387
tfmf_2block,5,35,1,89,12.793116569519043
tfmf_2block_k2,5,35,1,190,12.832636833190918
tfmf_2block_k4,5,35,1,207,12.898365020751953
tfmf_2block_k7,5,35,1,106,12.898113250732422
sq_det,5,36,1,8,3.4031667709350586
tfmf_1block,5,36,1,50,12.746935844421387
tfmf_2block,5,36,1,49,12.793116569519043
tfmf_2block_k2,5,36,1,137,12.832636833190918
tfmf_2block_k4,5,36,1,164,12.898365020751953
tfmf_2block_k7,5,36,1,99,12.898113250732422
sq_det,5,37,1,8,3.4031667709350586
tfmf_1block,5,37,1,68,12.746935844421387
tfmf_2block,5,37,1,86,12.793116569519043
tfmf_2block_k2,5,37,1,165,12.832636833190918
tfmf_2block_k4,5,37,1,192,12.898365020751953
tfmf_2block_k7,5,37,1,137,12.898113250732422
sq_det,5,38,1,6,3.4031667709350586
tfmf_1block,5,38,1,83,12.746935844421387
tfmf_2block,5,38,1,95,12.793116569519043
tfmf_2block_k2,5,38,1,204,12.832636833190918
tfmf_2block_k4,5,38,1,239,12.898365020751953
tfmf_2block_k7,5,38,1,211,12.898113250732422
sq_det,5,39,1,7,3.4031667709350586
tfmf_1block,5,39,1,72,12.746935844421387
tfmf_2block,5,39,1,76,12.793116569519043
tfmf_2block_k2,5,39,1,178,12.832636833190918
tfmf_2block_k4,5,39,1,190,12.898365020751953
tfmf_2block_k7,5,39,1,114,12.898113250732422
sq_det,5,40,1,9,3.4031667709350586
tfmf_1block,5,40,1,60,12.746935844421387
tfmf_2block,5,40,1,73,12.793116569519043
tfmf_2block_k2,5,40,1,186,12.832636833190918
tfmf_2block_k4,5,40,1,217,12.898365020751953
tfmf_2block_k7,5,40,1,157,12.898113250732422
sq_det,5,41,1,7,3.4031667709350586
tfmf_1block,5,41,1,62,12.746935844421387
tfmf_2block,5,41,1,68,12.793116569519043
tfmf_2block_k2,5,41,1,160,12.832636833190918
tfmf_2block_k4,5,41,1,171,12.898365020751953
tfmf_2block_k7,5,41,1,98,12.898113250732422
sq_det,5,42,1,7,3.4031667709350586
tfmf_1block,5,42,1,77,12.746935844421387
tfmf_2block,5,42,1,84,12.793116569519043
tfmf_2block_k2,5,42,1,180,12.832636833190918
tfmf_2block_k4,5,42,1,229,12.898365020751953
tfmf_2block_k7,5,42,1,173,12.898113250732422
sq_det,5,43,1,8,3.4031667709350586
tfmf_1block,5,43,1,66,12.746935844421387
tfmf_2block,5,43,1,75,12.793116569519043
tfmf_2block_k2,5,43,1,166,12.832636833190918
tfmf_2block_k4,5,43,1,208,12.898365020751953
tfmf_2block_k7,5,43,1,103,12.898113250732422
sq_det,5,44,1,8,3.4031667709350586
tfmf_1block,5,44,1,64,12.746935844421387
tfmf_2block,5,44,1,90,12.793116569519043
tfmf_2block_k2,5,44,1,194,12.832636833190918
tfmf_2block_k4,5,44,1,214,12.898365020751953
tfmf_2block_k7,5,44,1,143,12.898113250732422
sq_det,5,45,1,8,3.4031667709350586
tfmf_1block,5,45,1,69,12.746935844421387
tfmf_2block,5,45,1,83,12.793116569519043
tfmf_2block_k2,5,45,1,151,12.832636833190918
tfmf_2block_k4,5,45,1,165,12.898365020751953
tfmf_2block_k7,5,45,1,95,12.898113250732422
sq_det,5,46,1,8,3.4031667709350586
tfmf_1block,5,46,1,85,12.746935844421387
tfmf_2block,5,46,1,101,12.793116569519043
tfmf_2block_k2,5,46,1,213,12.832636833190918
tfmf_2block_k4,5,46,1,276,12.898365020751953
tfmf_2block_k7,5,46,1,176,12.898113250732422
sq_det,5,47,1,9,3.4031667709350586
tfmf_1block,5,47,1,59,12.746935844421387
tfmf_2block,5,47,1,62,12.793116569519043
tfmf_2block_k2,5,47,1,142,12.832636833190918
tfmf_2block_k4,5,47,1,211,12.898365020751953
tfmf_2block_k7,5,47,1,163,12.898113250732422
sq_det,5,48,1,9,3.4031667709350586
tfmf_1block,5,48,1,67,12.746935844421387
tfmf_2block,5,48,1,68,12.793116569519043
tfmf_2block_k2,5,48,1,143,12.832636833190918
tfmf_2block_k4,5,48,1,170,12.898365020751953
tfmf_2block_k7,5,48,1,81,12.898113250732422
sq_det,5,49,1,8,3.4031667709350586
tfmf_1block,5,49,1,63,12.746935844421387
tfmf_2block,5,49,1,72,12.793116569519043
tfmf_2block_k2,5,49,1,172,12.832636833190918
tfmf_2block_k4,5,49,1,199,12.898365020751953
tfmf_2block_k7,5,49,1,101,12.898113250732422
