algorithm,snr_db,trial,detected,n_candidates,threshold
sq_det,-12,0,0,13,2.304680824279785
tfmf_1block,-12,0,0,13,12.746935844421387
tfmf_2block,-12,0,0,12,12.793116569519043
sq_det,-12,1,1,20,2.304680824279785
tfmf_1block,-12,1,0,16,12.746935844421387
tfmf_2block,-12,1,0,11,12.793116569519043
sq_det,-12,2,0,11,2.304680824279785
tfmf_1block,-12,2,0,20,12.746935844421387
tfmf_2block,-12,2,0,14,12.793116569519043
sq_det,-12,3,0,10,2.304680824279785
tfmf_1block,-12,3,0,15,12.746935844421387
tfmf_2block,-12,3,0,11,12.793116569519043
sq_det,-12,4,1,11,2.304680824279785
tfmf_1block,-12,4,0,7,12.746935844421387
tfmf_2block,-12,4,0,8,12.793116569519043
sq_det,-12,5,1,16,2.304680824279785
tfmf_1block,-12,5,0,15,12.746935844421387
tfmf_2block,-12,5,0,10,12.793116569519043
sq_det,-12,6,1,4,2.304680824279785
tfmf_1block,-12,6,0,12,12.746935844421387
tfmf_2block,-12,6,0,15,12.793116569519043
sq_det,-12,7,0,10,2.304680824279785
tfmf_1block,-12,7,0,11,12.746935844421387
tfmf_2block,-12,7,0,5,12.793116569519043
sq_det,-12,8,1,6,2.304680824279785
tfmf_1block,-12,8,0,16,12.746935844421387
tfmf_2block,-12,8,0,13,12.793116569519043
sq_det,-12,9,0,9,2.304680824279785
tfmf_1block,-12,9,0,7,12.746935844421387
tfmf_2block,-12,9,0,7,12.793116569519043
sq_det,-12,10,0,10,2.304680824279785
tfmf_1block,-12,10,0,7,12.746935844421387
tfmf_2block,-12,10,0,11,12.793116569519043
sq_det,-12,11,0,10,2.304680824279785
tfmf_1block,-12,11,0,15,12.746935844421387
tfmf_2block,-12,11,0,12,12.793116569519043
sq_det,-12,12,1,8,2.304680824279785
tfmf_1block,-12,12,0,10,12.746935844421387
tfmf_2block,-12,12,0,10,12.793116569519043
sq_det,-12,13,0,8,2.304680824279785
tfmf_1block,-12,13,0,13,12.746935844421387
tfmf_2block,-12,13,0,6,12.793116569519043
sq_det,-12,14,0,9,2.304680824279785
tfmf_1block,-12,14,0,8,12.746935844421387
tfmf_2block,-12,14,0,13,12.793116569519043
sq_det,-12,15,0,4,2.304680824279785
tfmf_1block,-12,15,0,15,12.746935844421387
tfmf_2block,-12,15,0,11,12.793116569519043
sq_det,-12,16,0,14,2.304680824279785
tfmf_1block,-12,16,0,11,12.746935844421387
tfmf_2block,-12,16,0,9,12.793116569519043
sq_det,-12,17,0,10,2.304680824279785
tfmf_1block,-12,17,0,11,12.746935844421387
tfmf_2block,-12,17,0,6,12.793116569519043
sq_det,-12,18,1,9,2.304680824279785
tfmf_1block,-12,18,0,15,12.746935844421387
tfmf_2block,-12,18,0,13,12.793116569519043
sq_det,-12,19,0,5,2.304680824279785
tfmf_1block,-12,19,0,7,12.746935844421387
tfmf_2block,-12,19,0,9,12.793116569519043
sq_det,-12,20,1,19,2.304680824279785
tfmf_1block,-12,20,0,15,12.746935844421387
tfmf_2block,-12,20,0,8,12.793116569519043
sq_det,-12,21,0,6,2.304680824279785
tfmf_1block,-12,21,0,13,12.746935844421387
tfmf_2block,-12,21,0,10,12.793116569519043
sq_det,-12,22,1,15,2.304680824279785
tfmf_1block,-12,22,0,9,12.746935844421387
tfmf_2block,-12,22,0,8,12.793116569519043
sq_det,-12,23,0,4,2.304680824279785
tfmf_1block,-12,23,0,16,12.746935844421387
tfmf_2block,-12,23,0,10,12.793116569519043
sq_det,-12,24,0,8,2.304680824279785
tfmf_1block,-12,24,0,14,12.746935844421387
tfmf_2block,-12,24,0,7,12.793116569519043
sq_det,-12,25,0,7,2.304680824279785
tfmf_1block,-12,25,0,12,12.746935844421387
tfmf_2block,-12,25,0,12,12.793116569519043
sq_det,-12,26,1,7,2.304680824279785
tfmf_1block,-12,26,0,7,12.746935844421387
tfmf_2block,-12,26,0,8,12.793116569519043
sq_det,-12,27,0,7,2.304680824279785
tfmf_1block,-12,27,0,13,12.746935844421387
tfmf_2block,-12,27,0,13,12.793116569519043
sq_det,-12,28,0,11,2.304680824279785
tfmf_1block,-12,28,0,11,12.746935844421387
tfmf_2block,-12,28,0,11,12.793116569519043
sq_det,-12,29,0,14,2.304680824279785
tfmf_1block,-12,29,0,15,12.746935844421387
tfmf_2block,-12,29,0,9,12.793116569519043
sq_det,-12,30,0,14,2.304680824279785
tfmf_1block,-12,30,0,12,12.746935844421387
tfmf_2block,-12,30,0,7,12.793116569519043
sq_det,-12,31,0,6,2.304680824279785
tfmf_1block,-12,31,0,15,12.746935844421387
tfmf_2block,-12,31,0,14,12.793116569519043
sq_det,-12,32,0,18,2.304680824279785
tfmf_1block,-12,32,0,12,12.746935844421387
tfmf_2block,-12,32,0,7,12.793116569519043
sq_det,-12,33,1,6,2.304680824279785
tfmf_1block,-12,33,0,7,12.746935844421387
tfmf_2block,-12,33,0,10,12.793116569519043
sq_det,-12,34,0,10,2.304680824279785
tfmf_1block,-12,34,0,12,12.746935844421387
tfmf_2block,-12,34,0,12,12.793116569519043
sq_det,-12,35,0,7,2.304680824279785
tfmf_1block,-12,35,0,10,12.746935844421387
tfmf_2block,-12,35,0,11,12.793116569519043
sq_det,-12,36,1,13,2.304680824279785
tfmf_1block,-12,36,0,15,12.746935844421387
tfmf_2block,-12,36,0,5,12.793116569519043
sq_det,-12,37,0,11,2.304680824279785
tfmf_1block,-12,37,0,7,12.746935844421387
tfmf_2block,-12,37,0,18,12.793116569519043
sq_det,-12,38,0,7,2.304680824279785
tfmf_1block,-12,38,0,12,12.746935844421387
tfmf_2block,-12,38,0,11,12.793116569519043
sq_det,-12,39,0,2,2.304680824279785
tfmf_1block,-12,39,0,9,12.746935844421387
tfmf_2block,-12,39,0,9,12.793116569519043
sq_det,-12,40,1,3,2.304680824279785
tfmf_1block,-12,40,0,9,12.746935844421387
tfmf_2block,-12,40,0,10,12.793116569519043
sq_det,-12,41,1,4,2.304680824279785
tfmf_1block,-12,41,0,9,12.746935844421387
tfmf_2block,-12,41,0,7,12.793116569519043
sq_det,-12,42,0,4,2.304680824279785
tfmf_1block,-12,42,0,16,12.746935844421387
tfmf_2block,-12,42,0,3,12.793116569519043
sq_det,-12,43,0,3,2.304680824279785
tfmf_1block,-12,43,0,12,12.746935844421387
tfmf_2block,-12,43,0,6,12.793116569519043
sq_det,-12,44,1,11,2.304680824279785
tfmf_1block,-12,44,0,15,12.746935844421387
tfmf_2block,-12,44,0,10,12.793116569519043
sq_det,-12,45,1,13,2.304680824279785
tfmf_1block,-12,45,0,15,12.746935844421387
tfmf_2block,-12,45,0,11,12.793116569519043
sq_det,-12,46,1,12,2.304680824279785
tfmf_1block,-12,46,0,5,12.746935844421387
tfmf_2block,-12,46,0,13,12.793116569519043
sq_det,-12,47,1,10,2.304680824279785
tfmf_1block,-12,47,0,18,12.746935844421387
tfmf_2block,-12,47,0,14,12.793116569519043
sq_det,-12,48,0,6,2.304680824279785
tfmf_1block,-12,48,0,7,12.746935844421387
tfmf_2block,-12,48,0,8,12.793116569519043
sq_det,-12,49,1,10,2.304680824279785
tfmf_1block,-12,49,0,15,12.746935844421387
tfmf_2block,-12,49,0,8,12.793116569519043
sq_det,-11,0,0,7,2.304680824279785
tfmf_1block,-11,0,0,10,12.746935844421387
tfmf_2block,-11,0,0,9,12.793116569519043
sq_det,-11,1,0,12,2.304680824279785
tfmf_1block,-11,1,0,10,12.746935844421387
tfmf_2block,-11,1,0,11,12.793116569519043
sq_det,-11,2,0,12,2.304680824279785
tfmf_1block,-11,2,0,17,12.746935844421387
tfmf_2block,-11,2,0,13,12.793116569519043
sq_det,-11,3,1,10,2.304680824279785
tfmf_1block,-11,3,0,17,12.746935844421387
tfmf_2block,-11,3,0,17,12.793116569519043
sq_det,-11,4,1,9,2.304680824279785
tfmf_1block,-11,4,0,21,12.746935844421387
tfmf_2block,-11,4,0,6,12.793116569519043
sq_det,-11,5,0,13,2.304680824279785
tfmf_1block,-11,5,0,18,12.746935844421387
tfmf_2block,-11,5,0,17,12.793116569519043
sq_det,-11,6,0,13,2.304680824279785
tfmf_1block,-11,6,0,14,12.746935844421387
tfmf_2block,-11,6,0,7,12.793116569519043
sq_det,-11,7,0,19,2.304680824279785
tfmf_1block,-11,7,0,11,12.746935844421387
tfmf_2block,-11,7,0,12,12.793116569519043
sq_det,-11,8,0,7,2.304680824279785
tfmf_1block,-11,8,0,12,12.746935844421387
tfmf_2block,-11,8,0,10,12.793116569519043
sq_det,-11,9,1,8,2.304680824279785
tfmf_1block,-11,9,0,11,12.746935844421387
tfmf_2block,-11,9,0,12,12.793116569519043
sq_det,-11,10,0,8,2.304680824279785
tfmf_1block,-11,10,0,14,12.746935844421387
tfmf_2block,-11,10,0,13,12.793116569519043
sq_det,-11,11,1,9,2.304680824279785
tfmf_1block,-11,11,0,17,12.746935844421387
tfmf_2block,-11,11,0,10,12.793116569519043
sq_det,-11,12,0,10,2.304680824279785
tfmf_1block,-11,12,0,6,12.746935844421387
tfmf_2block,-11,12,0,16,12.793116569519043
sq_det,-11,13,0,6,2.304680824279785
tfmf_1block,-11,13,0,14,12.746935844421387
tfmf_2block,-11,13,0,11,12.793116569519043
sq_det,-11,14,0,8,2.304680824279785
tfmf_1block,-11,14,0,16,12.746935844421387
tfmf_2block,-11,14,0,16,12.793116569519043
sq_det,-11,15,0,6,2.304680824279785
tfmf_1block,-11,15,0,8,12.746935844421387
tfmf_2block,-11,15,0,12,12.793116569519043
sq_det,-11,16,1,13,2.304680824279785
tfmf_1block,-11,16,0,13,12.746935844421387
tfmf_2block,-11,16,0,14,12.793116569519043
sq_det,-11,17,1,5,2.304680824279785
tfmf_1block,-11,17,0,9,12.746935844421387
tfmf_2block,-11,17,0,11,12.793116569519043
sq_det,-11,18,1,7,2.304680824279785
tfmf_1block,-11,18,0,14,12.746935844421387
tfmf_2block,-11,18,0,7,12.793116569519043
sq_det,-11,19,1,7,2.304680824279785
tfmf_1block,-11,19,0,16,12.746935844421387
tfmf_2block,-11,19,0,4,12.793116569519043
sq_det,-11,20,0,6,2.304680824279785
tfmf_1block,-11,20,0,13,12.746935844421387
tfmf_2block,-11,20,0,7,12.793116569519043
sq_det,-11,21,1,12,2.304680824279785
tfmf_1block,-11,21,0,15,12.746935844421387
tfmf_2block,-11,21,0,13,12.793116569519043
sq_det,-11,22,0,13,2.304680824279785
tfmf_1block,-11,22,0,11,12.746935844421387
tfmf_2block,-11,22,0,8,12.793116569519043
sq_det,-11,23,0,5,2.304680824279785
tfmf_1block,-11,23,0,11,12.746935844421387
tfmf_2block,-11,23,0,7,12.793116569519043
sq_det,-11,24,0,9,2.304680824279785
tfmf_1block,-11,24,0,14,12.746935844421387
tfmf_2block,-11,24,0,15,12.793116569519043
sq_det,-11,25,0,10,2.304680824279785
tfmf_1block,-11,25,0,11,12.746935844421387
tfmf_2block,-11,25,0,14,12.793116569519043
sq_det,-11,26,0,12,2.304680824279785
tfmf_1block,-11,26,0,12,12.746935844421387
tfmf_2block,-11,26,0,10,12.793116569519043
sq_det,-11,27,0,11,2.304680824279785
tfmf_1block,-11,27,0,6,12.746935844421387
tfmf_2block,-11,27,0,7,12.793116569519043
sq_det,-11,28,0,6,2.304680824279785
tfmf_1block,-11,28,0,7,12.746935844421387
tfmf_2block,-11,28,0,10,12.793116569519043
sq_det,-11,29,1,23,2.304680824279785
tfmf_1block,-11,29,0,10,12.746935844421387
tfmf_2block,-11,29,0,12,12.793116569519043
sq_det,-11,30,0,5,2.304680824279785
tfmf_1block,-11,30,0,12,12.746935844421387
tfmf_2block,-11,30,0,6,12.793116569519043
sq_det,-11,31,1,14,2.304680824279785
tfmf_1block,-11,31,0,15,12.746935844421387
tfmf_2block,-11,31,0,10,12.793116569519043
sq_det,-11,32,0,10,2.304680824279785
tfmf_1block,-11,32,0,13,12.746935844421387
tfmf_2block,-11,32,0,14,12.793116569519043
sq_det,-11,33,1,2,2.304680824279785
tfmf_1block,-11,33,0,16,12.746935844421387
tfmf_2block,-11,33,0,11,12.793116569519043
sq_det,-11,34,0,10,2.304680824279785
tfmf_1block,-11,34,0,10,12.746935844421387
tfmf_2block,-11,34,0,16,12.793116569519043
sq_det,-11,35,0,13,2.304680824279785
tfmf_1block,-11,35,0,13,12.746935844421387
tfmf_2block,-11,35,0,14,12.793116569519043
sq_det,-11,36,1,15,2.304680824279785
tfmf_1block,-11,36,0,15,12.746935844421387
tfmf_2block,-11,36,0,5,12.793116569519043
sq_det,-11,37,0,11,2.304680824279785
tfmf_1block,-11,37,0,10,12.746935844421387
tfmf_2block,-11,37,0,6,12.793116569519043
sq_det,-11,38,0,4,2.304680824279785
tfmf_1block,-11,38,0,10,12.746935844421387
tfmf_2block,-11,38,0,4,12.793116569519043
sq_det,-11,39,1,9,2.304680824279785
tfmf_1block,-11,39,0,12,12.746935844421387
tfmf_2block,-11,39,0,12,12.793116569519043
sq_det,-11,40,1,12,2.304680824279785
tfmf_1block,-11,40,0,11,12.746935844421387
tfmf_2block,-11,40,0,10,12.793116569519043
sq_det,-11,41,1,6,2.304680824279785
tfmf_1block,-11,41,0,18,12.746935844421387
tfmf_2block,-11,41,0,7,12.793116569519043
sq_det,-11,42,0,9,2.304680824279785
tfmf_1block,-11,42,0,16,12.746935844421387
tfmf_2block,-11,42,0,12,12.793116569519043
sq_det,-11,43,0,11,2.304680824279785
tfmf_1block,-11,43,0,9,12.746935844421387
tfmf_2block,-11,43,0,6,12.793116569519043
sq_det,-11,44,0,15,2.304680824279785
tfmf_1block,-11,44,0,10,12.746935844421387
tfmf_2block,-11,44,0,8,12.793116569519043
sq_det,-11,45,1,8,2.304680824279785
tfmf_1block,-11,45,0,14,12.746935844421387
tfmf_2block,-11,45,0,10,12.793116569519043
sq_det,-11,46,1,11,2.304680824279785
tfmf_1block,-11,46,0,9,12.746935844421387
tfmf_2block,-11,46,0,12,12.793116569519043
sq_det,-11,47,0,11,2.304680824279785
tfmf_1block,-11,47,0,12,12.746935844421387
tfmf_2block,-11,47,0,9,12.793116569519043
sq_det,-11,48,0,8,2.304680824279785
tfmf_1block,-11,48,0,12,12.746935844421387
tfmf_2block,-11,48,0,9,12.793116569519043
sq_det,-11,49,0,6,2.304680824279785
tfmf_1block,-11,49,0,8,12.746935844421387
tfmf_2block,-11,49,0,12,12.793116569519043
sq_det,-10,0,0,4,2.304680824279785
tfmf_1block,-10,0,0,15,12.746935844421387
tfmf_2block,-10,0,0,14,12.793116569519043
sq_det,-10,1,0,4,2.304680824279785
tfmf_1block,-10,1,0,14,12.746935844421387
tfmf_2block,-10,1,0,8,12.793116569519043
sq_det,-10,2,1,11,2.304680824279785
tfmf_1block,-10,2,0,12,12.746935844421387
tfmf_2block,-10,2,0,4,12.793116569519043
sq_det,-10,3,0,7,2.304680824279785
tfmf_1block,-10,3,0,12,12.746935844421387
tfmf_2block,-10,3,0,9,12.793116569519043
sq_det,-10,4,1,14,2.304680824279785
tfmf_1block,-10,4,0,11,12.746935844421387
tfmf_2block,-10,4,0,16,12.793116569519043
sq_det,-10,5,0,7,2.304680824279785
tfmf_1block,-10,5,0,19,12.746935844421387
tfmf_2block,-10,5,0,16,12.793116569519043
sq_det,-10,6,0,12,2.304680824279785
tfmf_1block,-10,6,0,10,12.746935844421387
tfmf_2block,-10,6,0,9,12.793116569519043
sq_det,-10,7,0,9,2.304680824279785
tfmf_1block,-10,7,0,18,12.746935844421387
tfmf_2block,-10,7,0,13,12.793116569519043
sq_det,-10,8,1,13,2.304680824279785
tfmf_1block,-10,8,0,4,12.746935844421387
tfmf_2block,-10,8,0,13,12.793116569519043
sq_det,-10,9,1,9,2.304680824279785
tfmf_1block,-10,9,0,12,12.746935844421387
tfmf_2block,-10,9,0,10,12.793116569519043
sq_det,-10,10,1,10,2.304680824279785
tfmf_1block,-10,10,0,11,12.746935844421387
tfmf_2block,-10,10,0,8,12.793116569519043
sq_det,-10,11,0,5,2.304680824279785
tfmf_1block,-10,11,0,14,12.746935844421387
tfmf_2block,-10,11,0,13,12.793116569519043
sq_det,-10,12,0,11,2.304680824279785
tfmf_1block,-10,12,0,9,12.746935844421387
tfmf_2block,-10,12,0,11,12.793116569519043
sq_det,-10,13,1,15,2.304680824279785
tfmf_1block,-10,13,0,15,12.746935844421387
tfmf_2block,-10,13,0,14,12.793116569519043
sq_det,-10,14,0,8,2.304680824279785
tfmf_1block,-10,14,0,11,12.746935844421387
tfmf_2block,-10,14,0,9,12.793116569519043
sq_det,-10,15,0,14,2.304680824279785
tfmf_1block,-10,15,0,9,12.746935844421387
tfmf_2block,-10,15,0,20,12.793116569519043
sq_det,-10,16,1,8,2.304680824279785
tfmf_1block,-10,16,0,16,12.746935844421387
tfmf_2block,-10,16,0,14,12.793116569519043
sq_det,-10,17,0,6,2.304680824279785
tfmf_1block,-10,17,0,9,12.746935844421387
tfmf_2block,-10,17,0,14,12.793116569519043
sq_det,-10,18,1,12,2.304680824279785
tfmf_1block,-10,18,0,13,12.746935844421387
tfmf_2block,-10,18,0,12,12.793116569519043
sq_det,-10,19,0,7,2.304680824279785
tfmf_1block,-10,19,0,10,12.746935844421387
tfmf_2block,-10,19,0,13,12.793116569519043
sq_det,-10,20,1,13,2.304680824279785
tfmf_1block,-10,20,0,10,12.746935844421387
tfmf_2block,-10,20,0,11,12.793116569519043
sq_det,-10,21,1,10,2.304680824279785
tfmf_1block,-10,21,0,14,12.746935844421387
tfmf_2block,-10,21,0,10,12.793116569519043
sq_det,-10,22,0,19,2.304680824279785
tfmf_1block,-10,22,0,10,12.746935844421387
tfmf_2block,-10,22,0,13,12.793116569519043
sq_det,-10,23,1,13,2.304680824279785
tfmf_1block,-10,23,0,11,12.746935844421387
tfmf_2block,-10,23,0,8,12.793116569519043
sq_det,-10,24,1,12,2.304680824279785
tfmf_1block,-10,24,0,23,12.746935844421387
tfmf_2block,-10,24,0,6,12.793116569519043
sq_det,-10,25,1,8,2.304680824279785
tfmf_1block,-10,25,0,14,12.746935844421387
tfmf_2block,-10,25,0,3,12.793116569519043
sq_det,-10,26,1,13,2.304680824279785
tfmf_1block,-10,26,0,13,12.746935844421387
tfmf_2block,-10,26,0,11,12.793116569519043
sq_det,-10,27,0,12,2.304680824279785
tfmf_1block,-10,27,0,9,12.746935844421387
tfmf_2block,-10,27,0,10,12.793116569519043
sq_det,-10,28,1,6,2.304680824279785
tfmf_1block,-10,28,0,14,12.746935844421387
tfmf_2block,-10,28,0,5,12.793116569519043
sq_det,-10,29,0,5,2.304680824279785
tfmf_1block,-10,29,0,13,12.746935844421387
tfmf_2block,-10,29,0,13,12.793116569519043
sq_det,-10,30,1,11,2.304680824279785
tfmf_1block,-10,30,0,14,12.746935844421387
tfmf_2block,-10,30,0,9,12.793116569519043
sq_det,-10,31,1,11,2.304680824279785
tfmf_1block,-10,31,0,12,12.746935844421387
tfmf_2block,-10,31,0,9,12.793116569519043
sq_det,-10,32,1,12,2.304680824279785
tfmf_1block,-10,32,0,13,12.746935844421387
tfmf_2block,-10,32,0,16,12.793116569519043
sq_det,-10,33,1,9,2.304680824279785
tfmf_1block,-10,33,0,7,12.746935844421387
tfmf_2block,-10,33,0,9,12.793116569519043
sq_det,-10,34,0,10,2.304680824279785
tfmf_1block,-10,34,0,6,12.746935844421387
tfmf_2block,-10,34,0,7,12.793116569519043
sq_det,-10,35,1,12,2.304680824279785
tfmf_1block,-10,35,0,11,12.746935844421387
tfmf_2block,-10,35,0,9,12.793116569519043
sq_det,-10,36,1,14,2.304680824279785
tfmf_1block,-10,36,0,18,12.746935844421387
tfmf_2block,-10,36,0,12,12.793116569519043
sq_det,-10,37,0,14,2.304680824279785
tfmf_1block,-10,37,0,17,12.746935844421387
tfmf_2block,-10,37,0,14,12.793116569519043
sq_det,-10,38,0,15,2.304680824279785
tfmf_1block,-10,38,0,15,12.746935844421387
tfmf_2block,-10,38,0,10,12.793116569519043
sq_det,-10,39,0,9,2.304680824279785
tfmf_1block,-10,39,0,7,12.746935844421387
tfmf_2block,-10,39,0,12,12.793116569519043
sq_det,-10,40,1,7,2.304680824279785
tfmf_1block,-10,40,0,14,12.746935844421387
tfmf_2block,-10,40,0,9,12.793116569519043
sq_det,-10,41,1,6,2.304680824279785
tfmf_1block,-10,41,0,10,12.746935844421387
tfmf_2block,-10,41,0,15,12.793116569519043
sq_det,-10,42,0,5,2.304680824279785
tfmf_1block,-10,42,0,12,12.746935844421387
tfmf_2block,-10,42,0,18,12.793116569519043
sq_det,-10,43,0,9,2.304680824279785
tfmf_1block,-10,43,0,14,12.746935844421387
tfmf_2block,-10,43,0,17,12.793116569519043
sq_det,-10,44,0,10,2.304680824279785
tfmf_1block,-10,44,0,13,12.746935844421387
tfmf_2block,-10,44,0,11,12.793116569519043
sq_det,-10,45,0,7,2.304680824279785
tfmf_1block,-10,45,0,14,12.746935844421387
tfmf_2block,-10,45,0,13,12.793116569519043
sq_det,-10,46,0,10,2.304680824279785
tfmf_1block,-10,46,0,14,12.746935844421387
tfmf_2block,-10,46,0,7,12.793116569519043
sq_det,-10,47,1,7,2.304680824279785
tfmf_1block,-10,47,0,8,12.746935844421387
tfmf_2block,-10,47,0,7,12.793116569519043
sq_det,-10,48,0,7,2.304680824279785
tfmf_1block,-10,48,0,14,12.746935844421387
tfmf_2block,-10,48,0,3,12.793116569519043
sq_det,-10,49,0,11,2.304680824279785
tfmf_1block,-10,49,0,18,12.746935844421387
tfmf_2block,-10,49,0,9,12.793116569519043
sq_det,-9,0,1,11,2.304680824279785
tfmf_1block,-9,0,0,13,12.746935844421387
tfmf_2block,-9,0,0,11,12.793116569519043
sq_det,-9,1,0,13,2.304680824279785
tfmf_1block,-9,1,0,15,12.746935844421387
tfmf_2block,-9,1,0,11,12.793116569519043
sq_det,-9,2,1,13,2.304680824279785
tfmf_1block,-9,2,0,18,12.746935844421387
tfmf_2block,-9,2,0,13,12.793116569519043
sq_det,-9,3,0,10,2.304680824279785
tfmf_1block,-9,3,0,11,12.746935844421387
tfmf_2block,-9,3,0,11,12.793116569519043
sq_det,-9,4,1,11,2.304680824279785
tfmf_1block,-9,4,0,18,12.746935844421387
tfmf_2block,-9,4,0,11,12.793116569519043
sq_det,-9,5,0,5,2.304680824279785
tfmf_1block,-9,5,0,13,12.746935844421387
tfmf_2block,-9,5,0,10,12.793116569519043
sq_det,-9,6,1,9,2.304680824279785
tfmf_1block,-9,6,0,12,12.746935844421387
tfmf_2block,-9,6,0,14,12.793116569519043
sq_det,-9,7,1,7,2.304680824279785
tfmf_1block,-9,7,0,15,12.746935844421387
tfmf_2block,-9,7,0,10,12.793116569519043
sq_det,-9,8,0,7,2.304680824279785
tfmf_1block,-9,8,0,10,12.746935844421387
tfmf_2block,-9,8,0,15,12.793116569519043
sq_det,-9,9,0,10,2.304680824279785
tfmf_1block,-9,9,0,12,12.746935844421387
tfmf_2block,-9,9,0,12,12.793116569519043
sq_det,-9,10,1,9,2.304680824279785
tfmf_1block,-9,10,0,12,12.746935844421387
tfmf_2block,-9,10,0,12,12.793116569519043
sq_det,-9,11,0,9,2.304680824279785
tfmf_1block,-9,11,0,9,12.746935844421387
tfmf_2block,-9,11,0,6,12.793116569519043
sq_det,-9,12,1,9,2.304680824279785
tfmf_1block,-9,12,0,15,12.746935844421387
tfmf_2block,-9,12,0,13,12.793116569519043
sq_det,-9,13,1,8,2.304680824279785
tfmf_1block,-9,13,0,10,12.746935844421387
tfmf_2block,-9,13,0,9,12.793116569519043
sq_det,-9,14,1,7,2.304680824279785
tfmf_1block,-9,14,0,13,12.746935844421387
tfmf_2block,-9,14,0,12,12.793116569519043
sq_det,-9,15,0,17,2.304680824279785
tfmf_1block,-9,15,0,15,12.746935844421387
tfmf_2block,-9,15,0,6,12.793116569519043
sq_det,-9,16,0,7,2.304680824279785
tfmf_1block,-9,16,0,11,12.746935844421387
tfmf_2block,-9,16,0,13,12.793116569519043
sq_det,-9,17,1,8,2.304680824279785
tfmf_1block,-9,17,0,15,12.746935844421387
tfmf_2block,-9,17,0,12,12.793116569519043
sq_det,-9,18,1,10,2.304680824279785
tfmf_1block,-9,18,0,7,12.746935844421387
tfmf_2block,-9,18,0,10,12.793116569519043
sq_det,-9,19,0,6,2.304680824279785
tfmf_1block,-9,19,0,7,12.746935844421387
tfmf_2block,-9,19,0,13,12.793116569519043
sq_det,-9,20,0,8,2.304680824279785
tfmf_1block,-9,20,0,13,12.746935844421387
tfmf_2block,-9,20,0,12,12.793116569519043
sq_det,-9,21,0,10,2.304680824279785
tfmf_1block,-9,21,0,13,12.746935844421387
tfmf_2block,-9,21,0,10,12.793116569519043
sq_det,-9,22,0,12,2.304680824279785
tfmf_1block,-9,22,0,10,12.746935844421387
tfmf_2block,-9,22,0,11,12.793116569519043
sq_det,-9,23,0,15,2.304680824279785
tfmf_1block,-9,23,0,16,12.746935844421387
tfmf_2block,-9,23,0,13,12.793116569519043
sq_det,-9,24,1,7,2.304680824279785
tfmf_1block,-9,24,0,13,12.746935844421387
tfmf_2block,-9,24,0,10,12.793116569519043
sq_det,-9,25,0,7,2.304680824279785
tfmf_1block,-9,25,0,12,12.746935844421387
tfmf_2block,-9,25,0,8,12.793116569519043
sq_det,-9,26,0,10,2.304680824279785
tfmf_1block,-9,26,0,8,12.746935844421387
tfmf_2block,-9,26,0,7,12.793116569519043
sq_det,-9,27,0,12,2.304680824279785
tfmf_1block,-9,27,0,9,12.746935844421387
tfmf_2block,-9,27,0,6,12.793116569519043
sq_det,-9,28,1,11,2.304680824279785
tfmf_1block,-9,28,0,12,12.746935844421387
tfmf_2block,-9,28,0,7,12.793116569519043
sq_det,-9,29,1,17,2.304680824279785
tfmf_1block,-9,29,0,17,12.746935844421387
tfmf_2block,-9,29,0,13,12.793116569519043
sq_det,-9,30,0,13,2.304680824279785
tfmf_1block,-9,30,0,15,12.746935844421387
tfmf_2block,-9,30,0,11,12.793116569519043
sq_det,-9,31,1,11,2.304680824279785
tfmf_1block,-9,31,0,17,12.746935844421387
tfmf_2block,-9,31,0,16,12.793116569519043
sq_det,-9,32,1,16,2.304680824279785
tfmf_1block,-9,32,0,10,12.746935844421387
tfmf_2block,-9,32,0,15,12.793116569519043
sq_det,-9,33,1,12,2.304680824279785
tfmf_1block,-9,33,0,11,12.746935844421387
tfmf_2block,-9,33,0,11,12.793116569519043
sq_det,-9,34,0,15,2.304680824279785
tfmf_1block,-9,34,0,17,12.746935844421387
tfmf_2block,-9,34,0,11,12.793116569519043
sq_det,-9,35,1,22,2.304680824279785
tfmf_1block,-9,35,0,9,12.746935844421387
tfmf_2block,-9,35,0,16,12.793116569519043
sq_det,-9,36,0,8,2.304680824279785
tfmf_1block,-9,36,0,17,12.746935844421387
tfmf_2block,-9,36,0,8,12.793116569519043
sq_det,-9,37,0,20,2.304680824279785
tfmf_1block,-9,37,0,9,12.746935844421387
tfmf_2block,-9,37,0,7,12.793116569519043
sq_det,-9,38,1,8,2.304680824279785
tfmf_1block,-9,38,0,18,12.746935844421387
tfmf_2block,-9,38,0,4,12.793116569519043
sq_det,-9,39,0,9,2.304680824279785
tfmf_1block,-9,39,0,11,12.746935844421387
tfmf_2block,-9,39,0,11,12.793116569519043
sq_det,-9,40,0,12,2.304680824279785
tfmf_1block,-9,40,0,11,12.746935844421387
tfmf_2block,-9,40,0,19,12.793116569519043
sq_det,-9,41,1,19,2.304680824279785
tfmf_1block,-9,41,0,15,12.746935844421387
tfmf_2block,-9,41,0,8,12.793116569519043
sq_det,-9,42,1,17,2.304680824279785
tfmf_1block,-9,42,0,11,12.746935844421387
tfmf_2block,-9,42,0,10,12.793116569519043
sq_det,-9,43,1,10,2.304680824279785
tfmf_1block,-9,43,0,10,12.746935844421387
tfmf_2block,-9,43,0,5,12.793116569519043
sq_det,-9,44,0,7,2.304680824279785
tfmf_1block,-9,44,0,13,12.746935844421387
tfmf_2block,-9,44,0,14,12.793116569519043
sq_det,-9,45,0,12,2.304680824279785
tfmf_1block,-9,45,0,9,12.746935844421387
tfmf_2block,-9,45,0,11,12.793116569519043
sq_det,-9,46,0,7,2.304680824279785
tfmf_1block,-9,46,0,12,12.746935844421387
tfmf_2block,-9,46,0,11,12.793116569519043
sq_det,-9,47,0,7,2.304680824279785
tfmf_1block,-9,47,0,17,12.746935844421387
tfmf_2block,-9,47,0,18,12.793116569519043
sq_det,-9,48,0,8,2.304680824279785
tfmf_1block,-9,48,0,12,12.746935844421387
tfmf_2block,-9,48,0,11,12.793116569519043
sq_det,-9,49,1,13,2.304680824279785
tfmf_1block,-9,49,0,14,12.746935844421387
tfmf_2block,-9,49,0,6,12.793116569519043
sq_det,-8,0,0,11,2.304680824279785
tfmf_1block,-8,0,0,12,12.746935844421387
tfmf_2block,-8,0,0,13,12.793116569519043
sq_det,-8,1,0,8,2.304680824279785
tfmf_1block,-8,1,0,12,12.746935844421387
tfmf_2block,-8,1,0,10,12.793116569519043
sq_det,-8,2,1,9,2.304680824279785
tfmf_1block,-8,2,0,19,12.746935844421387
tfmf_2block,-8,2,0,8,12.793116569519043
sq_det,-8,3,1,5,2.304680824279785
tfmf_1block,-8,3,0,15,12.746935844421387
tfmf_2block,-8,3,0,10,12.793116569519043
sq_det,-8,4,0,2,2.304680824279785
tfmf_1block,-8,4,0,13,12.746935844421387
tfmf_2block,-8,4,0,7,12.793116569519043
sq_det,-8,5,1,7,2.304680824279785
tfmf_1block,-8,5,0,8,12.746935844421387
tfmf_2block,-8,5,1,20,12.793116569519043
sq_det,-8,6,0,15,2.304680824279785
tfmf_1block,-8,6,0,9,12.746935844421387
tfmf_2block,-8,6,0,10,12.793116569519043
sq_det,-8,7,0,7,2.304680824279785
tfmf_1block,-8,7,0,8,12.746935844421387
tfmf_2block,-8,7,0,8,12.793116569519043
sq_det,-8,8,0,7,2.304680824279785
tfmf_1block,-8,8,0,9,12.746935844421387
tfmf_2block,-8,8,0,14,12.793116569519043
sq_det,-8,9,0,8,2.304680824279785
tfmf_1block,-8,9,0,12,12.746935844421387
tfmf_2block,-8,9,0,13,12.793116569519043
sq_det,-8,10,0,21,2.304680824279785
tfmf_1block,-8,10,0,11,12.746935844421387
tfmf_2block,-8,10,0,13,12.793116569519043
sq_det,-8,11,0,11,2.304680824279785
tfmf_1block,-8,11,0,12,12.746935844421387
tfmf_2block,-8,11,0,9,12.793116569519043
sq_det,-8,12,0,11,2.304680824279785
tfmf_1block,-8,12,0,15,12.746935844421387
tfmf_2block,-8,12,0,12,12.793116569519043
sq_det,-8,13,1,8,2.304680824279785
tfmf_1block,-8,13,0,10,12.746935844421387
tfmf_2block,-8,13,0,7,12.793116569519043
sq_det,-8,14,1,16,2.304680824279785
tfmf_1block,-8,14,0,12,12.746935844421387
tfmf_2block,-8,14,0,6,12.793116569519043
sq_det,-8,15,0,10,2.304680824279785
tfmf_1block,-8,15,0,7,12.746935844421387
tfmf_2block,-8,15,0,6,12.793116569519043
sq_det,-8,16,0,9,2.304680824279785
tfmf_1block,-8,16,0,12,12.746935844421387
tfmf_2block,-8,16,0,10,12.793116569519043
sq_det,-8,17,1,20,2.304680824279785
tfmf_1block,-8,17,0,3,12.746935844421387
tfmf_2block,-8,17,0,13,12.793116569519043
sq_det,-8,18,0,13,2.304680824279785
tfmf_1block,-8,18,0,19,12.746935844421387
tfmf_2block,-8,18,0,13,12.793116569519043
sq_det,-8,19,1,8,2.304680824279785
tfmf_1block,-8,19,0,8,12.746935844421387
tfmf_2block,-8,19,0,15,12.793116569519043
sq_det,-8,20,1,8,2.304680824279785
tfmf_1block,-8,20,0,9,12.746935844421387
tfmf_2block,-8,20,0,12,12.793116569519043
sq_det,-8,21,1,2,2.304680824279785
tfmf_1block,-8,21,0,11,12.746935844421387
tfmf_2block,-8,21,0,12,12.793116569519043
sq_det,-8,22,1,14,2.304680824279785
tfmf_1block,-8,22,0,9,12.746935844421387
tfmf_2block,-8,22,0,20,12.793116569519043
sq_det,-8,23,1,15,2.304680824279785
tfmf_1block,-8,23,0,14,12.746935844421387
tfmf_2block,-8,23,0,8,12.793116569519043
sq_det,-8,24,0,8,2.304680824279785
tfmf_1block,-8,24,0,7,12.746935844421387
tfmf_2block,-8,24,0,12,12.793116569519043
sq_det,-8,25,1,11,2.304680824279785
tfmf_1block,-8,25,0,8,12.746935844421387
tfmf_2block,-8,25,0,10,12.793116569519043
sq_det,-8,26,1,6,2.304680824279785
tfmf_1block,-8,26,0,9,12.746935844421387
tfmf_2block,-8,26,0,12,12.793116569519043
sq_det,-8,27,1,8,2.304680824279785
tfmf_1block,-8,27,0,15,12.746935844421387
tfmf_2block,-8,27,0,8,12.793116569519043
sq_det,-8,28,0,4,2.304680824279785
tfmf_1block,-8,28,0,12,12.746935844421387
tfmf_2block,-8,28,0,4,12.793116569519043
sq_det,-8,29,1,8,2.304680824279785
tfmf_1block,-8,29,0,18,12.746935844421387
tfmf_2block,-8,29,0,15,12.793116569519043
sq_det,-8,30,0,8,2.304680824279785
tfmf_1block,-8,30,0,13,12.746935844421387
tfmf_2block,-8,30,0,9,12.793116569519043
sq_det,-8,31,0,7,2.304680824279785
tfmf_1block,-8,31,0,14,12.746935844421387
tfmf_2block,-8,31,0,5,12.793116569519043
sq_det,-8,32,0,10,2.304680824279785
tfmf_1block,-8,32,0,8,12.746935844421387
tfmf_2block,-8,32,0,8,12.793116569519043
sq_det,-8,33,1,6,2.304680824279785
tfmf_1block,-8,33,0,10,12.746935844421387
tfmf_2block,-8,33,0,12,12.793116569519043
sq_det,-8,34,1,21,2.304680824279785
tfmf_1block,-8,34,1,12,12.746935844421387
tfmf_2block,-8,34,0,6,12.793116569519043
sq_det,-8,35,1,12,2.304680824279785
tfmf_1block,-8,35,0,13,12.746935844421387
tfmf_2block,-8,35,0,8,12.793116569519043
sq_det,-8,36,1,12,2.304680824279785
tfmf_1block,-8,36,0,15,12.746935844421387
tfmf_2block,-8,36,0,6,12.793116569519043
sq_det,-8,37,0,4,2.304680824279785
tfmf_1block,-8,37,0,5,12.746935844421387
tfmf_2block,-8,37,0,11,12.793116569519043
sq_det,-8,38,0,9,2.304680824279785
tfmf_1block,-8,38,0,16,12.746935844421387
tfmf_2block,-8,38,0,21,12.793116569519043
sq_det,-8,39,1,7,2.304680824279785
tfmf_1block,-8,39,0,7,12.746935844421387
tfmf_2block,-8,39,0,8,12.793116569519043
sq_det,-8,40,0,4,2.304680824279785
tfmf_1block,-8,40,0,9,12.746935844421387
tfmf_2block,-8,40,0,11,12.793116569519043
sq_det,-8,41,0,13,2.304680824279785
tfmf_1block,-8,41,0,12,12.746935844421387
tfmf_2block,-8,41,0,8,12.793116569519043
sq_det,-8,42,0,10,2.304680824279785
tfmf_1block,-8,42,0,8,12.746935844421387
tfmf_2block,-8,42,0,8,12.793116569519043
sq_det,-8,43,0,11,2.304680824279785
tfmf_1block,-8,43,0,9,12.746935844421387
tfmf_2block,-8,43,0,8,12.793116569519043
sq_det,-8,44,0,10,2.304680824279785
tfmf_1block,-8,44,0,9,12.746935844421387
tfmf_2block,-8,44,0,12,12.793116569519043
sq_det,-8,45,1,10,2.304680824279785
tfmf_1block,-8,45,0,9,12.746935844421387
tfmf_2block,-8,45,0,16,12.793116569519043
sq_det,-8,46,0,4,2.304680824279785
tfmf_1block,-8,46,0,14,12.746935844421387
tfmf_2block,-8,46,0,10,12.793116569519043
sq_det,-8,47,1,13,2.304680824279785
tfmf_1block,-8,47,0,15,12.746935844421387
tfmf_2block,-8,47,0,7,12.793116569519043
sq_det,-8,48,0,6,2.304680824279785
tfmf_1block,-8,48,0,15,12.746935844421387
tfmf_2block,-8,48,0,14,12.793116569519043
sq_det,-8,49,1,7,2.304680824279785
tfmf_1block,-8,49,0,10,12.746935844421387
tfmf_2block,-8,49,0,11,12.793116569519043
sq_det,-7,0,0,4,2.304680824279785
tfmf_1block,-7,0,0,10,12.746935844421387
tfmf_2block,-7,0,0,12,12.793116569519043
sq_det,-7,1,1,9,2.304680824279785
tfmf_1block,-7,1,0,16,12.746935844421387
tfmf_2block,-7,1,0,6,12.793116569519043
sq_det,-7,2,1,16,2.304680824279785
tfmf_1block,-7,2,0,11,12.746935844421387
tfmf_2block,-7,2,0,12,12.793116569519043
sq_det,-7,3,0,6,2.304680824279785
tfmf_1block,-7,3,0,11,12.746935844421387
tfmf_2block,-7,3,0,13,12.793116569519043
sq_det,-7,4,0,7,2.304680824279785
tfmf_1block,-7,4,0,9,12.746935844421387
tfmf_2block,-7,4,0,12,12.793116569519043
sq_det,-7,5,1,9,2.304680824279785
tfmf_1block,-7,5,0,12,12.746935844421387
tfmf_2block,-7,5,0,11,12.793116569519043
sq_det,-7,6,1,12,2.304680824279785
tfmf_1block,-7,6,0,13,12.746935844421387
tfmf_2block,-7,6,0,11,12.793116569519043
sq_det,-7,7,0,7,2.304680824279785
tfmf_1block,-7,7,0,15,12.746935844421387
tfmf_2block,-7,7,0,12,12.793116569519043
sq_det,-7,8,0,12,2.304680824279785
tfmf_1block,-7,8,0,14,12.746935844421387
tfmf_2block,-7,8,0,11,12.793116569519043
sq_det,-7,9,1,9,2.304680824279785
tfmf_1block,-7,9,0,13,12.746935844421387
tfmf_2block,-7,9,0,14,12.793116569519043
sq_det,-7,10,0,6,2.304680824279785
tfmf_1block,-7,10,0,9,12.746935844421387
tfmf_2block,-7,10,0,10,12.793116569519043
sq_det,-7,11,1,4,2.304680824279785
tfmf_1block,-7,11,0,13,12.746935844421387
tfmf_2block,-7,11,0,4,12.793116569519043
sq_det,-7,12,1,6,2.304680824279785
tfmf_1block,-7,12,0,13,12.746935844421387
tfmf_2block,-7,12,0,18,12.793116569519043
sq_det,-7,13,1,9,2.304680824279785
tfmf_1block,-7,13,0,12,12.746935844421387
tfmf_2block,-7,13,0,8,12.793116569519043
sq_det,-7,14,0,8,2.304680824279785
tfmf_1block,-7,14,0,13,12.746935844421387
tfmf_2block,-7,14,0,14,12.793116569519043
sq_det,-7,15,1,10,2.304680824279785
tfmf_1block,-7,15,0,15,12.746935844421387
tfmf_2block,-7,15,0,14,12.793116569519043
sq_det,-7,16,0,9,2.304680824279785
tfmf_1block,-7,16,0,8,12.746935844421387
tfmf_2block,-7,16,0,15,12.793116569519043
sq_det,-7,17,1,19,2.304680824279785
tfmf_1block,-7,17,0,6,12.746935844421387
tfmf_2block,-7,17,0,13,12.793116569519043
sq_det,-7,18,0,8,2.304680824279785
tfmf_1block,-7,18,0,12,12.746935844421387
tfmf_2block,-7,18,0,10,12.793116569519043
sq_det,-7,19,1,5,2.304680824279785
tfmf_1block,-7,19,0,12,12.746935844421387
tfmf_2block,-7,19,0,13,12.793116569519043
sq_det,-7,20,0,12,2.304680824279785
tfmf_1block,-7,20,0,17,12.746935844421387
tfmf_2block,-7,20,0,11,12.793116569519043
sq_det,-7,21,0,14,2.304680824279785
tfmf_1block,-7,21,0,9,12.746935844421387
tfmf_2block,-7,21,0,7,12.793116569519043
sq_det,-7,22,1,7,2.304680824279785
tfmf_1block,-7,22,0,14,12.746935844421387
tfmf_2block,-7,22,0,15,12.793116569519043
sq_det,-7,23,0,15,2.304680824279785
tfmf_1block,-7,23,0,13,12.746935844421387
tfmf_2block,-7,23,0,11,12.793116569519043
sq_det,-7,24,1,17,2.304680824279785
tfmf_1block,-7,24,0,9,12.746935844421387
tfmf_2block,-7,24,0,13,12.793116569519043
sq_det,-7,25,1,17,2.304680824279785
tfmf_1block,-7,25,0,10,12.746935844421387
tfmf_2block,-7,25,0,17,12.793116569519043
sq_det,-7,26,0,5,2.304680824279785
tfmf_1block,-7,26,0,5,12.746935844421387
tfmf_2block,-7,26,0,7,12.793116569519043
sq_det,-7,27,0,7,2.304680824279785
tfmf_1block,-7,27,0,10,12.746935844421387
tfmf_2block,-7,27,0,8,12.793116569519043
sq_det,-7,28,0,15,2.304680824279785
tfmf_1block,-7,28,0,13,12.746935844421387
tfmf_2block,-7,28,0,11,12.793116569519043
sq_det,-7,29,0,9,2.304680824279785
tfmf_1block,-7,29,0,15,12.746935844421387
tfmf_2block,-7,29,0,9,12.793116569519043
sq_det,-7,30,1,6,2.304680824279785
tfmf_1block,-7,30,0,8,12.746935844421387
tfmf_2block,-7,30,0,7,12.793116569519043
sq_det,-7,31,0,16,2.304680824279785
tfmf_1block,-7,31,0,13,12.746935844421387
tfmf_2block,-7,31,0,6,12.793116569519043
sq_det,-7,32,1,16,2.304680824279785
tfmf_1block,-7,32,0,9,12.746935844421387
tfmf_2block,-7,32,0,6,12.793116569519043
sq_det,-7,33,0,9,2.304680824279785
tfmf_1block,-7,33,0,12,12.746935844421387
tfmf_2block,-7,33,0,18,12.793116569519043
sq_det,-7,34,0,12,2.304680824279785
tfmf_1block,-7,34,0,8,12.746935844421387
tfmf_2block,-7,34,0,16,12.793116569519043
sq_det,-7,35,1,6,2.304680824279785
tfmf_1block,-7,35,0,16,12.746935844421387
tfmf_2block,-7,35,0,12,12.793116569519043
sq_det,-7,36,0,5,2.304680824279785
tfmf_1block,-7,36,0,16,12.746935844421387
tfmf_2block,-7,36,0,9,12.793116569519043
sq_det,-7,37,0,8,2.304680824279785
tfmf_1block,-7,37,0,14,12.746935844421387
tfmf_2block,-7,37,0,8,12.793116569519043
sq_det,-7,38,1,14,2.304680824279785
tfmf_1block,-7,38,0,13,12.746935844421387
tfmf_2block,-7,38,0,8,12.793116569519043
sq_det,-7,39,1,8,2.304680824279785
tfmf_1block,-7,39,0,13,12.746935844421387
tfmf_2block,-7,39,0,8,12.793116569519043
sq_det,-7,40,1,11,2.304680824279785
tfmf_1block,-7,40,0,21,12.746935844421387
tfmf_2block,-7,40,0,12,12.793116569519043
sq_det,-7,41,0,6,2.304680824279785
tfmf_1block,-7,41,0,17,12.746935844421387
tfmf_2block,-7,41,0,9,12.793116569519043
sq_det,-7,42,1,16,2.304680824279785
tfmf_1block,-7,42,0,8,12.746935844421387
tfmf_2block,-7,42,0,11,12.793116569519043
sq_det,-7,43,0,11,2.304680824279785
tfmf_1block,-7,43,0,17,12.746935844421387
tfmf_2block,-7,43,0,7,12.793116569519043
sq_det,-7,44,1,10,2.304680824279785
tfmf_1block,-7,44,0,10,12.746935844421387
tfmf_2block,-7,44,0,6,12.793116569519043
sq_det,-7,45,1,11,2.304680824279785
tfmf_1block,-7,45,0,26,12.746935844421387
tfmf_2block,-7,45,0,9,12.793116569519043
sq_det,-7,46,0,11,2.304680824279785
tfmf_1block,-7,46,0,12,12.746935844421387
tfmf_2block,-7,46,0,15,12.793116569519043
sq_det,-7,47,0,17,2.304680824279785
tfmf_1block,-7,47,0,11,12.746935844421387
tfmf_2block,-7,47,0,12,12.793116569519043
sq_det,-7,48,0,9,2.304680824279785
tfmf_1block,-7,48,0,14,12.746935844421387
tfmf_2block,-7,48,0,9,12.793116569519043
sq_det,-7,49,0,6,2.304680824279785
tfmf_1block,-7,49,0,16,12.746935844421387
tfmf_2block,-7,49,0,11,12.793116569519043
sq_det,-6,0,1,8,2.304680824279785
tfmf_1block,-6,0,0,14,12.746935844421387
tfmf_2block,-6,0,0,5,12.793116569519043
sq_det,-6,1,1,8,2.304680824279785
tfmf_1block,-6,1,0,9,12.746935844421387
tfmf_2block,-6,1,0,13,12.793116569519043
sq_det,-6,2,1,10,2.304680824279785
tfmf_1block,-6,2,0,21,12.746935844421387
tfmf_2block,-6,2,0,11,12.793116569519043
sq_det,-6,3,1,10,2.304680824279785
tfmf_1block,-6,3,0,14,12.746935844421387
tfmf_2block,-6,3,0,6,12.793116569519043
sq_det,-6,4,0,8,2.304680824279785
tfmf_1block,-6,4,0,9,12.746935844421387
tfmf_2block,-6,4,0,7,12.793116569519043
sq_det,-6,5,1,13,2.304680824279785
tfmf_1block,-6,5,0,12,12.746935844421387
tfmf_2block,-6,5,0,18,12.793116569519043
sq_det,-6,6,1,8,2.304680824279785
tfmf_1block,-6,6,0,15,12.746935844421387
tfmf_2block,-6,6,0,12,12.793116569519043
sq_det,-6,7,0,5,2.304680824279785
tfmf_1block,-6,7,0,11,12.746935844421387
tfmf_2block,-6,7,0,3,12.793116569519043
sq_det,-6,8,0,11,2.304680824279785
tfmf_1block,-6,8,0,11,12.746935844421387
tfmf_2block,-6,8,0,12,12.793116569519043
sq_det,-6,9,0,13,2.304680824279785
tfmf_1block,-6,9,0,7,12.746935844421387
tfmf_2block,-6,9,0,8,12.793116569519043
sq_det,-6,10,0,8,2.304680824279785
tfmf_1block,-6,10,0,14,12.746935844421387
tfmf_2block,-6,10,0,18,12.793116569519043
sq_det,-6,11,0,14,2.304680824279785
tfmf_1block,-6,11,0,15,12.746935844421387
tfmf_2block,-6,11,0,9,12.793116569519043
sq_det,-6,12,1,9,2.304680824279785
tfmf_1block,-6,12,0,12,12.746935844421387
tfmf_2block,-6,12,0,5,12.793116569519043
sq_det,-6,13,0,10,2.304680824279785
tfmf_1block,-6,13,0,8,12.746935844421387
tfmf_2block,-6,13,0,15,12.793116569519043
sq_det,-6,14,0,9,2.304680824279785
tfmf_1block,-6,14,0,15,12.746935844421387
tfmf_2block,-6,14,0,10,12.793116569519043
sq_det,-6,15,1,13,2.304680824279785
tfmf_1block,-6,15,0,11,12.746935844421387
tfmf_2block,-6,15,0,12,12.793116569519043
sq_det,-6,16,1,9,2.304680824279785
tfmf_1block,-6,16,0,13,12.746935844421387
tfmf_2block,-6,16,0,11,12.793116569519043
sq_det,-6,17,1,7,2.304680824279785
tfmf_1block,-6,17,0,14,12.746935844421387
tfmf_2block,-6,17,0,14,12.793116569519043
sq_det,-6,18,1,11,2.304680824279785
tfmf_1block,-6,18,0,12,12.746935844421387
tfmf_2block,-6,18,0,7,12.793116569519043
sq_det,-6,19,0,12,2.304680824279785
tfmf_1block,-6,19,0,15,12.746935844421387
tfmf_2block,-6,19,0,9,12.793116569519043
sq_det,-6,20,0,2,2.304680824279785
tfmf_1block,-6,20,0,10,12.746935844421387
tfmf_2block,-6,20,0,8,12.793116569519043
sq_det,-6,21,0,9,2.304680824279785
tfmf_1block,-6,21,0,7,12.746935844421387
tfmf_2block,-6,21,0,11,12.793116569519043
sq_det,-6,22,1,11,2.304680824279785
tfmf_1block,-6,22,0,5,12.746935844421387
tfmf_2block,-6,22,0,9,12.793116569519043
sq_det,-6,23,1,7,2.304680824279785
tfmf_1block,-6,23,0,11,12.746935844421387
tfmf_2block,-6,23,0,6,12.793116569519043
sq_det,-6,24,0,10,2.304680824279785
tfmf_1block,-6,24,0,18,12.746935844421387
tfmf_2block,-6,24,0,13,12.793116569519043
sq_det,-6,25,1,5,2.304680824279785
tfmf_1block,-6,25,0,13,12.746935844421387
tfmf_2block,-6,25,0,17,12.793116569519043
sq_det,-6,26,1,8,2.304680824279785
tfmf_1block,-6,26,0,8,12.746935844421387
tfmf_2block,-6,26,0,15,12.793116569519043
sq_det,-6,27,1,12,2.304680824279785
tfmf_1block,-6,27,0,15,12.746935844421387
tfmf_2block,-6,27,0,10,12.793116569519043
sq_det,-6,28,0,16,2.304680824279785
tfmf_1block,-6,28,0,11,12.746935844421387
tfmf_2block,-6,28,0,15,12.793116569519043
sq_det,-6,29,0,9,2.304680824279785
tfmf_1block,-6,29,0,11,12.746935844421387
tfmf_2block,-6,29,0,14,12.793116569519043
sq_det,-6,30,1,13,2.304680824279785
tfmf_1block,-6,30,0,14,12.746935844421387
tfmf_2block,-6,30,0,10,12.793116569519043
sq_det,-6,31,1,14,2.304680824279785
tfmf_1block,-6,31,0,10,12.746935844421387
tfmf_2block,-6,31,0,14,12.793116569519043
sq_det,-6,32,0,18,2.304680824279785
tfmf_1block,-6,32,0,13,12.746935844421387
tfmf_2block,-6,32,0,12,12.793116569519043
sq_det,-6,33,1,14,2.304680824279785
tfmf_1block,-6,33,0,11,12.746935844421387
tfmf_2block,-6,33,0,10,12.793116569519043
sq_det,-6,34,1,12,2.304680824279785
tfmf_1block,-6,34,0,11,12.746935844421387
tfmf_2block,-6,34,0,11,12.793116569519043
sq_det,-6,35,1,10,2.304680824279785
tfmf_1block,-6,35,0,10,12.746935844421387
tfmf_2block,-6,35,0,14,12.793116569519043
sq_det,-6,36,1,15,2.304680824279785
tfmf_1block,-6,36,0,13,12.746935844421387
tfmf_2block,-6,36,0,13,12.793116569519043
sq_det,-6,37,1,8,2.304680824279785
tfmf_1block,-6,37,0,13,12.746935844421387
tfmf_2block,-6,37,0,8,12.793116569519043
sq_det,-6,38,0,8,2.304680824279785
tfmf_1block,-6,38,0,16,12.746935844421387
tfmf_2block,-6,38,0,7,12.793116569519043
sq_det,-6,39,0,9,2.304680824279785
tfmf_1block,-6,39,0,9,12.746935844421387
tfmf_2block,-6,39,0,12,12.793116569519043
sq_det,-6,40,0,8,2.304680824279785
tfmf_1block,-6,40,0,14,12.746935844421387
tfmf_2block,-6,40,0,11,12.793116569519043
sq_det,-6,41,1,10,2.304680824279785
tfmf_1block,-6,41,0,9,12.746935844421387
tfmf_2block,-6,41,0,9,12.793116569519043
sq_det,-6,42,1,10,2.304680824279785
tfmf_1block,-6,42,0,20,12.746935844421387
tfmf_2block,-6,42,0,14,12.793116569519043
sq_det,-6,43,0,3,2.304680824279785
tfmf_1block,-6,43,0,12,12.746935844421387
tfmf_2block,-6,43,0,10,12.793116569519043
sq_det,-6,44,0,3,2.304680824279785
tfmf_1block,-6,44,0,10,12.746935844421387
tfmf_2block,-6,44,0,10,12.793116569519043
sq_det,-6,45,1,11,2.304680824279785
tfmf_1block,-6,45,0,16,12.746935844421387
tfmf_2block,-6,45,0,7,12.793116569519043
sq_det,-6,46,0,13,2.304680824279785
tfmf_1block,-6,46,0,12,12.746935844421387
tfmf_2block,-6,46,0,5,12.793116569519043
sq_det,-6,47,0,10,2.304680824279785
tfmf_1block,-6,47,0,14,12.746935844421387
tfmf_2block,-6,47,0,16,12.793116569519043
sq_det,-6,48,0,9,2.304680824279785
tfmf_1block,-6,48,0,18,12.746935844421387
tfmf_2block,-6,48,0,6,12.793116569519043
sq_det,-6,49,0,11,2.304680824279785
tfmf_1block,-6,49,0,11,12.746935844421387
tfmf_2block,-6,49,0,7,12.793116569519043
sq_det,-5,0,1,9,2.304680824279785
tfmf_1block,-5,0,0,4,12.746935844421387
tfmf_2block,-5,0,0,13,12.793116569519043
sq_det,-5,1,0,11,2.304680824279785
tfmf_1block,-5,1,0,7,12.746935844421387
tfmf_2block,-5,1,0,12,12.793116569519043
sq_det,-5,2,1,15,2.304680824279785
tfmf_1block,-5,2,0,13,12.746935844421387
tfmf_2block,-5,2,0,13,12.793116569519043
sq_det,-5,3,0,6,2.304680824279785
tfmf_1block,-5,3,0,6,12.746935844421387
tfmf_2block,-5,3,0,7,12.793116569519043
sq_det,-5,4,0,13,2.304680824279785
tfmf_1block,-5,4,0,14,12.746935844421387
tfmf_2block,-5,4,0,8,12.793116569519043
sq_det,-5,5,0,4,2.304680824279785
tfmf_1block,-5,5,0,8,12.746935844421387
tfmf_2block,-5,5,0,14,12.793116569519043
sq_det,-5,6,1,15,2.304680824279785
tfmf_1block,-5,6,0,18,12.746935844421387
tfmf_2block,-5,6,0,7,12.793116569519043
sq_det,-5,7,1,10,2.304680824279785
tfmf_1block,-5,7,0,11,12.746935844421387
tfmf_2block,-5,7,0,13,12.793116569519043
sq_det,-5,8,0,10,2.304680824279785
tfmf_1block,-5,8,0,11,12.746935844421387
tfmf_2block,-5,8,0,11,12.793116569519043
sq_det,-5,9,0,5,2.304680824279785
tfmf_1block,-5,9,0,15,12.746935844421387
tfmf_2block,-5,9,0,12,12.793116569519043
sq_det,-5,10,0,8,2.304680824279785
tfmf_1block,-5,10,0,13,12.746935844421387
tfmf_2block,-5,10,0,10,12.793116569519043
sq_det,-5,11,0,6,2.304680824279785
tfmf_1block,-5,11,0,18,12.746935844421387
tfmf_2block,-5,11,0,6,12.793116569519043
sq_det,-5,12,1,8,2.304680824279785
tfmf_1block,-5,12,0,6,12.746935844421387
tfmf_2block,-5,12,0,14,12.793116569519043
sq_det,-5,13,1,6,2.304680824279785
tfmf_1block,-5,13,0,9,12.746935844421387
tfmf_2block,-5,13,0,11,12.793116569519043
sq_det,-5,14,0,11,2.304680824279785
tfmf_1block,-5,14,0,20,12.746935844421387
tfmf_2block,-5,14,0,10,12.793116569519043
sq_det,-5,15,0,11,2.304680824279785
tfmf_1block,-5,15,0,9,12.746935844421387
tfmf_2block,-5,15,0,16,12.793116569519043
sq_det,-5,16,0,7,2.304680824279785
tfmf_1block,-5,16,0,6,12.746935844421387
tfmf_2block,-5,16,0,9,12.793116569519043
sq_det,-5,17,1,16,2.304680824279785
tfmf_1block,-5,17,0,12,12.746935844421387
tfmf_2block,-5,17,0,15,12.793116569519043
sq_det,-5,18,1,11,2.304680824279785
tfmf_1block,-5,18,0,14,12.746935844421387
tfmf_2block,-5,18,0,14,12.793116569519043
sq_det,-5,19,1,9,2.304680824279785
tfmf_1block,-5,19,0,12,12.746935844421387
tfmf_2block,-5,19,0,9,12.793116569519043
sq_det,-5,20,1,5,2.304680824279785
tfmf_1block,-5,20,0,18,12.746935844421387
tfmf_2block,-5,20,0,12,12.793116569519043
sq_det,-5,21,0,19,2.304680824279785
tfmf_1block,-5,21,0,13,12.746935844421387
tfmf_2block,-5,21,0,9,12.793116569519043
sq_det,-5,22,1,17,2.304680824279785
tfmf_1block,-5,22,0,9,12.746935844421387
tfmf_2block,-5,22,0,16,12.793116569519043
sq_det,-5,23,1,6,2.304680824279785
tfmf_1block,-5,23,0,9,12.746935844421387
tfmf_2block,-5,23,0,4,12.793116569519043
sq_det,-5,24,1,14,2.304680824279785
tfmf_1block,-5,24,0,13,12.746935844421387
tfmf_2block,-5,24,0,8,12.793116569519043
sq_det,-5,25,0,13,2.304680824279785
tfmf_1block,-5,25,0,14,12.746935844421387
tfmf_2block,-5,25,0,14,12.793116569519043
sq_det,-5,26,0,8,2.304680824279785
tfmf_1block,-5,26,0,11,12.746935844421387
tfmf_2block,-5,26,0,6,12.793116569519043
sq_det,-5,27,0,9,2.304680824279785
tfmf_1block,-5,27,0,14,12.746935844421387
tfmf_2block,-5,27,0,4,12.793116569519043
sq_det,-5,28,0,11,2.304680824279785
tfmf_1block,-5,28,0,8,12.746935844421387
tfmf_2block,-5,28,0,10,12.793116569519043
sq_det,-5,29,0,9,2.304680824279785
tfmf_1block,-5,29,0,19,12.746935844421387
tfmf_2block,-5,29,0,10,12.793116569519043
sq_det,-5,30,0,6,2.304680824279785
tfmf_1block,-5,30,0,14,12.746935844421387
tfmf_2block,-5,30,0,15,12.793116569519043
sq_det,-5,31,1,16,2.304680824279785
tfmf_1block,-5,31,0,16,12.746935844421387
tfmf_2block,-5,31,0,11,12.793116569519043
sq_det,-5,32,1,10,2.304680824279785
tfmf_1block,-5,32,0,15,12.746935844421387
tfmf_2block,-5,32,0,10,12.793116569519043
sq_det,-5,33,1,23,2.304680824279785
tfmf_1block,-5,33,0,9,12.746935844421387
tfmf_2block,-5,33,0,14,12.793116569519043
sq_det,-5,34,0,12,2.304680824279785
tfmf_1block,-5,34,0,9,12.746935844421387
tfmf_2block,-5,34,0,10,12.793116569519043
sq_det,-5,35,1,12,2.304680824279785
tfmf_1block,-5,35,0,13,12.746935844421387
tfmf_2block,-5,35,0,10,12.793116569519043
sq_det,-5,36,1,13,2.304680824279785
tfmf_1block,-5,36,0,11,12.746935844421387
tfmf_2block,-5,36,0,7,12.793116569519043
sq_det,-5,37,0,7,2.304680824279785
tfmf_1block,-5,37,0,9,12.746935844421387
tfmf_2block,-5,37,0,9,12.793116569519043
sq_det,-5,38,1,10,2.304680824279785
tfmf_1block,-5,38,0,16,12.746935844421387
tfmf_2block,-5,38,0,13,12.793116569519043
sq_det,-5,39,0,16,2.304680824279785
tfmf_1block,-5,39,0,12,12.746935844421387
tfmf_2block,-5,39,0,17,12.793116569519043
sq_det,-5,40,1,13,2.304680824279785
tfmf_1block,-5,40,0,11,12.746935844421387
tfmf_2block,-5,40,0,9,12.793116569519043
sq_det,-5,41,0,9,2.304680824279785
tfmf_1block,-5,41,0,8,12.746935844421387
tfmf_2block,-5,41,0,9,12.793116569519043
sq_det,-5,42,1,11,2.304680824279785
tfmf_1block,-5,42,0,9,12.746935844421387
tfmf_2block,-5,42,0,11,12.793116569519043
sq_det,-5,43,1,10,2.304680824279785
tfmf_1block,-5,43,0,11,12.746935844421387
tfmf_2block,-5,43,0,18,12.793116569519043
sq_det,-5,44,1,9,2.304680824279785
tfmf_1block,-5,44,0,15,12.746935844421387
tfmf_2block,-5,44,0,12,12.793116569519043
sq_det,-5,45,1,9,2.304680824279785
tfmf_1block,-5,45,0,11,12.746935844421387
tfmf_2block,-5,45,0,7,12.793116569519043
sq_det,-5,46,1,8,2.304680824279785
tfmf_1block,-5,46,0,10,12.746935844421387
tfmf_2block,-5,46,0,15,12.793116569519043
sq_det,-5,47,1,14,2.304680824279785
tfmf_1block,-5,47,0,16,12.746935844421387
tfmf_2block,-5,47,0,6,12.793116569519043
sq_det,-5,48,0,11,2.304680824279785
tfmf_1block,-5,48,0,9,12.746935844421387
tfmf_2block,-5,48,0,13,12.793116569519043
sq_det,-5,49,0,13,2.304680824279785
tfmf_1block,-5,49,0,16,12.746935844421387
tfmf_2block,-5,49,0,7,12.793116569519043
sq_det,-4,0,1,10,2.304680824279785
tfmf_1block,-4,0,0,12,12.746935844421387
tfmf_2block,-4,0,0,8,12.793116569519043
sq_det,-4,1,1,6,2.304680824279785
tfmf_1block,-4,1,0,9,12.746935844421387
tfmf_2block,-4,1,0,15,12.793116569519043
sq_det,-4,2,0,5,2.304680824279785
tfmf_1block,-4,2,0,16,12.746935844421387
tfmf_2block,-4,2,0,21,12.793116569519043
sq_det,-4,3,0,4,2.304680824279785
tfmf_1block,-4,3,0,16,12.746935844421387
tfmf_2block,-4,3,0,12,12.793116569519043
sq_det,-4,4,0,9,2.304680824279785
tfmf_1block,-4,4,0,13,12.746935844421387
tfmf_2block,-4,4,0,13,12.793116569519043
sq_det,-4,5,1,11,2.304680824279785
tfmf_1block,-4,5,0,16,12.746935844421387
tfmf_2block,-4,5,0,13,12.793116569519043
sq_det,-4,6,1,15,2.304680824279785
tfmf_1block,-4,6,0,6,12.746935844421387
tfmf_2block,-4,6,0,13,12.793116569519043
sq_det,-4,7,0,14,2.304680824279785
tfmf_1block,-4,7,0,6,12.746935844421387
tfmf_2block,-4,7,0,11,12.793116569519043
sq_det,-4,8,1,11,2.304680824279785
tfmf_1block,-4,8,0,13,12.746935844421387
tfmf_2block,-4,8,0,16,12.793116569519043
sq_det,-4,9,1,13,2.304680824279785
tfmf_1block,-4,9,0,15,12.746935844421387
tfmf_2block,-4,9,0,21,12.793116569519043
sq_det,-4,10,1,8,2.304680824279785
tfmf_1block,-4,10,0,17,12.746935844421387
tfmf_2block,-4,10,0,12,12.793116569519043
sq_det,-4,11,0,10,2.304680824279785
tfmf_1block,-4,11,0,9,12.746935844421387
tfmf_2block,-4,11,0,11,12.793116569519043
sq_det,-4,12,0,6,2.304680824279785
tfmf_1block,-4,12,0,10,12.746935844421387
tfmf_2block,-4,12,0,13,12.793116569519043
sq_det,-4,13,0,6,2.304680824279785
tfmf_1block,-4,13,0,11,12.746935844421387
tfmf_2block,-4,13,0,4,12.793116569519043
sq_det,-4,14,1,13,2.304680824279785
tfmf_1block,-4,14,0,11,12.746935844421387
tfmf_2block,-4,14,1,16,12.793116569519043
sq_det,-4,15,0,5,2.304680824279785
tfmf_1block,-4,15,0,11,12.746935844421387
tfmf_2block,-4,15,0,8,12.793116569519043
sq_det,-4,16,0,6,2.304680824279785
tfmf_1block,-4,16,0,9,12.746935844421387
tfmf_2block,-4,16,0,5,12.793116569519043
sq_det,-4,17,1,16,2.304680824279785
tfmf_1block,-4,17,0,10,12.746935844421387
tfmf_2block,-4,17,0,7,12.793116569519043
sq_det,-4,18,0,9,2.304680824279785
tfmf_1block,-4,18,0,12,12.746935844421387
tfmf_2block,-4,18,0,12,12.793116569519043
sq_det,-4,19,1,10,2.304680824279785
tfmf_1block,-4,19,1,14,12.746935844421387
tfmf_2block,-4,19,0,12,12.793116569519043
sq_det,-4,20,0,14,2.304680824279785
tfmf_1block,-4,20,0,11,12.746935844421387
tfmf_2block,-4,20,0,12,12.793116569519043
sq_det,-4,21,0,7,2.304680824279785
tfmf_1block,-4,21,0,16,12.746935844421387
tfmf_2block,-4,21,0,14,12.793116569519043
sq_det,-4,22,0,6,2.304680824279785
tfmf_1block,-4,22,0,15,12.746935844421387
tfmf_2block,-4,22,0,11,12.793116569519043
sq_det,-4,23,1,8,2.304680824279785
tfmf_1block,-4,23,0,15,12.746935844421387
tfmf_2block,-4,23,0,15,12.793116569519043
sq_det,-4,24,0,11,2.304680824279785
tfmf_1block,-4,24,0,15,12.746935844421387
tfmf_2block,-4,24,0,6,12.793116569519043
sq_det,-4,25,0,16,2.304680824279785
tfmf_1block,-4,25,0,9,12.746935844421387
tfmf_2block,-4,25,0,6,12.793116569519043
sq_det,-4,26,1,14,2.304680824279785
tfmf_1block,-4,26,0,13,12.746935844421387
tfmf_2block,-4,26,0,14,12.793116569519043
sq_det,-4,27,0,9,2.304680824279785
tfmf_1block,-4,27,0,11,12.746935844421387
tfmf_2block,-4,27,0,10,12.793116569519043
sq_det,-4,28,0,8,2.304680824279785
tfmf_1block,-4,28,0,14,12.746935844421387
tfmf_2block,-4,28,0,10,12.793116569519043
sq_det,-4,29,0,10,2.304680824279785
tfmf_1block,-4,29,0,22,12.746935844421387
tfmf_2block,-4,29,0,11,12.793116569519043
sq_det,-4,30,1,13,2.304680824279785
tfmf_1block,-4,30,0,10,12.746935844421387
tfmf_2block,-4,30,0,9,12.793116569519043
sq_det,-4,31,0,14,2.304680824279785
tfmf_1block,-4,31,0,13,12.746935844421387
tfmf_2block,-4,31,0,11,12.793116569519043
sq_det,-4,32,0,8,2.304680824279785
tfmf_1block,-4,32,0,8,12.746935844421387
tfmf_2block,-4,32,0,6,12.793116569519043
sq_det,-4,33,0,11,2.304680824279785
tfmf_1block,-4,33,0,7,12.746935844421387
tfmf_2block,-4,33,0,10,12.793116569519043
sq_det,-4,34,1,17,2.304680824279785
tfmf_1block,-4,34,0,13,12.746935844421387
tfmf_2block,-4,34,0,10,12.793116569519043
sq_det,-4,35,1,12,2.304680824279785
tfmf_1block,-4,35,0,17,12.746935844421387
tfmf_2block,-4,35,0,8,12.793116569519043
sq_det,-4,36,1,13,2.304680824279785
tfmf_1block,-4,36,0,19,12.746935844421387
tfmf_2block,-4,36,0,7,12.793116569519043
sq_det,-4,37,1,7,2.304680824279785
tfmf_1block,-4,37,0,11,12.746935844421387
tfmf_2block,-4,37,0,8,12.793116569519043
sq_det,-4,38,1,9,2.304680824279785
tfmf_1block,-4,38,0,12,12.746935844421387
tfmf_2block,-4,38,0,12,12.793116569519043
sq_det,-4,39,0,7,2.304680824279785
tfmf_1block,-4,39,0,9,12.746935844421387
tfmf_2block,-4,39,0,7,12.793116569519043
sq_det,-4,40,0,10,2.304680824279785
tfmf_1block,-4,40,0,12,12.746935844421387
tfmf_2block,-4,40,0,16,12.793116569519043
sq_det,-4,41,0,6,2.304680824279785
tfmf_1block,-4,41,0,20,12.746935844421387
tfmf_2block,-4,41,0,7,12.793116569519043
sq_det,-4,42,1,9,2.304680824279785
tfmf_1block,-4,42,0,22,12.746935844421387
tfmf_2block,-4,42,0,10,12.793116569519043
sq_det,-4,43,1,13,2.304680824279785
tfmf_1block,-4,43,0,15,12.746935844421387
tfmf_2block,-4,43,0,5,12.793116569519043
sq_det,-4,44,0,11,2.304680824279785
tfmf_1block,-4,44,0,7,12.746935844421387
tfmf_2block,-4,44,0,17,12.793116569519043
sq_det,-4,45,0,9,2.304680824279785
tfmf_1block,-4,45,0,10,12.746935844421387
tfmf_2block,-4,45,0,11,12.793116569519043
sq_det,-4,46,0,9,2.304680824279785
tfmf_1block,-4,46,0,12,12.746935844421387
tfmf_2block,-4,46,0,9,12.793116569519043
sq_det,-4,47,0,11,2.304680824279785
tfmf_1block,-4,47,0,12,12.746935844421387
tfmf_2block,-4,47,0,6,12.793116569519043
sq_det,-4,48,1,9,2.304680824279785
tfmf_1block,-4,48,0,9,12.746935844421387
tfmf_2block,-4,48,0,13,12.793116569519043
sq_det,-4,49,1,10,2.304680824279785
tfmf_1block,-4,49,0,14,12.746935844421387
tfmf_2block,-4,49,0,13,12.793116569519043
sq_det,-3,0,1,12,2.304680824279785
tfmf_1block,-3,0,0,15,12.746935844421387
tfmf_2block,-3,0,0,6,12.793116569519043
sq_det,-3,1,1,11,2.304680824279785
tfmf_1block,-3,1,0,10,12.746935844421387
tfmf_2block,-3,1,0,10,12.793116569519043
sq_det,-3,2,0,15,2.304680824279785
tfmf_1block,-3,2,0,10,12.746935844421387
tfmf_2block,-3,2,0,13,12.793116569519043
sq_det,-3,3,0,11,2.304680824279785
tfmf_1block,-3,3,0,13,12.746935844421387
tfmf_2block,-3,3,0,14,12.793116569519043
sq_det,-3,4,1,7,2.304680824279785
tfmf_1block,-3,4,0,11,12.746935844421387
tfmf_2block,-3,4,0,11,12.793116569519043
sq_det,-3,5,1,14,2.304680824279785
tfmf_1block,-3,5,0,8,12.746935844421387
tfmf_2block,-3,5,0,8,12.793116569519043
sq_det,-3,6,0,11,2.304680824279785
tfmf_1block,-3,6,0,10,12.746935844421387
tfmf_2block,-3,6,0,10,12.793116569519043
sq_det,-3,7,0,7,2.304680824279785
tfmf_1block,-3,7,0,11,12.746935844421387
tfmf_2block,-3,7,0,18,12.793116569519043
sq_det,-3,8,0,7,2.304680824279785
tfmf_1block,-3,8,0,16,12.746935844421387
tfmf_2block,-3,8,0,15,12.793116569519043
sq_det,-3,9,0,3,2.304680824279785
tfmf_1block,-3,9,0,10,12.746935844421387
tfmf_2block,-3,9,0,10,12.793116569519043
sq_det,-3,10,0,13,2.304680824279785
tfmf_1block,-3,10,0,12,12.746935844421387
tfmf_2block,-3,10,0,12,12.793116569519043
sq_det,-3,11,0,2,2.304680824279785
tfmf_1block,-3,11,0,10,12.746935844421387
tfmf_2block,-3,11,0,9,12.793116569519043
sq_det,-3,12,1,7,2.304680824279785
tfmf_1block,-3,12,0,14,12.746935844421387
tfmf_2block,-3,12,0,17,12.793116569519043
sq_det,-3,13,1,13,2.304680824279785
tfmf_1block,-3,13,0,14,12.746935844421387
tfmf_2block,-3,13,0,8,12.793116569519043
sq_det,-3,14,1,10,2.304680824279785
tfmf_1block,-3,14,0,14,12.746935844421387
tfmf_2block,-3,14,0,17,12.793116569519043
sq_det,-3,15,1,8,2.304680824279785
tfmf_1block,-3,15,0,16,12.746935844421387
tfmf_2block,-3,15,0,14,12.793116569519043
sq_det,-3,16,1,6,2.304680824279785
tfmf_1block,-3,16,0,11,12.746935844421387
tfmf_2block,-3,16,0,4,12.793116569519043
sq_det,-3,17,1,18,2.304680824279785
tfmf_1block,-3,17,0,19,12.746935844421387
tfmf_2block,-3,17,0,12,12.793116569519043
sq_det,-3,18,1,13,2.304680824279785
tfmf_1block,-3,18,0,15,12.746935844421387
tfmf_2block,-3,18,0,13,12.793116569519043
sq_det,-3,19,0,8,2.304680824279785
tfmf_1block,-3,19,0,12,12.746935844421387
tfmf_2block,-3,19,0,6,12.793116569519043
sq_det,-3,20,0,12,2.304680824279785
tfmf_1block,-3,20,0,19,12.746935844421387
tfmf_2block,-3,20,0,13,12.793116569519043
sq_det,-3,21,0,8,2.304680824279785
tfmf_1block,-3,21,0,14,12.746935844421387
tfmf_2block,-3,21,0,13,12.793116569519043
sq_det,-3,22,1,10,2.304680824279785
tfmf_1block,-3,22,0,9,12.746935844421387
tfmf_2block,-3,22,0,17,12.793116569519043
sq_det,-3,23,0,12,2.304680824279785
tfmf_1block,-3,23,0,13,12.746935844421387
tfmf_2block,-3,23,0,10,12.793116569519043
sq_det,-3,24,0,10,2.304680824279785
tfmf_1block,-3,24,0,17,12.746935844421387
tfmf_2block,-3,24,0,10,12.793116569519043
sq_det,-3,25,1,10,2.304680824279785
tfmf_1block,-3,25,0,11,12.746935844421387
tfmf_2block,-3,25,0,6,12.793116569519043
sq_det,-3,26,0,12,2.304680824279785
tfmf_1block,-3,26,0,16,12.746935844421387
tfmf_2block,-3,26,0,9,12.793116569519043
sq_det,-3,27,0,12,2.304680824279785
tfmf_1block,-3,27,0,16,12.746935844421387
tfmf_2block,-3,27,0,13,12.793116569519043
sq_det,-3,28,1,12,2.304680824279785
tfmf_1block,-3,28,0,12,12.746935844421387
tfmf_2block,-3,28,0,11,12.793116569519043
sq_det,-3,29,0,9,2.304680824279785
tfmf_1block,-3,29,0,13,12.746935844421387
tfmf_2block,-3,29,0,6,12.793116569519043
sq_det,-3,30,0,1,2.304680824279785
tfmf_1block,-3,30,0,6,12.746935844421387
tfmf_2block,-3,30,0,11,12.793116569519043
sq_det,-3,31,1,10,2.304680824279785
tfmf_1block,-3,31,1,12,12.746935844421387
tfmf_2block,-3,31,0,12,12.793116569519043
sq_det,-3,32,0,8,2.304680824279785
tfmf_1block,-3,32,0,15,12.746935844421387
tfmf_2block,-3,32,0,8,12.793116569519043
sq_det,-3,33,0,12,2.304680824279785
tfmf_1block,-3,33,1,12,12.746935844421387
tfmf_2block,-3,33,1,8,12.793116569519043
sq_det,-3,34,1,7,2.304680824279785
tfmf_1block,-3,34,0,10,12.746935844421387
tfmf_2block,-3,34,0,15,12.793116569519043
sq_det,-3,35,1,6,2.304680824279785
tfmf_1block,-3,35,0,16,12.746935844421387
tfmf_2block,-3,35,0,10,12.793116569519043
sq_det,-3,36,0,5,2.304680824279785
tfmf_1block,-3,36,0,9,12.746935844421387
tfmf_2block,-3,36,0,5,12.793116569519043
sq_det,-3,37,1,3,2.304680824279785
tfmf_1block,-3,37,0,14,12.746935844421387
tfmf_2block,-3,37,0,15,12.793116569519043
sq_det,-3,38,0,7,2.304680824279785
tfmf_1block,-3,38,1,12,12.746935844421387
tfmf_2block,-3,38,1,11,12.793116569519043
sq_det,-3,39,0,10,2.304680824279785
tfmf_1block,-3,39,0,11,12.746935844421387
tfmf_2block,-3,39,0,11,12.793116569519043
sq_det,-3,40,1,4,2.304680824279785
tfmf_1block,-3,40,0,15,12.746935844421387
tfmf_2block,-3,40,0,13,12.793116569519043
sq_det,-3,41,1,14,2.304680824279785
tfmf_1block,-3,41,0,15,12.746935844421387
tfmf_2block,-3,41,0,8,12.793116569519043
sq_det,-3,42,1,13,2.304680824279785
tfmf_1block,-3,42,0,12,12.746935844421387
tfmf_2block,-3,42,0,16,12.793116569519043
sq_det,-3,43,1,8,2.304680824279785
tfmf_1block,-3,43,0,18,12.746935844421387
tfmf_2block,-3,43,0,16,12.793116569519043
sq_det,-3,44,0,8,2.304680824279785
tfmf_1block,-3,44,0,12,12.746935844421387
tfmf_2block,-3,44,0,16,12.793116569519043
sq_det,-3,45,0,8,2.304680824279785
tfmf_1block,-3,45,0,16,12.746935844421387
tfmf_2block,-3,45,0,7,12.793116569519043
sq_det,-3,46,0,11,2.304680824279785
tfmf_1block,-3,46,0,13,12.746935844421387
tfmf_2block,-3,46,0,9,12.793116569519043
sq_det,-3,47,1,6,2.304680824279785
tfmf_1block,-3,47,0,9,12.746935844421387
tfmf_2block,-3,47,0,9,12.793116569519043
sq_det,-3,48,1,12,2.304680824279785
tfmf_1block,-3,48,0,8,12.746935844421387
tfmf_2block,-3,48,0,10,12.793116569519043
sq_det,-3,49,0,7,2.304680824279785
tfmf_1block,-3,49,0,8,12.746935844421387
tfmf_2block,-3,49,0,15,12.793116569519043
sq_det,-2,0,1,12,2.304680824279785
tfmf_1block,-2,0,0,16,12.746935844421387
tfmf_2block,-2,0,0,9,12.793116569519043
sq_det,-2,1,1,12,2.304680824279785
tfmf_1block,-2,1,0,6,12.746935844421387
tfmf_2block,-2,1,0,8,12.793116569519043
sq_det,-2,2,1,19,2.304680824279785
tfmf_1block,-2,2,1,11,12.746935844421387
tfmf_2block,-2,2,1,15,12.793116569519043
sq_det,-2,3,0,15,2.304680824279785
tfmf_1block,-2,3,0,13,12.746935844421387
tfmf_2block,-2,3,0,13,12.793116569519043
sq_det,-2,4,1,18,2.304680824279785
tfmf_1block,-2,4,0,15,12.746935844421387
tfmf_2block,-2,4,0,14,12.793116569519043
sq_det,-2,5,0,8,2.304680824279785
tfmf_1block,-2,5,1,11,12.746935844421387
tfmf_2block,-2,5,1,13,12.793116569519043
sq_det,-2,6,0,8,2.304680824279785
tfmf_1block,-2,6,0,18,12.746935844421387
tfmf_2block,-2,6,0,11,12.793116569519043
sq_det,-2,7,1,19,2.304680824279785
tfmf_1block,-2,7,0,16,12.746935844421387
tfmf_2block,-2,7,0,7,12.793116569519043
sq_det,-2,8,1,3,2.304680824279785
tfmf_1block,-2,8,0,13,12.746935844421387
tfmf_2block,-2,8,0,9,12.793116569519043
sq_det,-2,9,1,15,2.304680824279785
tfmf_1block,-2,9,0,10,12.746935844421387
tfmf_2block,-2,9,0,9,12.793116569519043
sq_det,-2,10,1,14,2.304680824279785
tfmf_1block,-2,10,1,14,12.746935844421387
tfmf_2block,-2,10,0,11,12.793116569519043
sq_det,-2,11,0,7,2.304680824279785
tfmf_1block,-2,11,1,21,12.746935844421387
tfmf_2block,-2,11,0,10,12.793116569519043
sq_det,-2,12,1,17,2.304680824279785
tfmf_1block,-2,12,1,13,12.746935844421387
tfmf_2block,-2,12,0,11,12.793116569519043
sq_det,-2,13,1,15,2.304680824279785
tfmf_1block,-2,13,0,6,12.746935844421387
tfmf_2block,-2,13,0,11,12.793116569519043
sq_det,-2,14,1,14,2.304680824279785
tfmf_1block,-2,14,0,12,12.746935844421387
tfmf_2block,-2,14,0,10,12.793116569519043
sq_det,-2,15,0,10,2.304680824279785
tfmf_1block,-2,15,0,16,12.746935844421387
tfmf_2block,-2,15,0,16,12.793116569519043
sq_det,-2,16,1,13,2.304680824279785
tfmf_1block,-2,16,0,9,12.746935844421387
tfmf_2block,-2,16,0,9,12.793116569519043
sq_det,-2,17,1,11,2.304680824279785
tfmf_1block,-2,17,0,10,12.746935844421387
tfmf_2block,-2,17,0,6,12.793116569519043
sq_det,-2,18,1,7,2.304680824279785
tfmf_1block,-2,18,0,17,12.746935844421387
tfmf_2block,-2,18,0,16,12.793116569519043
sq_det,-2,19,1,14,2.304680824279785
tfmf_1block,-2,19,1,6,12.746935844421387
tfmf_2block,-2,19,0,9,12.793116569519043
sq_det,-2,20,0,14,2.304680824279785
tfmf_1block,-2,20,0,16,12.746935844421387
tfmf_2block,-2,20,0,11,12.793116569519043
sq_det,-2,21,0,8,2.304680824279785
tfmf_1block,-2,21,0,11,12.746935844421387
tfmf_2block,-2,21,0,14,12.793116569519043
sq_det,-2,22,0,14,2.304680824279785
tfmf_1block,-2,22,0,17,12.746935844421387
tfmf_2block,-2,22,0,3,12.793116569519043
sq_det,-2,23,0,13,2.304680824279785
tfmf_1block,-2,23,0,5,12.746935844421387
tfmf_2block,-2,23,0,10,12.793116569519043
sq_det,-2,24,1,14,2.304680824279785
tfmf_1block,-2,24,0,9,12.746935844421387
tfmf_2block,-2,24,0,12,12.793116569519043
sq_det,-2,25,1,8,2.304680824279785
tfmf_1block,-2,25,0,21,12.746935844421387
tfmf_2block,-2,25,1,16,12.793116569519043
sq_det,-2,26,1,10,2.304680824279785
tfmf_1block,-2,26,0,13,12.746935844421387
tfmf_2block,-2,26,0,15,12.793116569519043
sq_det,-2,27,1,22,2.304680824279785
tfmf_1block,-2,27,0,14,12.746935844421387
tfmf_2block,-2,27,1,11,12.793116569519043
sq_det,-2,28,1,15,2.304680824279785
tfmf_1block,-2,28,0,9,12.746935844421387
tfmf_2block,-2,28,1,14,12.793116569519043
sq_det,-2,29,1,19,2.304680824279785
tfmf_1block,-2,29,0,12,12.746935844421387
tfmf_2block,-2,29,0,9,12.793116569519043
sq_det,-2,30,1,10,2.304680824279785
tfmf_1block,-2,30,0,12,12.746935844421387
tfmf_2block,-2,30,0,6,12.793116569519043
sq_det,-2,31,1,12,2.304680824279785
tfmf_1block,-2,31,0,15,12.746935844421387
tfmf_2block,-2,31,0,12,12.793116569519043
sq_det,-2,32,1,6,2.304680824279785
tfmf_1block,-2,32,0,17,12.746935844421387
tfmf_2block,-2,32,0,11,12.793116569519043
sq_det,-2,33,0,9,2.304680824279785
tfmf_1block,-2,33,0,7,12.746935844421387
tfmf_2block,-2,33,0,9,12.793116569519043
sq_det,-2,34,1,5,2.304680824279785
tfmf_1block,-2,34,1,9,12.746935844421387
tfmf_2block,-2,34,1,14,12.793116569519043
sq_det,-2,35,1,10,2.304680824279785
tfmf_1block,-2,35,0,14,12.746935844421387
tfmf_2block,-2,35,0,14,12.793116569519043
sq_det,-2,36,1,13,2.304680824279785
tfmf_1block,-2,36,0,12,12.746935844421387
tfmf_2block,-2,36,0,17,12.793116569519043
sq_det,-2,37,1,12,2.304680824279785
tfmf_1block,-2,37,0,13,12.746935844421387
tfmf_2block,-2,37,1,18,12.793116569519043
sq_det,-2,38,1,11,2.304680824279785
tfmf_1block,-2,38,0,15,12.746935844421387
tfmf_2block,-2,38,0,10,12.793116569519043
sq_det,-2,39,0,15,2.304680824279785
tfmf_1block,-2,39,0,10,12.746935844421387
tfmf_2block,-2,39,0,10,12.793116569519043
sq_det,-2,40,1,20,2.304680824279785
tfmf_1block,-2,40,1,11,12.746935844421387
tfmf_2block,-2,40,1,19,12.793116569519043
sq_det,-2,41,1,12,2.304680824279785
tfmf_1block,-2,41,0,13,12.746935844421387
tfmf_2block,-2,41,1,9,12.793116569519043
sq_det,-2,42,1,8,2.304680824279785
tfmf_1block,-2,42,0,14,12.746935844421387
tfmf_2block,-2,42,0,12,12.793116569519043
sq_det,-2,43,0,11,2.304680824279785
tfmf_1block,-2,43,0,6,12.746935844421387
tfmf_2block,-2,43,0,8,12.793116569519043
sq_det,-2,44,0,8,2.304680824279785
tfmf_1block,-2,44,0,18,12.746935844421387
tfmf_2block,-2,44,0,13,12.793116569519043
sq_det,-2,45,1,9,2.304680824279785
tfmf_1block,-2,45,0,16,12.746935844421387
tfmf_2block,-2,45,0,8,12.793116569519043
sq_det,-2,46,1,4,2.304680824279785
tfmf_1block,-2,46,0,12,12.746935844421387
tfmf_2block,-2,46,0,14,12.793116569519043
sq_det,-2,47,1,8,2.304680824279785
tfmf_1block,-2,47,0,20,12.746935844421387
tfmf_2block,-2,47,0,9,12.793116569519043
sq_det,-2,48,0,10,2.304680824279785
tfmf_1block,-2,48,0,9,12.746935844421387
tfmf_2block,-2,48,0,10,12.793116569519043
sq_det,-2,49,1,16,2.304680824279785
tfmf_1block,-2,49,0,7,12.746935844421387
tfmf_2block,-2,49,0,11,12.793116569519043
sq_det,-1,0,1,6,2.304680824279785
tfmf_1block,-1,0,0,11,12.746935844421387
tfmf_2block,-1,0,0,13,12.793116569519043
sq_det,-1,1,1,10,2.304680824279785
tfmf_1block,-1,1,0,14,12.746935844421387
tfmf_2block,-1,1,0,11,12.793116569519043
sq_det,-1,2,1,14,2.304680824279785
tfmf_1block,-1,2,1,24,12.746935844421387
tfmf_2block,-1,2,0,14,12.793116569519043
sq_det,-1,3,1,17,2.304680824279785
tfmf_1block,-1,3,0,12,12.746935844421387
tfmf_2block,-1,3,0,6,12.793116569519043
sq_det,-1,4,1,12,2.304680824279785
tfmf_1block,-1,4,1,14,12.746935844421387
tfmf_2block,-1,4,0,10,12.793116569519043
sq_det,-1,5,0,11,2.304680824279785
tfmf_1block,-1,5,0,14,12.746935844421387
tfmf_2block,-1,5,0,14,12.793116569519043
sq_det,-1,6,0,10,2.304680824279785
tfmf_1block,-1,6,0,9,12.746935844421387
tfmf_2block,-1,6,0,9,12.793116569519043
sq_det,-1,7,0,10,2.304680824279785
tfmf_1block,-1,7,0,10,12.746935844421387
tfmf_2block,-1,7,0,8,12.793116569519043
sq_det,-1,8,1,11,2.304680824279785
tfmf_1block,-1,8,1,15,12.746935844421387
tfmf_2block,-1,8,0,10,12.793116569519043
sq_det,-1,9,0,12,2.304680824279785
tfmf_1block,-1,9,0,14,12.746935844421387
tfmf_2block,-1,9,0,8,12.793116569519043
sq_det,-1,10,1,13,2.304680824279785
tfmf_1block,-1,10,0,15,12.746935844421387
tfmf_2block,-1,10,1,15,12.793116569519043
sq_det,-1,11,0,14,2.304680824279785
tfmf_1block,-1,11,0,13,12.746935844421387
tfmf_2block,-1,11,0,7,12.793116569519043
sq_det,-1,12,1,11,2.304680824279785
tfmf_1block,-1,12,1,21,12.746935844421387
tfmf_2block,-1,12,1,8,12.793116569519043
sq_det,-1,13,0,7,2.304680824279785
tfmf_1block,-1,13,0,14,12.746935844421387
tfmf_2block,-1,13,0,18,12.793116569519043
sq_det,-1,14,1,11,2.304680824279785
tfmf_1block,-1,14,0,16,12.746935844421387
tfmf_2block,-1,14,0,13,12.793116569519043
sq_det,-1,15,0,14,2.304680824279785
tfmf_1block,-1,15,0,9,12.746935844421387
tfmf_2block,-1,15,0,9,12.793116569519043
sq_det,-1,16,0,6,2.304680824279785
tfmf_1block,-1,16,0,11,12.746935844421387
tfmf_2block,-1,16,0,12,12.793116569519043
sq_det,-1,17,0,11,2.304680824279785
tfmf_1block,-1,17,0,8,12.746935844421387
tfmf_2block,-1,17,0,7,12.793116569519043
sq_det,-1,18,0,4,2.304680824279785
tfmf_1block,-1,18,0,19,12.746935844421387
tfmf_2block,-1,18,0,15,12.793116569519043
sq_det,-1,19,1,8,2.304680824279785
tfmf_1block,-1,19,0,7,12.746935844421387
tfmf_2block,-1,19,0,11,12.793116569519043
sq_det,-1,20,1,11,2.304680824279785
tfmf_1block,-1,20,0,14,12.746935844421387
tfmf_2block,-1,20,0,13,12.793116569519043
sq_det,-1,21,1,16,2.304680824279785
tfmf_1block,-1,21,1,13,12.746935844421387
tfmf_2block,-1,21,0,14,12.793116569519043
sq_det,-1,22,1,8,2.304680824279785
tfmf_1block,-1,22,0,19,12.746935844421387
tfmf_2block,-1,22,0,15,12.793116569519043
sq_det,-1,23,1,24,2.304680824279785
tfmf_1block,-1,23,1,17,12.746935844421387
tfmf_2block,-1,23,1,12,12.793116569519043
sq_det,-1,24,0,10,2.304680824279785
tfmf_1block,-1,24,0,11,12.746935844421387
tfmf_2block,-1,24,0,12,12.793116569519043
sq_det,-1,25,1,9,2.304680824279785
tfmf_1block,-1,25,0,14,12.746935844421387
tfmf_2block,-1,25,0,12,12.793116569519043
sq_det,-1,26,0,8,2.304680824279785
tfmf_1block,-1,26,0,15,12.746935844421387
tfmf_2block,-1,26,0,13,12.793116569519043
sq_det,-1,27,1,12,2.304680824279785
tfmf_1block,-1,27,0,13,12.746935844421387
tfmf_2block,-1,27,0,14,12.793116569519043
sq_det,-1,28,1,16,2.304680824279785
tfmf_1block,-1,28,1,10,12.746935844421387
tfmf_2block,-1,28,0,9,12.793116569519043
sq_det,-1,29,0,9,2.304680824279785
tfmf_1block,-1,29,1,14,12.746935844421387
tfmf_2block,-1,29,0,14,12.793116569519043
sq_det,-1,30,1,10,2.304680824279785
tfmf_1block,-1,30,0,9,12.746935844421387
tfmf_2block,-1,30,0,17,12.793116569519043
sq_det,-1,31,1,11,2.304680824279785
tfmf_1block,-1,31,1,11,12.746935844421387
tfmf_2block,-1,31,0,13,12.793116569519043
sq_det,-1,32,1,11,2.304680824279785
tfmf_1block,-1,32,0,9,12.746935844421387
tfmf_2block,-1,32,0,9,12.793116569519043
sq_det,-1,33,1,10,2.304680824279785
tfmf_1block,-1,33,0,20,12.746935844421387
tfmf_2block,-1,33,0,11,12.793116569519043
sq_det,-1,34,1,16,2.304680824279785
tfmf_1block,-1,34,0,14,12.746935844421387
tfmf_2block,-1,34,0,10,12.793116569519043
sq_det,-1,35,1,11,2.304680824279785
tfmf_1block,-1,35,0,19,12.746935844421387
tfmf_2block,-1,35,0,9,12.793116569519043
sq_det,-1,36,1,14,2.304680824279785
tfmf_1block,-1,36,0,16,12.746935844421387
tfmf_2block,-1,36,0,15,12.793116569519043
sq_det,-1,37,1,13,2.304680824279785
tfmf_1block,-1,37,0,14,12.746935844421387
tfmf_2block,-1,37,0,16,12.793116569519043
sq_det,-1,38,1,10,2.304680824279785
tfmf_1block,-1,38,0,9,12.746935844421387
tfmf_2block,-1,38,1,19,12.793116569519043
sq_det,-1,39,1,22,2.304680824279785
tfmf_1block,-1,39,0,13,12.746935844421387
tfmf_2block,-1,39,0,10,12.793116569519043
sq_det,-1,40,1,12,2.304680824279785
tfmf_1block,-1,40,0,11,12.746935844421387
tfmf_2block,-1,40,0,11,12.793116569519043
sq_det,-1,41,1,13,2.304680824279785
tfmf_1block,-1,41,0,12,12.746935844421387
tfmf_2block,-1,41,0,9,12.793116569519043
sq_det,-1,42,1,10,2.304680824279785
tfmf_1block,-1,42,0,10,12.746935844421387
tfmf_2block,-1,42,0,8,12.793116569519043
sq_det,-1,43,1,9,2.304680824279785
tfmf_1block,-1,43,0,15,12.746935844421387
tfmf_2block,-1,43,0,14,12.793116569519043
sq_det,-1,44,1,14,2.304680824279785
tfmf_1block,-1,44,1,9,12.746935844421387
tfmf_2block,-1,44,0,12,12.793116569519043
sq_det,-1,45,1,12,2.304680824279785
tfmf_1block,-1,45,0,11,12.746935844421387
tfmf_2block,-1,45,0,9,12.793116569519043
sq_det,-1,46,1,21,2.304680824279785
tfmf_1block,-1,46,0,13,12.746935844421387
tfmf_2block,-1,46,1,9,12.793116569519043
sq_det,-1,47,0,8,2.304680824279785
tfmf_1block,-1,47,0,9,12.746935844421387
tfmf_2block,-1,47,0,11,12.793116569519043
sq_det,-1,48,1,9,2.304680824279785
tfmf_1block,-1,48,0,10,12.746935844421387
tfmf_2block,-1,48,0,16,12.793116569519043
sq_det,-1,49,1,14,2.304680824279785
tfmf_1block,-1,49,0,6,12.746935844421387
tfmf_2block,-1,49,1,13,12.793116569519043
sq_det,0,0,1,11,2.304680824279785
tfmf_1block,0,0,1,11,12.746935844421387
tfmf_2block,0,0,0,14,12.793116569519043
sq_det,0,1,1,11,2.304680824279785
tfmf_1block,0,1,0,9,12.746935844421387
tfmf_2block,0,1,0,13,12.793116569519043
sq_det,0,2,1,6,2.304680824279785
tfmf_1block,0,2,0,10,12.746935844421387
tfmf_2block,0,2,0,9,12.793116569519043
sq_det,0,3,1,16,2.304680824279785
tfmf_1block,0,3,0,6,12.746935844421387
tfmf_2block,0,3,0,10,12.793116569519043
sq_det,0,4,1,15,2.304680824279785
tfmf_1block,0,4,1,12,12.746935844421387
tfmf_2block,0,4,1,11,12.793116569519043
sq_det,0,5,1,11,2.304680824279785
tfmf_1block,0,5,0,19,12.746935844421387
tfmf_2block,0,5,0,5,12.793116569519043
sq_det,0,6,1,15,2.304680824279785
tfmf_1block,0,6,1,13,12.746935844421387
tfmf_2block,0,6,1,11,12.793116569519043
sq_det,0,7,1,10,2.304680824279785
tfmf_1block,0,7,0,5,12.746935844421387
tfmf_2block,0,7,0,13,12.793116569519043
sq_det,0,8,1,12,2.304680824279785
tfmf_1block,0,8,0,8,12.746935844421387
tfmf_2block,0,8,0,7,12.793116569519043
sq_det,0,9,0,6,2.304680824279785
tfmf_1block,0,9,0,17,12.746935844421387
tfmf_2block,0,9,0,12,12.793116569519043
sq_det,0,10,1,17,2.304680824279785
tfmf_1block,0,10,1,22,12.746935844421387
tfmf_2block,0,10,1,17,12.793116569519043
sq_det,0,11,1,16,2.304680824279785
tfmf_1block,0,11,1,18,12.746935844421387
tfmf_2block,0,11,0,14,12.793116569519043
sq_det,0,12,1,19,2.304680824279785
tfmf_1block,0,12,0,14,12.746935844421387
tfmf_2block,0,12,1,10,12.793116569519043
sq_det,0,13,1,12,2.304680824279785
tfmf_1block,0,13,0,18,12.746935844421387
tfmf_2block,0,13,0,17,12.793116569519043
sq_det,0,14,1,22,2.304680824279785
tfmf_1block,0,14,1,12,12.746935844421387
tfmf_2block,0,14,1,13,12.793116569519043
sq_det,0,15,0,8,2.304680824279785
tfmf_1block,0,15,0,12,12.746935844421387
tfmf_2block,0,15,1,10,12.793116569519043
sq_det,0,16,1,6,2.304680824279785
tfmf_1block,0,16,0,15,12.746935844421387
tfmf_2block,0,16,0,14,12.793116569519043
sq_det,0,17,0,17,2.304680824279785
tfmf_1block,0,17,0,12,12.746935844421387
tfmf_2block,0,17,0,14,12.793116569519043
sq_det,0,18,1,19,2.304680824279785
tfmf_1block,0,18,0,14,12.746935844421387
tfmf_2block,0,18,0,9,12.793116569519043
sq_det,0,19,1,12,2.304680824279785
tfmf_1block,0,19,1,10,12.746935844421387
tfmf_2block,0,19,0,13,12.793116569519043
sq_det,0,20,1,13,2.304680824279785
tfmf_1block,0,20,0,11,12.746935844421387
tfmf_2block,0,20,0,10,12.793116569519043
sq_det,0,21,1,11,2.304680824279785
tfmf_1block,0,21,1,19,12.746935844421387
tfmf_2block,0,21,1,18,12.793116569519043
sq_det,0,22,1,10,2.304680824279785
tfmf_1block,0,22,0,9,12.746935844421387
tfmf_2block,0,22,0,8,12.793116569519043
sq_det,0,23,1,11,2.304680824279785
tfmf_1block,0,23,0,13,12.746935844421387
tfmf_2block,0,23,0,11,12.793116569519043
sq_det,0,24,1,15,2.304680824279785
tfmf_1block,0,24,1,15,12.746935844421387
tfmf_2block,0,24,0,19,12.793116569519043
sq_det,0,25,1,15,2.304680824279785
tfmf_1block,0,25,1,12,12.746935844421387
tfmf_2block,0,25,1,11,12.793116569519043
sq_det,0,26,1,10,2.304680824279785
tfmf_1block,0,26,1,5,12.746935844421387
tfmf_2block,0,26,0,14,12.793116569519043
sq_det,0,27,0,14,2.304680824279785
tfmf_1block,0,27,0,9,12.746935844421387
tfmf_2block,0,27,0,9,12.793116569519043
sq_det,0,28,0,3,2.304680824279785
tfmf_1block,0,28,0,12,12.746935844421387
tfmf_2block,0,28,1,7,12.793116569519043
sq_det,0,29,1,8,2.304680824279785
tfmf_1block,0,29,0,9,12.746935844421387
tfmf_2block,0,29,0,8,12.793116569519043
sq_det,0,30,1,18,2.304680824279785
tfmf_1block,0,30,0,7,12.746935844421387
tfmf_2block,0,30,0,11,12.793116569519043
sq_det,0,31,1,15,2.304680824279785
tfmf_1block,0,31,1,18,12.746935844421387
tfmf_2block,0,31,0,12,12.793116569519043
sq_det,0,32,1,11,2.304680824279785
tfmf_1block,0,32,0,11,12.746935844421387
tfmf_2block,0,32,0,15,12.793116569519043
sq_det,0,33,1,9,2.304680824279785
tfmf_1block,0,33,1,10,12.746935844421387
tfmf_2block,0,33,1,16,12.793116569519043
sq_det,0,34,1,8,2.304680824279785
tfmf_1block,0,34,0,17,12.746935844421387
tfmf_2block,0,34,0,12,12.793116569519043
sq_det,0,35,0,4,2.304680824279785
tfmf_1block,0,35,1,10,12.746935844421387
tfmf_2block,0,35,1,19,12.793116569519043
sq_det,0,36,0,2,2.304680824279785
tfmf_1block,0,36,0,16,12.746935844421387
tfmf_2block,0,36,0,12,12.793116569519043
sq_det,0,37,1,15,2.304680824279785
tfmf_1block,0,37,0,16,12.746935844421387
tfmf_2block,0,37,0,15,12.793116569519043
sq_det,0,38,1,14,2.304680824279785
tfmf_1block,0,38,0,15,12.746935844421387
tfmf_2block,0,38,1,10,12.793116569519043
sq_det,0,39,1,6,2.304680824279785
tfmf_1block,0,39,1,15,12.746935844421387
tfmf_2block,0,39,1,11,12.793116569519043
sq_det,0,40,1,6,2.304680824279785
tfmf_1block,0,40,0,9,12.746935844421387
tfmf_2block,0,40,0,10,12.793116569519043
sq_det,0,41,0,8,2.304680824279785
tfmf_1block,0,41,0,10,12.746935844421387
tfmf_2block,0,41,1,12,12.793116569519043
sq_det,0,42,1,16,2.304680824279785
tfmf_1block,0,42,1,21,12.746935844421387
tfmf_2block,0,42,1,11,12.793116569519043
sq_det,0,43,1,17,2.304680824279785
tfmf_1block,0,43,0,10,12.746935844421387
tfmf_2block,0,43,0,9,12.793116569519043
sq_det,0,44,1,14,2.304680824279785
tfmf_1block,0,44,0,7,12.746935844421387
tfmf_2block,0,44,0,14,12.793116569519043
sq_det,0,45,1,11,2.304680824279785
tfmf_1block,0,45,1,21,12.746935844421387
tfmf_2block,0,45,0,10,12.793116569519043
sq_det,0,46,1,5,2.304680824279785
tfmf_1block,0,46,1,12,12.746935844421387
tfmf_2block,0,46,1,12,12.793116569519043
sq_det,0,47,1,10,2.304680824279785
tfmf_1block,0,47,0,13,12.746935844421387
tfmf_2block,0,47,0,12,12.793116569519043
sq_det,0,48,1,8,2.304680824279785
tfmf_1block,0,48,1,18,12.746935844421387
tfmf_2block,0,48,1,13,12.793116569519043
sq_det,0,49,1,15,2.304680824279785
tfmf_1block,0,49,0,13,12.746935844421387
tfmf_2block,0,49,0,14,12.793116569519043
sq_det,1,0,1,13,2.304680824279785
tfmf_1block,1,0,0,16,12.746935844421387
tfmf_2block,1,0,1,17,12.793116569519043
sq_det,1,1,1,15,2.304680824279785
tfmf_1block,1,1,1,16,12.746935844421387
tfmf_2block,1,1,1,18,12.793116569519043
sq_det,1,2,1,11,2.304680824279785
tfmf_1block,1,2,1,24,12.746935844421387
tfmf_2block,1,2,1,21,12.793116569519043
sq_det,1,3,1,16,2.304680824279785
tfmf_1block,1,3,1,20,12.746935844421387
tfmf_2block,1,3,1,16,12.793116569519043
sq_det,1,4,1,9,2.304680824279785
tfmf_1block,1,4,1,20,12.746935844421387
tfmf_2block,1,4,0,9,12.793116569519043
sq_det,1,5,1,14,2.304680824279785
tfmf_1block,1,5,1,16,12.746935844421387
tfmf_2block,1,5,1,16,12.793116569519043
sq_det,1,6,1,8,2.304680824279785
tfmf_1block,1,6,0,12,12.746935844421387
tfmf_2block,1,6,1,10,12.793116569519043
sq_det,1,7,1,10,2.304680824279785
tfmf_1block,1,7,1,18,12.746935844421387
tfmf_2block,1,7,1,15,12.793116569519043
sq_det,1,8,1,22,2.304680824279785
tfmf_1block,1,8,0,10,12.746935844421387
tfmf_2block,1,8,1,15,12.793116569519043
sq_det,1,9,1,9,2.304680824279785
tfmf_1block,1,9,1,15,12.746935844421387
tfmf_2block,1,9,1,21,12.793116569519043
sq_det,1,10,1,23,2.304680824279785
tfmf_1block,1,10,1,26,12.746935844421387
tfmf_2block,1,10,0,14,12.793116569519043
sq_det,1,11,1,9,2.304680824279785
tfmf_1block,1,11,0,12,12.746935844421387
tfmf_2block,1,11,0,8,12.793116569519043
sq_det,1,12,1,7,2.304680824279785
tfmf_1block,1,12,0,21,12.746935844421387
tfmf_2block,1,12,1,19,12.793116569519043
sq_det,1,13,1,17,2.304680824279785
tfmf_1block,1,13,0,12,12.746935844421387
tfmf_2block,1,13,0,19,12.793116569519043
sq_det,1,14,1,18,2.304680824279785
tfmf_1block,1,14,0,17,12.746935844421387
tfmf_2block,1,14,0,20,12.793116569519043
sq_det,1,15,1,16,2.304680824279785
tfmf_1block,1,15,1,17,12.746935844421387
tfmf_2block,1,15,0,10,12.793116569519043
sq_det,1,16,1,13,2.304680824279785
tfmf_1block,1,16,0,16,12.746935844421387
tfmf_2block,1,16,0,17,12.793116569519043
sq_det,1,17,1,12,2.304680824279785
tfmf_1block,1,17,1,19,12.746935844421387
tfmf_2block,1,17,1,9,12.793116569519043
sq_det,1,18,1,16,2.304680824279785
tfmf_1block,1,18,1,20,12.746935844421387
tfmf_2block,1,18,1,18,12.793116569519043
sq_det,1,19,1,15,2.304680824279785
tfmf_1block,1,19,1,12,12.746935844421387
tfmf_2block,1,19,1,14,12.793116569519043
sq_det,1,20,1,9,2.304680824279785
tfmf_1block,1,20,0,14,12.746935844421387
tfmf_2block,1,20,0,14,12.793116569519043
sq_det,1,21,1,10,2.304680824279785
tfmf_1block,1,21,1,15,12.746935844421387
tfmf_2block,1,21,1,15,12.793116569519043
sq_det,1,22,1,12,2.304680824279785
tfmf_1block,1,22,1,20,12.746935844421387
tfmf_2block,1,22,0,12,12.793116569519043
sq_det,1,23,1,10,2.304680824279785
tfmf_1block,1,23,1,20,12.746935844421387
tfmf_2block,1,23,1,14,12.793116569519043
sq_det,1,24,1,28,2.304680824279785
tfmf_1block,1,24,0,14,12.746935844421387
tfmf_2block,1,24,0,20,12.793116569519043
sq_det,1,25,1,11,2.304680824279785
tfmf_1block,1,25,1,13,12.746935844421387
tfmf_2block,1,25,1,17,12.793116569519043
sq_det,1,26,1,10,2.304680824279785
tfmf_1block,1,26,1,17,12.746935844421387
tfmf_2block,1,26,1,8,12.793116569519043
sq_det,1,27,1,15,2.304680824279785
tfmf_1block,1,27,1,16,12.746935844421387
tfmf_2block,1,27,1,16,12.793116569519043
sq_det,1,28,1,13,2.304680824279785
tfmf_1block,1,28,0,10,12.746935844421387
tfmf_2block,1,28,0,20,12.793116569519043
sq_det,1,29,1,13,2.304680824279785
tfmf_1block,1,29,0,17,12.746935844421387
tfmf_2block,1,29,1,15,12.793116569519043
sq_det,1,30,1,7,2.304680824279785
tfmf_1block,1,30,1,17,12.746935844421387
tfmf_2block,1,30,0,9,12.793116569519043
sq_det,1,31,1,13,2.304680824279785
tfmf_1block,1,31,1,11,12.746935844421387
tfmf_2block,1,31,1,12,12.793116569519043
sq_det,1,32,1,14,2.304680824279785
tfmf_1block,1,32,1,12,12.746935844421387
tfmf_2block,1,32,1,17,12.793116569519043
sq_det,1,33,1,9,2.304680824279785
tfmf_1block,1,33,1,14,12.746935844421387
tfmf_2block,1,33,0,17,12.793116569519043
sq_det,1,34,1,14,2.304680824279785
tfmf_1block,1,34,1,13,12.746935844421387
tfmf_2block,1,34,1,10,12.793116569519043
sq_det,1,35,1,8,2.304680824279785
tfmf_1block,1,35,1,26,12.746935844421387
tfmf_2block,1,35,1,12,12.793116569519043
sq_det,1,36,1,9,2.304680824279785
tfmf_1block,1,36,0,7,12.746935844421387
tfmf_2block,1,36,1,13,12.793116569519043
sq_det,1,37,1,4,2.304680824279785
tfmf_1block,1,37,1,13,12.746935844421387
tfmf_2block,1,37,0,13,12.793116569519043
sq_det,1,38,1,8,2.304680824279785
tfmf_1block,1,38,1,21,12.746935844421387
tfmf_2block,1,38,0,10,12.793116569519043
sq_det,1,39,1,13,2.304680824279785
tfmf_1block,1,39,1,16,12.746935844421387
tfmf_2block,1,39,1,12,12.793116569519043
sq_det,1,40,1,12,2.304680824279785
tfmf_1block,1,40,0,10,12.746935844421387
tfmf_2block,1,40,0,14,12.793116569519043
sq_det,1,41,1,15,2.304680824279785
tfmf_1block,1,41,1,15,12.746935844421387
tfmf_2block,1,41,1,22,12.793116569519043
sq_det,1,42,1,13,2.304680824279785
tfmf_1block,1,42,1,16,12.746935844421387
tfmf_2block,1,42,1,14,12.793116569519043
sq_det,1,43,1,10,2.304680824279785
tfmf_1block,1,43,1,13,12.746935844421387
tfmf_2block,1,43,1,14,12.793116569519043
sq_det,1,44,1,10,2.304680824279785
tfmf_1block,1,44,1,20,12.746935844421387
tfmf_2block,1,44,1,18,12.793116569519043
sq_det,1,45,1,6,2.304680824279785
tfmf_1block,1,45,1,15,12.746935844421387
tfmf_2block,1,45,1,17,12.793116569519043
sq_det,1,46,1,9,2.304680824279785
tfmf_1block,1,46,1,19,12.746935844421387
tfmf_2block,1,46,1,10,12.793116569519043
sq_det,1,47,1,7,2.304680824279785
tfmf_1block,1,47,1,14,12.746935844421387
tfmf_2block,1,47,1,17,12.793116569519043
sq_det,1,48,1,14,2.304680824279785
tfmf_1block,1,48,0,15,12.746935844421387
tfmf_2block,1,48,1,17,12.793116569519043
sq_det,1,49,1,9,2.304680824279785
tfmf_1block,1,49,1,18,12.746935844421387
tfmf_2block,1,49,1,15,12.793116569519043
sq_det,2,0,1,14,2.304680824279785
tfmf_1block,2,0,1,16,12.746935844421387
tfmf_2block,2,0,1,20,12.793116569519043
sq_det,2,1,1,14,2.304680824279785
tfmf_1block,2,1,1,16,12.746935844421387
tfmf_2block,2,1,1,20,12.793116569519043
sq_det,2,2,1,15,2.304680824279785
tfmf_1block,2,2,1,22,12.746935844421387
tfmf_2block,2,2,0,21,12.793116569519043
sq_det,2,3,1,12,2.304680824279785
tfmf_1block,2,3,1,29,12.746935844421387
tfmf_2block,2,3,0,18,12.793116569519043
sq_det,2,4,1,13,2.304680824279785
tfmf_1block,2,4,1,9,12.746935844421387
tfmf_2block,2,4,1,9,12.793116569519043
sq_det,2,5,1,11,2.304680824279785
tfmf_1block,2,5,1,26,12.746935844421387
tfmf_2block,2,5,0,15,12.793116569519043
sq_det,2,6,1,16,2.304680824279785
tfmf_1block,2,6,1,19,12.746935844421387
tfmf_2block,2,6,1,17,12.793116569519043
sq_det,2,7,1,12,2.304680824279785
tfmf_1block,2,7,1,25,12.746935844421387
tfmf_2block,2,7,1,20,12.793116569519043
sq_det,2,8,1,10,2.304680824279785
tfmf_1block,2,8,1,20,12.746935844421387
tfmf_2block,2,8,1,19,12.793116569519043
sq_det,2,9,1,9,2.304680824279785
tfmf_1block,2,9,1,12,12.746935844421387
tfmf_2block,2,9,1,19,12.793116569519043
sq_det,2,10,1,16,2.304680824279785
tfmf_1block,2,10,1,36,12.746935844421387
tfmf_2block,2,10,1,23,12.793116569519043
sq_det,2,11,1,17,2.304680824279785
tfmf_1block,2,11,1,24,12.746935844421387
tfmf_2block,2,11,1,23,12.793116569519043
sq_det,2,12,1,13,2.304680824279785
tfmf_1block,2,12,1,21,12.746935844421387
tfmf_2block,2,12,1,27,12.793116569519043
sq_det,2,13,1,14,2.304680824279785
tfmf_1block,2,13,1,17,12.746935844421387
tfmf_2block,2,13,1,12,12.793116569519043
sq_det,2,14,1,11,2.304680824279785
tfmf_1block,2,14,1,21,12.746935844421387
tfmf_2block,2,14,1,27,12.793116569519043
sq_det,2,15,1,12,2.304680824279785
tfmf_1block,2,15,1,14,12.746935844421387
tfmf_2block,2,15,1,19,12.793116569519043
sq_det,2,16,1,15,2.304680824279785
tfmf_1block,2,16,1,16,12.746935844421387
tfmf_2block,2,16,0,13,12.793116569519043
sq_det,2,17,1,15,2.304680824279785
tfmf_1block,2,17,1,12,12.746935844421387
tfmf_2block,2,17,0,15,12.793116569519043
sq_det,2,18,1,13,2.304680824279785
tfmf_1block,2,18,1,19,12.746935844421387
tfmf_2block,2,18,1,16,12.793116569519043
sq_det,2,19,1,15,2.304680824279785
tfmf_1block,2,19,1,16,12.746935844421387
tfmf_2block,2,19,1,15,12.793116569519043
sq_det,2,20,1,17,2.304680824279785
tfmf_1block,2,20,0,17,12.746935844421387
tfmf_2block,2,20,1,14,12.793116569519043
sq_det,2,21,1,14,2.304680824279785
tfmf_1block,2,21,1,21,12.746935844421387
tfmf_2block,2,21,1,15,12.793116569519043
sq_det,2,22,1,14,2.304680824279785
tfmf_1block,2,22,1,22,12.746935844421387
tfmf_2block,2,22,1,25,12.793116569519043
sq_det,2,23,1,9,2.304680824279785
tfmf_1block,2,23,1,16,12.746935844421387
tfmf_2block,2,23,1,17,12.793116569519043
sq_det,2,24,1,21,2.304680824279785
tfmf_1block,2,24,1,23,12.746935844421387
tfmf_2block,2,24,1,21,12.793116569519043
sq_det,2,25,1,15,2.304680824279785
tfmf_1block,2,25,1,21,12.746935844421387
tfmf_2block,2,25,1,22,12.793116569519043
sq_det,2,26,1,14,2.304680824279785
tfmf_1block,2,26,1,17,12.746935844421387
tfmf_2block,2,26,1,20,12.793116569519043
sq_det,2,27,1,11,2.304680824279785
tfmf_1block,2,27,1,29,12.746935844421387
tfmf_2block,2,27,1,24,12.793116569519043
sq_det,2,28,1,19,2.304680824279785
tfmf_1block,2,28,1,13,12.746935844421387
tfmf_2block,2,28,1,24,12.793116569519043
sq_det,2,29,1,16,2.304680824279785
tfmf_1block,2,29,1,28,12.746935844421387
tfmf_2block,2,29,1,22,12.793116569519043
sq_det,2,30,1,19,2.304680824279785
tfmf_1block,2,30,0,15,12.746935844421387
tfmf_2block,2,30,1,19,12.793116569519043
sq_det,2,31,1,16,2.304680824279785
tfmf_1block,2,31,1,21,12.746935844421387
tfmf_2block,2,31,1,18,12.793116569519043
sq_det,2,32,1,12,2.304680824279785
tfmf_1block,2,32,1,22,12.746935844421387
tfmf_2block,2,32,1,24,12.793116569519043
sq_det,2,33,1,15,2.304680824279785
tfmf_1block,2,33,1,23,12.746935844421387
tfmf_2block,2,33,0,17,12.793116569519043
sq_det,2,34,1,15,2.304680824279785
tfmf_1block,2,34,1,17,12.746935844421387
tfmf_2block,2,34,1,18,12.793116569519043
sq_det,2,35,1,14,2.304680824279785
tfmf_1block,2,35,1,19,12.746935844421387
tfmf_2block,2,35,1,20,12.793116569519043
sq_det,2,36,1,13,2.304680824279785
tfmf_1block,2,36,1,15,12.746935844421387
tfmf_2block,2,36,0,20,12.793116569519043
sq_det,2,37,1,11,2.304680824279785
tfmf_1block,2,37,1,16,12.746935844421387
tfmf_2block,2,37,1,13,12.793116569519043
sq_det,2,38,1,13,2.304680824279785
tfmf_1block,2,38,1,15,12.746935844421387
tfmf_2block,2,38,1,18,12.793116569519043
sq_det,2,39,1,12,2.304680824279785
tfmf_1block,2,39,1,35,12.746935844421387
tfmf_2block,2,39,1,22,12.793116569519043
sq_det,2,40,1,18,2.304680824279785
tfmf_1block,2,40,1,17,12.746935844421387
tfmf_2block,2,40,1,13,12.793116569519043
sq_det,2,41,1,17,2.304680824279785
tfmf_1block,2,41,1,17,12.746935844421387
tfmf_2block,2,41,1,26,12.793116569519043
sq_det,2,42,1,12,2.304680824279785
tfmf_1block,2,42,1,15,12.746935844421387
tfmf_2block,2,42,1,21,12.793116569519043
sq_det,2,43,1,12,2.304680824279785
tfmf_1block,2,43,1,22,12.746935844421387
tfmf_2block,2,43,1,18,12.793116569519043
sq_det,2,44,1,25,2.304680824279785
tfmf_1block,2,44,1,24,12.746935844421387
tfmf_2block,2,44,1,9,12.793116569519043
sq_det,2,45,1,19,2.304680824279785
tfmf_1block,2,45,1,17,12.746935844421387
tfmf_2block,2,45,1,14,12.793116569519043
sq_det,2,46,1,21,2.304680824279785
tfmf_1block,2,46,1,19,12.746935844421387
tfmf_2block,2,46,1,14,12.793116569519043
sq_det,2,47,1,18,2.304680824279785
tfmf_1block,2,47,1,15,12.746935844421387
tfmf_2block,2,47,1,9,12.793116569519043
sq_det,2,48,1,4,2.304680824279785
tfmf_1block,2,48,0,13,12.746935844421387
tfmf_2block,2,48,1,12,12.793116569519043
sq_det,2,49,1,9,2.304680824279785
tfmf_1block,2,49,1,9,12.746935844421387
tfmf_2block,2,49,0,14,12.793116569519043
sq_det,3,0,1,15,2.304680824279785
tfmf_1block,3,0,1,29,12.746935844421387
tfmf_2block,3,0,1,26,12.793116569519043
sq_det,3,1,1,15,2.304680824279785
tfmf_1block,3,1,1,27,12.746935844421387
tfmf_2block,3,1,1,27,12.793116569519043
sq_det,3,2,1,21,2.304680824279785
tfmf_1block,3,2,1,29,12.746935844421387
tfmf_2block,3,2,1,26,12.793116569519043
sq_det,3,3,1,14,2.304680824279785
tfmf_1block,3,3,1,35,12.746935844421387
tfmf_2block,3,3,1,31,12.793116569519043
sq_det,3,4,1,15,2.304680824279785
tfmf_1block,3,4,1,28,12.746935844421387
tfmf_2block,3,4,1,24,12.793116569519043
sq_det,3,5,1,18,2.304680824279785
tfmf_1block,3,5,1,27,12.746935844421387
tfmf_2block,3,5,1,32,12.793116569519043
sq_det,3,6,1,9,2.304680824279785
tfmf_1block,3,6,1,34,12.746935844421387
tfmf_2block,3,6,1,31,12.793116569519043
sq_det,3,7,1,13,2.304680824279785
tfmf_1block,3,7,1,28,12.746935844421387
tfmf_2block,3,7,1,21,12.793116569519043
sq_det,3,8,1,18,2.304680824279785
tfmf_1block,3,8,1,24,12.746935844421387
tfmf_2block,3,8,1,30,12.793116569519043
sq_det,3,9,1,20,2.304680824279785
tfmf_1block,3,9,1,25,12.746935844421387
tfmf_2block,3,9,1,35,12.793116569519043
sq_det,3,10,1,12,2.304680824279785
tfmf_1block,3,10,1,26,12.746935844421387
tfmf_2block,3,10,1,20,12.793116569519043
sq_det,3,11,1,17,2.304680824279785
tfmf_1block,3,11,1,24,12.746935844421387
tfmf_2block,3,11,1,11,12.793116569519043
sq_det,3,12,1,13,2.304680824279785
tfmf_1block,3,12,1,30,12.746935844421387
tfmf_2block,3,12,1,43,12.793116569519043
sq_det,3,13,1,9,2.304680824279785
tfmf_1block,3,13,1,29,12.746935844421387
tfmf_2block,3,13,1,28,12.793116569519043
sq_det,3,14,1,25,2.304680824279785
tfmf_1block,3,14,1,39,12.746935844421387
tfmf_2block,3,14,1,29,12.793116569519043
sq_det,3,15,1,15,2.304680824279785
tfmf_1block,3,15,1,22,12.746935844421387
tfmf_2block,3,15,1,24,12.793116569519043
sq_det,3,16,1,18,2.304680824279785
tfmf_1block,3,16,1,31,12.746935844421387
tfmf_2block,3,16,1,33,12.793116569519043
sq_det,3,17,1,13,2.304680824279785
tfmf_1block,3,17,1,24,12.746935844421387
tfmf_2block,3,17,1,37,12.793116569519043
sq_det,3,18,1,17,2.304680824279785
tfmf_1block,3,18,1,23,12.746935844421387
tfmf_2block,3,18,1,23,12.793116569519043
sq_det,3,19,1,15,2.304680824279785
tfmf_1block,3,19,1,30,12.746935844421387
tfmf_2block,3,19,1,30,12.793116569519043
sq_det,3,20,1,21,2.304680824279785
tfmf_1block,3,20,1,27,12.746935844421387
tfmf_2block,3,20,1,28,12.793116569519043
sq_det,3,21,1,22,2.304680824279785
tfmf_1block,3,21,1,25,12.746935844421387
tfmf_2block,3,21,1,30,12.793116569519043
sq_det,3,22,1,15,2.304680824279785
tfmf_1block,3,22,1,27,12.746935844421387
tfmf_2block,3,22,1,29,12.793116569519043
sq_det,3,23,1,18,2.304680824279785
tfmf_1block,3,23,1,35,12.746935844421387
tfmf_2block,3,23,1,16,12.793116569519043
sq_det,3,24,1,20,2.304680824279785
tfmf_1block,3,24,1,20,12.746935844421387
tfmf_2block,3,24,1,25,12.793116569519043
sq_det,3,25,1,14,2.304680824279785
tfmf_1block,3,25,1,29,12.746935844421387
tfmf_2block,3,25,1,24,12.793116569519043
sq_det,3,26,1,19,2.304680824279785
tfmf_1block,3,26,1,33,12.746935844421387
tfmf_2block,3,26,1,35,12.793116569519043
sq_det,3,27,1,17,2.304680824279785
tfmf_1block,3,27,1,22,12.746935844421387
tfmf_2block,3,27,1,19,12.793116569519043
sq_det,3,28,1,17,2.304680824279785
tfmf_1block,3,28,1,20,12.746935844421387
tfmf_2block,3,28,1,17,12.793116569519043
sq_det,3,29,1,18,2.304680824279785
tfmf_1block,3,29,1,25,12.746935844421387
tfmf_2block,3,29,1,16,12.793116569519043
sq_det,3,30,1,18,2.304680824279785
tfmf_1block,3,30,1,26,12.746935844421387
tfmf_2block,3,30,1,25,12.793116569519043
sq_det,3,31,1,16,2.304680824279785
tfmf_1block,3,31,0,15,12.746935844421387
tfmf_2block,3,31,1,27,12.793116569519043
sq_det,3,32,1,20,2.304680824279785
tfmf_1block,3,32,1,17,12.746935844421387
tfmf_2block,3,32,1,18,12.793116569519043
sq_det,3,33,1,14,2.304680824279785
tfmf_1block,3,33,1,30,12.746935844421387
tfmf_2block,3,33,1,40,12.793116569519043
sq_det,3,34,1,16,2.304680824279785
tfmf_1block,3,34,1,20,12.746935844421387
tfmf_2block,3,34,1,14,12.793116569519043
sq_det,3,35,1,16,2.304680824279785
tfmf_1block,3,35,1,39,12.746935844421387
tfmf_2block,3,35,1,27,12.793116569519043
sq_det,3,36,1,17,2.304680824279785
tfmf_1block,3,36,1,24,12.746935844421387
tfmf_2block,3,36,1,37,12.793116569519043
sq_det,3,37,1,15,2.304680824279785
tfmf_1block,3,37,1,33,12.746935844421387
tfmf_2block,3,37,1,18,12.793116569519043
sq_det,3,38,1,10,2.304680824279785
tfmf_1block,3,38,1,28,12.746935844421387
tfmf_2block,3,38,1,24,12.793116569519043
sq_det,3,39,1,10,2.304680824279785
tfmf_1block,3,39,1,30,12.746935844421387
tfmf_2block,3,39,1,26,12.793116569519043
sq_det,3,40,1,19,2.304680824279785
tfmf_1block,3,40,1,26,12.746935844421387
tfmf_2block,3,40,1,33,12.793116569519043
sq_det,3,41,1,17,2.304680824279785
tfmf_1block,3,41,1,21,12.746935844421387
tfmf_2block,3,41,1,18,12.793116569519043
sq_det,3,42,1,14,2.304680824279785
tfmf_1block,3,42,1,32,12.746935844421387
tfmf_2block,3,42,1,25,12.793116569519043
sq_det,3,43,1,17,2.304680824279785
tfmf_1block,3,43,1,43,12.746935844421387
tfmf_2block,3,43,1,33,12.793116569519043
sq_det,3,44,1,14,2.304680824279785
tfmf_1block,3,44,1,23,12.746935844421387
tfmf_2block,3,44,1,22,12.793116569519043
sq_det,3,45,1,13,2.304680824279785
tfmf_1block,3,45,1,16,12.746935844421387
tfmf_2block,3,45,1,31,12.793116569519043
sq_det,3,46,1,21,2.304680824279785
tfmf_1block,3,46,1,25,12.746935844421387
tfmf_2block,3,46,1,26,12.793116569519043
sq_det,3,47,1,17,2.304680824279785
tfmf_1block,3,47,1,21,12.746935844421387
tfmf_2block,3,47,1,26,12.793116569519043
sq_det,3,48,1,19,2.304680824279785
tfmf_1block,3,48,1,20,12.746935844421387
tfmf_2block,3,48,1,22,12.793116569519043
sq_det,3,49,1,10,2.304680824279785
tfmf_1block,3,49,1,19,12.746935844421387
tfmf_2block,3,49,1,23,12.793116569519043
sq_det,4,0,1,25,2.304680824279785
tfmf_1block,4,0,1,32,12.746935844421387
tfmf_2block,4,0,1,50,12.793116569519043
sq_det,4,1,1,16,2.304680824279785
tfmf_1block,4,1,1,36,12.746935844421387
tfmf_2block,4,1,1,40,12.793116569519043
sq_det,4,2,1,20,2.304680824279785
tfmf_1block,4,2,1,34,12.746935844421387
tfmf_2block,4,2,1,44,12.793116569519043
sq_det,4,3,1,15,2.304680824279785
tfmf_1block,4,3,1,33,12.746935844421387
tfmf_2block,4,3,1,34,12.793116569519043
sq_det,4,4,1,20,2.304680824279785
tfmf_1block,4,4,1,36,12.746935844421387
tfmf_2block,4,4,1,36,12.793116569519043
sq_det,4,5,1,14,2.304680824279785
tfmf_1block,4,5,1,42,12.746935844421387
tfmf_2block,4,5,1,39,12.793116569519043
sq_det,4,6,1,17,2.304680824279785
tfmf_1block,4,6,1,31,12.746935844421387
tfmf_2block,4,6,1,52,12.793116569519043
sq_det,4,7,1,16,2.304680824279785
tfmf_1block,4,7,1,36,12.746935844421387
tfmf_2block,4,7,1,46,12.793116569519043
sq_det,4,8,1,22,2.304680824279785
tfmf_1block,4,8,1,34,12.746935844421387
tfmf_2block,4,8,1,34,12.793116569519043
sq_det,4,9,1,18,2.304680824279785
tfmf_1block,4,9,1,45,12.746935844421387
tfmf_2block,4,9,1,40,12.793116569519043
sq_det,4,10,1,19,2.304680824279785
tfmf_1block,4,10,1,35,12.746935844421387
tfmf_2block,4,10,1,27,12.793116569519043
sq_det,4,11,1,23,2.304680824279785
tfmf_1block,4,11,1,34,12.746935844421387
tfmf_2block,4,11,1,33,12.793116569519043
sq_det,4,12,1,17,2.304680824279785
tfmf_1block,4,12,1,32,12.746935844421387
tfmf_2block,4,12,1,29,12.793116569519043
sq_det,4,13,1,26,2.304680824279785
tfmf_1block,4,13,1,44,12.746935844421387
tfmf_2block,4,13,1,50,12.793116569519043
sq_det,4,14,1,19,2.304680824279785
tfmf_1block,4,14,1,28,12.746935844421387
tfmf_2block,4,14,1,34,12.793116569519043
sq_det,4,15,1,14,2.304680824279785
tfmf_1block,4,15,1,38,12.746935844421387
tfmf_2block,4,15,1,34,12.793116569519043
sq_det,4,16,1,12,2.304680824279785
tfmf_1block,4,16,1,44,12.746935844421387
tfmf_2block,4,16,1,55,12.793116569519043
sq_det,4,17,1,14,2.304680824279785
tfmf_1block,4,17,1,36,12.746935844421387
tfmf_2block,4,17,1,32,12.793116569519043
sq_det,4,18,1,16,2.304680824279785
tfmf_1block,4,18,1,41,12.746935844421387
tfmf_2block,4,18,1,41,12.793116569519043
sq_det,4,19,1,13,2.304680824279785
tfmf_1block,4,19,1,46,12.746935844421387
tfmf_2block,4,19,1,34,12.793116569519043
sq_det,4,20,1,19,2.304680824279785
tfmf_1block,4,20,1,39,12.746935844421387
tfmf_2block,4,20,1,50,12.793116569519043
sq_det,4,21,1,17,2.304680824279785
tfmf_1block,4,21,1,57,12.746935844421387
tfmf_2block,4,21,1,59,12.793116569519043
sq_det,4,22,1,17,2.304680824279785
tfmf_1block,4,22,1,24,12.746935844421387
tfmf_2block,4,22,1,40,12.793116569519043
sq_det,4,23,1,17,2.304680824279785
tfmf_1block,4,23,1,39,12.746935844421387
tfmf_2block,4,23,1,47,12.793116569519043
sq_det,4,24,1,19,2.304680824279785
tfmf_1block,4,24,1,44,12.746935844421387
tfmf_2block,4,24,1,34,12.793116569519043
sq_det,4,25,1,16,2.304680824279785
tfmf_1block,4,25,1,50,12.746935844421387
tfmf_2block,4,25,1,39,12.793116569519043
sq_det,4,26,1,20,2.304680824279785
tfmf_1block,4,26,1,30,12.746935844421387
tfmf_2block,4,26,1,30,12.793116569519043
sq_det,4,27,1,16,2.304680824279785
tfmf_1block,4,27,1,50,12.746935844421387
tfmf_2block,4,27,1,66,12.793116569519043
sq_det,4,28,1,18,2.304680824279785
tfmf_1block,4,28,1,43,12.746935844421387
tfmf_2block,4,28,1,42,12.793116569519043
sq_det,4,29,1,18,2.304680824279785
tfmf_1block,4,29,1,27,12.746935844421387
tfmf_2block,4,29,1,36,12.793116569519043
sq_det,4,30,1,21,2.304680824279785
tfmf_1block,4,30,1,54,12.746935844421387
tfmf_2block,4,30,1,48,12.793116569519043
sq_det,4,31,1,20,2.304680824279785
tfmf_1block,4,31,1,30,12.746935844421387
tfmf_2block,4,31,1,45,12.793116569519043
sq_det,4,32,1,16,2.304680824279785
tfmf_1block,4,32,1,34,12.746935844421387
tfmf_2block,4,32,1,45,12.793116569519043
sq_det,4,33,1,15,2.304680824279785
tfmf_1block,4,33,1,42,12.746935844421387
tfmf_2block,4,33,1,46,12.793116569519043
sq_det,4,34,1,19,2.304680824279785
tfmf_1block,4,34,1,29,12.746935844421387
tfmf_2block,4,34,1,33,12.793116569519043
sq_det,4,35,1,19,2.304680824279785
tfmf_1block,4,35,1,30,12.746935844421387
tfmf_2block,4,35,1,54,12.793116569519043
sq_det,4,36,1,21,2.304680824279785
tfmf_1block,4,36,1,41,12.746935844421387
tfmf_2block,4,36,1,32,12.793116569519043
sq_det,4,37,1,17,2.304680824279785
tfmf_1block,4,37,1,28,12.746935844421387
tfmf_2block,4,37,1,30,12.793116569519043
sq_det,4,38,1,19,2.304680824279785
tfmf_1block,4,38,1,45,12.746935844421387
tfmf_2block,4,38,1,48,12.793116569519043
sq_det,4,39,1,14,2.304680824279785
tfmf_1block,4,39,1,33,12.746935844421387
tfmf_2block,4,39,1,29,12.793116569519043
sq_det,4,40,1,22,2.304680824279785
tfmf_1block,4,40,1,29,12.746935844421387
tfmf_2block,4,40,1,41,12.793116569519043
sq_det,4,41,1,22,2.304680824279785
tfmf_1block,4,41,1,46,12.746935844421387
tfmf_2block,4,41,1,41,12.793116569519043
sq_det,4,42,1,15,2.304680824279785
tfmf_1block,4,42,1,31,12.746935844421387
tfmf_2block,4,42,1,31,12.793116569519043
sq_det,4,43,1,23,2.304680824279785
tfmf_1block,4,43,1,47,12.746935844421387
tfmf_2block,4,43,1,47,12.793116569519043
sq_det,4,44,1,18,2.304680824279785
tfmf_1block,4,44,1,42,12.746935844421387
tfmf_2block,4,44,1,49,12.793116569519043
sq_det,4,45,1,16,2.304680824279785
tfmf_1block,4,45,1,40,12.746935844421387
tfmf_2block,4,45,1,28,12.793116569519043
sq_det,4,46,1,20,2.304680824279785
tfmf_1block,4,46,1,36,12.746935844421387
tfmf_2block,4,46,1,44,12.793116569519043
sq_det,4,47,1,15,2.304680824279785
tfmf_1block,4,47,1,32,12.746935844421387
tfmf_2block,4,47,1,28,12.793116569519043
sq_det,4,48,1,10,2.304680824279785
tfmf_1block,4,48,1,28,12.746935844421387
tfmf_2block,4,48,1,40,12.793116569519043
sq_det,4,49,1,13,2.304680824279785
tfmf_1block,4,49,1,34,12.746935844421387
tfmf_2block,4,49,1,46,12.793116569519043
sq_det,5,0,1,19,2.304680824279785
tfmf_1block,5,0,1,54,12.746935844421387
tfmf_2block,5,0,1,74,12.793116569519043
sq_det,5,1,1,16,2.304680824279785
tfmf_1block,5,1,1,50,12.746935844421387
tfmf_2block,5,1,1,57,12.793116569519043
sq_det,5,2,1,21,2.304680824279785
tfmf_1block,5,2,1,69,12.746935844421387
tfmf_2block,5,2,1,66,12.793116569519043
sq_det,5,3,1,13,2.304680824279785
tfmf_1block,5,3,1,78,12.746935844421387
tfmf_2block,5,3,1,72,12.793116569519043
sq_det,5,4,1,17,2.304680824279785
tfmf_1block,5,4,1,69,12.746935844421387
tfmf_2block,5,4,1,69,12.793116569519043
sq_det,5,5,1,22,2.304680824279785
tfmf_1block,5,5,1,62,12.746935844421387
tfmf_2block,5,5,1,73,12.793116569519043
sq_det,5,6,1,20,2.304680824279785
tfmf_1block,5,6,1,59,12.746935844421387
tfmf_2block,5,6,1,61,12.793116569519043
sq_det,5,7,1,18,2.304680824279785
tfmf_1block,5,7,1,49,12.746935844421387
tfmf_2block,5,7,1,65,12.793116569519043
sq_det,5,8,1,15,2.304680824279785
tfmf_1block,5,8,1,75,12.746935844421387
tfmf_2block,5,8,1,68,12.793116569519043
sq_det,5,9,1,18,2.304680824279785
tfmf_1block,5,9,1,67,12.746935844421387
tfmf_2block,5,9,1,86,12.793116569519043
sq_det,5,10,1,13,2.304680824279785
tfmf_1block,5,10,1,55,12.746935844421387
tfmf_2block,5,10,1,44,12.793116569519043
sq_det,5,11,1,13,2.304680824279785
tfmf_1block,5,11,1,61,12.746935844421387
tfmf_2block,5,11,1,62,12.793116569519043
sq_det,5,12,1,14,2.304680824279785
tfmf_1block,5,12,1,75,12.746935844421387
tfmf_2block,5,12,1,98,12.793116569519043
sq_det,5,13,1,20,2.304680824279785
tfmf_1block,5,13,1,60,12.746935844421387
tfmf_2block,5,13,1,58,12.793116569519043
sq_det,5,14,1,9,2.304680824279785
tfmf_1block,5,14,1,70,12.746935844421387
tfmf_2block,5,14,1,74,12.793116569519043
sq_det,5,15,1,18,2.304680824279785
tfmf_1block,5,15,1,61,12.746935844421387
tfmf_2block,5,15,1,72,12.793116569519043
sq_det,5,16,1,18,2.304680824279785
tfmf_1block,5,16,1,55,12.746935844421387
tfmf_2block,5,16,1,61,12.793116569519043
sq_det,5,17,1,16,2.304680824279785
tfmf_1block,5,17,1,69,12.746935844421387
tfmf_2block,5,17,1,59,12.793116569519043
sq_det,5,18,1,15,2.304680824279785
tfmf_1block,5,18,1,58,12.746935844421387
tfmf_2block,5,18,1,87,12.793116569519043
sq_det,5,19,1,11,2.304680824279785
tfmf_1block,5,19,1,55,12.746935844421387
tfmf_2block,5,19,1,70,12.793116569519043
sq_det,5,20,1,19,2.304680824279785
tfmf_1block,5,20,1,73,12.746935844421387
tfmf_2block,5,20,1,57,12.793116569519043
sq_det,5,21,1,23,2.304680824279785
tfmf_1block,5,21,1,57,12.746935844421387
tfmf_2block,5,21,1,73,12.793116569519043
sq_det,5,22,1,15,2.304680824279785
tfmf_1block,5,22,1,58,12.746935844421387
tfmf_2block,5,22,1,68,12.793116569519043
sq_det,5,23,1,21,2.304680824279785
tfmf_1block,5,23,1,60,12.746935844421387
tfmf_2block,5,23,1,63,12.793116569519043
sq_det,5,24,1,22,2.304680824279785
tfmf_1block,5,24,1,59,12.746935844421387
tfmf_2block,5,24,1,61,12.793116569519043
sq_det,5,25,1,29,2.304680824279785
tfmf_1block,5,25,1,57,12.746935844421387
tfmf_2block,5,25,1,60,12.793116569519043
sq_det,5,26,1,18,2.304680824279785
tfmf_1block,5,26,1,68,12.746935844421387
tfmf_2block,5,26,1,88,12.793116569519043
sq_det,5,27,1,18,2.304680824279785
tfmf_1block,5,27,1,62,12.746935844421387
tfmf_2block,5,27,1,57,12.793116569519043
sq_det,5,28,1,16,2.304680824279785
tfmf_1block,5,28,1,63,12.746935844421387
tfmf_2block,5,28,1,48,12.793116569519043
sq_det,5,29,1,21,2.304680824279785
tfmf_1block,5,29,1,68,12.746935844421387
tfmf_2block,5,29,1,68,12.793116569519043
sq_det,5,30,1,13,2.304680824279785
tfmf_1block,5,30,1,59,12.746935844421387
tfmf_2block,5,30,1,57,12.793116569519043
sq_det,5,31,1,17,2.304680824279785
tfmf_1block,5,31,1,52,12.746935844421387
tfmf_2block,5,31,1,45,12.793116569519043
sq_det,5,32,1,17,2.304680824279785
tfmf_1block,5,32,1,62,12.746935844421387
tfmf_2block,5,32,1,75,12.793116569519043
sq_det,5,33,1,20,2.304680824279785
tfmf_1block,5,33,1,59,12.746935844421387
tfmf_2block,5,33,1,58,12.793116569519043
sq_det,5,34,1,18,2.304680824279785
tfmf_1block,5,34,1,58,12.746935844421387
tfmf_2block,5,34,1,55,12.793116569519043
sq_det,5,35,1,23,2.304680824279785
tfmf_1block,5,35,1,60,12.746935844421387
tfmf_2block,5,35,1,89,12.793116569519043
sq_det,5,36,1,18,2.304680824279785
tfmf_1block,5,36,1,50,12.746935844421387
tfmf_2block,5,36,1,49,12.793116569519043
sq_det,5,37,1,18,2.304680824279785
tfmf_1block,5,37,1,68,12.746935844421387
tfmf_2block,5,37,1,86,12.793116569519043
sq_det,5,38,1,16,2.304680824279785
tfmf_1block,5,38,1,83,12.746935844421387
tfmf_2block,5,38,1,95,12.793116569519043
sq_det,5,39,1,16,2.304680824279785
tfmf_1block,5,39,1,72,12.746935844421387
tfmf_2block,5,39,1,76,12.793116569519043
sq_det,5,40,1,21,2.304680824279785
tfmf_1block,5,40,1,60,12.746935844421387
tfmf_2block,5,40,1,73,12.793116569519043
sq_det,5,41,1,17,2.304680824279785
tfmf_1block,5,41,1,62,12.746935844421387
tfmf_2block,5,41,1,68,12.793116569519043
sq_det,5,42,1,17,2.304680824279785
tfmf_1block,5,42,1,77,12.746935844421387
tfmf_2block,5,42,1,84,12.793116569519043
sq_det,5,43,1,15,2.304680824279785
tfmf_1block,5,43,1,66,12.746935844421387
tfmf_2block,5,43,1,75,12.793116569519043
sq_det,5,44,1,15,2.304680824279785
tfmf_1block,5,44,1,64,12.746935844421387
tfmf_2block,5,44,1,90,12.793116569519043
sq_det,5,45,1,20,2.304680824279785
tfmf_1block,5,45,1,69,12.746935844421387
tfmf_2block,5,45,1,83,12.793116569519043
sq_det,5,46,1,15,2.304680824279785
tfmf_1block,5,46,1,85,12.746935844421387
tfmf_2block,5,46,1,101,12.793116569519043
sq_det,5,47,1,13,2.304680824279785
tfmf_1block,5,47,1,59,12.746935844421387
tfmf_2block,5,47,1,62,12.793116569519043
sq_det,5,48,1,16,2.304680824279785
tfmf_1block,5,48,1,67,12.746935844421387
tfmf_2block,5,48,1,68,12.793116569519043
sq_det,5,49,1,19,2.304680824279785
tfmf_1block,5,49,1,63,12.746935844421387
tfmf_2block,5,49,1,72,12.793116569519043
